#
# There is insufficient memory for the Java Runtime Environment to continue.
# Native memory allocation (malloc) failed to allocate 1165776 bytes. Error detail: Chunk::new
# Possible reasons:
#   The system is out of physical RAM or swap space
#   This process is running with CompressedOops enabled, and the Java Heap may be blocking the growth of the native heap
# Possible solutions:
#   Reduce memory load on the system
#   Increase physical memory or swap space
#   Check if swap backing store is full
#   Decrease Java heap size (-Xmx/-Xms)
#   Decrease number of Java threads
#   Decrease Java thread stack sizes (-Xss)
#   Set larger code cache with -XX:ReservedCodeCacheSize=
#   JVM is running with Unscaled Compressed Oops mode in which the Java heap is
#     placed in the first 4GB address space. The Java Heap base address is the
#     maximum limit for the native heap growth. Please use -XX:HeapBaseMinAddress
#     to set the Java Heap base and to place the Java Heap above 4GB virtual address.
# This output file may be truncated or incomplete.
#
#  Out of Memory Error (arena.cpp:191), pid=9368, tid=10300
#
# JRE version: OpenJDK Runtime Environment Temurin-17.0.18+8 (17.0.18+8) (build 17.0.18+8)
# Java VM: OpenJDK 64-Bit Server VM Temurin-17.0.18+8 (17.0.18+8, mixed mode, sharing, tiered, compressed oops, compressed class ptrs, g1 gc, windows-amd64)
# No core dump will be written. Minidumps are not enabled by default on client versions of Windows
#

---------------  S U M M A R Y ------------

Command Line: --add-opens=java.base/java.lang=ALL-UNNAMED --add-opens=java.base/java.lang.invoke=ALL-UNNAMED --add-opens=java.base/java.util=ALL-UNNAMED --add-opens=java.prefs/java.util.prefs=ALL-UNNAMED --add-exports=jdk.compiler/com.sun.tools.javac.api=ALL-UNNAMED --add-exports=jdk.compiler/com.sun.tools.javac.util=ALL-UNNAMED --add-opens=java.base/java.util=ALL-UNNAMED --add-opens=java.prefs/java.util.prefs=ALL-UNNAMED --add-opens=java.base/java.nio.charset=ALL-UNNAMED --add-opens=java.base/java.net=ALL-UNNAMED --add-opens=java.base/java.util.concurrent=ALL-UNNAMED --add-opens=java.base/java.util.concurrent.atomic=ALL-UNNAMED --add-opens=java.xml/javax.xml.namespace=ALL-UNNAMED --add-opens=java.base/java.time=ALL-UNNAMED -Xmx2048m -Dfile.encoding=UTF-8 -Duser.country=IN -Duser.language=en -Duser.variant -javaagent:C:\Users\welcome\.gradle\wrapper\dists\gradle-9.3.1-bin\23ovyewtku6u96viwx3xl3oks\gradle-9.3.1\lib\agents\gradle-instrumentation-agent-9.3.1.jar org.gradle.launcher.daemon.bootstrap.GradleDaemon 9.3.1

Host: 11th Gen Intel(R) Core(TM) i5-1155G7 @ 2.50GHz, 8 cores, 3G,  Windows 10 , 64 bit Build 19041 (10.0.19041.6807)
Time: Thu Mar 26 09:49:40 2026 India Standard Time elapsed time: 2671.949273 seconds (0d 0h 44m 31s)

---------------  T H R E A D  ---------------

Current thread (0x000001adfe88c840):  JavaThread "C2 CompilerThread0" daemon [_thread_in_native, id=10300, stack(0x0000009c54800000,0x0000009c54900000)]


Current CompileTask:
C2:2671950 20391       4       org.gradle.api.internal.artifacts.ivyservice.resolveengine.graph.builder.NodeState::visitDependencies (149 bytes)

Stack: [0x0000009c54800000,0x0000009c54900000]
Native frames: (J=compiled Java code, j=interpreted, Vv=VM code, C=native code)
V  [jvm.dll+0x6846f9]
V  [jvm.dll+0x839ea5]
V  [jvm.dll+0x83b91e]
V  [jvm.dll+0x83bfa3]
V  [jvm.dll+0x248eff]
V  [jvm.dll+0xad496]
V  [jvm.dll+0xadb3c]
V  [jvm.dll+0x368bcf]
V  [jvm.dll+0x1bc1ef]
V  [jvm.dll+0x219f10]
V  [jvm.dll+0x219200]
V  [jvm.dll+0x1a4920]
V  [jvm.dll+0x22989a]
V  [jvm.dll+0x227a4b]
V  [jvm.dll+0x7f0658]
V  [jvm.dll+0x7eaaec]
V  [jvm.dll+0x6835c7]
C  [ucrtbase.dll+0x21bb2]
C  [KERNEL32.DLL+0x17374]
C  [ntdll.dll+0x4cc91]


---------------  P R O C E S S  ---------------

Threads class SMR info:
_java_thread_list=0x000001ade47f1770, length=92, elements={
0x000001adfb064960, 0x000001adfe843350, 0x000001adfe843e20, 0x000001adfe858c80,
0x000001adfe85b560, 0x000001adfe85be30, 0x000001adfe86bc30, 0x000001adfe88c840,
0x000001adfe88d150, 0x000001adfe88da60, 0x000001adfe82c680, 0x000001ad9ad74dd0,
0x000001ade13d9350, 0x000001ade0815e10, 0x000001ade0ee3c90, 0x000001ade2085e90,
0x000001ade2084f60, 0x000001ade2085470, 0x000001ade2089130, 0x000001ade2087cf0,
0x000001ade2088200, 0x000001ade2085980, 0x000001ade2088c20, 0x000001ade2089b50,
0x000001ade429bd60, 0x000001ade429ae30, 0x000001ade429b850, 0x000001ade429f510,
0x000001ade42a0e60, 0x000001ade19ec300, 0x000001ade19ea9b0, 0x000001ade5de3960,
0x000001ade429fa20, 0x000001ade5de3450, 0x000001ade2083100, 0x000001ade19ef5a0,
0x000001ade19eeb80, 0x000001ade5de10e0, 0x000001ade5ddf280, 0x000001ade5de3e70,
0x000001ade5de4380, 0x000001ade5dded70, 0x000001ade5de0bd0, 0x000001ade5de15f0,
0x000001ade5ddf790, 0x000001ade5de4890, 0x000001ade5de4da0, 0x000001ade5de01b0,
0x000001ade5de57c0, 0x000001ade5dde350, 0x000001ade5de2520, 0x000001ade5de5cd0,
0x000001ade5de1b00, 0x000001ade5de2010, 0x000001ade5dde860, 0x000001ad9ac72e50,
0x000001ad9ac747a0, 0x000001ad9ac6e770, 0x000001ad9ac73360, 0x000001ad9ac74cb0,
0x000001ad9ac6f6a0, 0x000001ad9ac700c0, 0x000001ad9ac72430, 0x000001ad9ac756d0,
0x000001ad9ac705d0, 0x000001ad9ac6fbb0, 0x000001ad9ac70ae0, 0x000001ad9ac72940,
0x000001ad9ac760f0, 0x000001ad9ac73d80, 0x000001ad9ac71500, 0x000001ad9ac71a10,
0x000001ad9ac71f20, 0x000001ad9ac6ec80, 0x000001ad9ac6f190, 0x000001ad9ac73870,
0x000001ad9ac74290, 0x000001ad9ac751c0, 0x000001ade19eb8e0, 0x000001ade19ef090,
0x000001ade19efab0, 0x000001ade19f04d0, 0x000001ade19f1910, 0x000001ade19ee160,
0x000001ade19effc0, 0x000001ade19eaec0, 0x000001ade19f09e0, 0x000001ade19ec810,
0x000001ade19eb3d0, 0x000001ade19f0ef0, 0x000001ade19f1e20, 0x000001ade19f1400
}

Java Threads: ( => current thread )
  0x000001adfb064960 JavaThread "main" [_thread_blocked, id=16120, stack(0x0000009c53b00000,0x0000009c53c00000)]
  0x000001adfe843350 JavaThread "Reference Handler" daemon [_thread_blocked, id=3468, stack(0x0000009c54200000,0x0000009c54300000)]
  0x000001adfe843e20 JavaThread "Finalizer" daemon [_thread_blocked, id=23112, stack(0x0000009c54300000,0x0000009c54400000)]
  0x000001adfe858c80 JavaThread "Signal Dispatcher" daemon [_thread_blocked, id=16312, stack(0x0000009c54400000,0x0000009c54500000)]
  0x000001adfe85b560 JavaThread "Attach Listener" daemon [_thread_blocked, id=20872, stack(0x0000009c54500000,0x0000009c54600000)]
  0x000001adfe85be30 JavaThread "Service Thread" daemon [_thread_blocked, id=19884, stack(0x0000009c54600000,0x0000009c54700000)]
  0x000001adfe86bc30 JavaThread "Monitor Deflation Thread" daemon [_thread_blocked, id=14376, stack(0x0000009c54700000,0x0000009c54800000)]
=>0x000001adfe88c840 JavaThread "C2 CompilerThread0" daemon [_thread_in_native, id=10300, stack(0x0000009c54800000,0x0000009c54900000)]
  0x000001adfe88d150 JavaThread "C1 CompilerThread0" daemon [_thread_blocked, id=13380, stack(0x0000009c54900000,0x0000009c54a00000)]
  0x000001adfe88da60 JavaThread "Sweeper thread" daemon [_thread_blocked, id=2412, stack(0x0000009c54a00000,0x0000009c54b00000)]
  0x000001adfe82c680 JavaThread "Common-Cleaner" daemon [_thread_blocked, id=22884, stack(0x0000009c54b00000,0x0000009c54c00000)]
  0x000001ad9ad74dd0 JavaThread "Notification Thread" daemon [_thread_blocked, id=13724, stack(0x0000009c54c00000,0x0000009c54d00000)]
  0x000001ade13d9350 JavaThread "Daemon health stats" [_thread_blocked, id=3948, stack(0x0000009c55300000,0x0000009c55400000)]
  0x000001ade0815e10 JavaThread "Incoming local TCP Connector on port 52983" [_thread_in_native, id=7272, stack(0x0000009c55400000,0x0000009c55500000)]
  0x000001ade0ee3c90 JavaThread "Daemon periodic checks" [_thread_blocked, id=23296, stack(0x0000009c55800000,0x0000009c55900000)]
  0x000001ade2085e90 JavaThread "Cache worker for journal cache (C:\Users\welcome\.gradle\caches\journal-1)" [_thread_blocked, id=8864, stack(0x0000009c56000000,0x0000009c56100000)]
  0x000001ade2084f60 JavaThread "File lock request listener" [_thread_in_native, id=22036, stack(0x0000009c56100000,0x0000009c56200000)]
  0x000001ade2085470 JavaThread "Cache worker for file hash cache (C:\Users\welcome\.gradle\caches\9.3.1\fileHashes)" [_thread_blocked, id=20568, stack(0x0000009c56200000,0x0000009c56300000)]
  0x000001ade2089130 JavaThread "File watcher server" daemon [_thread_in_native, id=17056, stack(0x0000009c56600000,0x0000009c56700000)]
  0x000001ade2087cf0 JavaThread "File watcher consumer" daemon [_thread_blocked, id=22628, stack(0x0000009c56700000,0x0000009c56800000)]
  0x000001ade2088200 JavaThread "Cache worker for file content cache (C:\Users\welcome\.gradle\caches\9.3.1\fileContent)" [_thread_blocked, id=332, stack(0x0000009c56900000,0x0000009c56a00000)]
  0x000001ade2085980 JavaThread "jar transforms" [_thread_blocked, id=19692, stack(0x0000009c56c00000,0x0000009c56d00000)]
  0x000001ade2088c20 JavaThread "jar transforms Thread 2" [_thread_blocked, id=1516, stack(0x0000009c56d00000,0x0000009c56e00000)]
  0x000001ade2089b50 JavaThread "jar transforms Thread 3" [_thread_blocked, id=6656, stack(0x0000009c56e00000,0x0000009c56f00000)]
  0x000001ade429bd60 JavaThread "jar transforms Thread 4" [_thread_blocked, id=18408, stack(0x0000009c57d00000,0x0000009c57e00000)]
  0x000001ade429ae30 JavaThread "jar transforms Thread 5" [_thread_blocked, id=2680, stack(0x0000009c57e00000,0x0000009c57f00000)]
  0x000001ade429b850 JavaThread "jar transforms Thread 6" [_thread_blocked, id=18848, stack(0x0000009c58600000,0x0000009c58700000)]
  0x000001ade429f510 JavaThread "jar transforms Thread 7" [_thread_blocked, id=7680, stack(0x0000009c58700000,0x0000009c58800000)]
  0x000001ade42a0e60 JavaThread "jar transforms Thread 8" [_thread_blocked, id=20984, stack(0x0000009c58800000,0x0000009c58900000)]
  0x000001ade19ec300 JavaThread "Memory manager" [_thread_blocked, id=13616, stack(0x0000009c5a200000,0x0000009c5a300000)]
  0x000001ade19ea9b0 JavaThread "pool-3-thread-1" [_thread_blocked, id=20668, stack(0x0000009c5a400000,0x0000009c5a500000)]
  0x000001ade5de3960 JavaThread "pool-6-thread-1" [_thread_blocked, id=17920, stack(0x0000009c59100000,0x0000009c59200000)]
  0x000001ade429fa20 JavaThread "pool-9-thread-1" [_thread_blocked, id=13672, stack(0x0000009c59200000,0x0000009c59300000)]
  0x000001ade5de3450 JavaThread "pool-12-thread-1" [_thread_blocked, id=9660, stack(0x0000009c59500000,0x0000009c59600000)]
  0x000001ade2083100 JavaThread "pool-15-thread-1" [_thread_blocked, id=19312, stack(0x0000009c59300000,0x0000009c59400000)]
  0x000001ade19ef5a0 JavaThread "pool-18-thread-1" [_thread_blocked, id=3612, stack(0x0000009c59400000,0x0000009c59500000)]
  0x000001ade19eeb80 JavaThread "pool-21-thread-1" [_thread_blocked, id=3424, stack(0x0000009c59600000,0x0000009c59700000)]
  0x000001ade5de10e0 JavaThread "Daemon Thread 8" [_thread_blocked, id=7516, stack(0x0000009c53800000,0x0000009c53900000)]
  0x000001ade5ddf280 JavaThread "Handler for socket connection from /127.0.0.1:52983 to /127.0.0.1:53963" [_thread_in_native, id=20380, stack(0x0000009c53900000,0x0000009c53a00000)]
  0x000001ade5de3e70 JavaThread "Cancel handler" [_thread_blocked, id=10908, stack(0x0000009c53a00000,0x0000009c53b00000)]
  0x000001ade5de4380 JavaThread "Daemon worker Thread 8" [_thread_blocked, id=12876, stack(0x0000009c55900000,0x0000009c55a00000)]
  0x000001ade5dded70 JavaThread "Asynchronous log dispatcher for DefaultDaemonConnection: socket connection from /127.0.0.1:52983 to /127.0.0.1:53963" [_thread_blocked, id=4336, stack(0x0000009c55a00000,0x0000009c55b00000)]
  0x000001ade5de0bd0 JavaThread "Stdin handler" [_thread_blocked, id=18940, stack(0x0000009c55b00000,0x0000009c55c00000)]
  0x000001ade5de15f0 JavaThread "Daemon client event forwarder" [_thread_blocked, id=11648, stack(0x0000009c55c00000,0x0000009c55d00000)]
  0x000001ade5ddf790 JavaThread "Cache worker for file hash cache (C:\Users\welcome\AndroidStudioProjects\mindguardaipsychologicalsupportapp\.gradle\9.3.1\fileHashes)" [_thread_blocked, id=9488, stack(0x0000009c55d00000,0x0000009c55e00000)]
  0x000001ade5de4890 JavaThread "Cache worker for Build Output Cleanup Cache (C:\Users\welcome\AndroidStudioProjects\mindguardaipsychologicalsupportapp\.gradle\buildOutputCleanup)" [_thread_blocked, id=8952, stack(0x0000009c55e00000,0x0000009c55f00000)]
  0x000001ade5de4da0 JavaThread "Cache worker for checksums cache (C:\Users\welcome\AndroidStudioProjects\mindguardaipsychologicalsupportapp\.gradle\9.3.1\checksums)" [_thread_blocked, id=10592, stack(0x0000009c55f00000,0x0000009c56000000)]
  0x000001ade5de01b0 JavaThread "Cache worker for cache directory md-supplier (C:\Users\welcome\.gradle\caches\9.3.1\md-supplier)" [_thread_blocked, id=4944, stack(0x0000009c56400000,0x0000009c56500000)]
  0x000001ade5de57c0 JavaThread "Cache worker for cache directory md-rule (C:\Users\welcome\.gradle\caches\9.3.1\md-rule)" [_thread_blocked, id=7984, stack(0x0000009c56500000,0x0000009c56600000)]
  0x000001ade5dde350 JavaThread "Unconstrained build operations" [_thread_blocked, id=16932, stack(0x0000009c56800000,0x0000009c56900000)]
  0x000001ade5de2520 JavaThread "Unconstrained build operations Thread 2" [_thread_blocked, id=11576, stack(0x0000009c56a00000,0x0000009c56b00000)]
  0x000001ade5de5cd0 JavaThread "Unconstrained build operations Thread 3" [_thread_blocked, id=15920, stack(0x0000009c56b00000,0x0000009c56c00000)]
  0x000001ade5de1b00 JavaThread "Unconstrained build operations Thread 4" [_thread_blocked, id=19484, stack(0x0000009c56f00000,0x0000009c57000000)]
  0x000001ade5de2010 JavaThread "Unconstrained build operations Thread 5" [_thread_blocked, id=13528, stack(0x0000009c57000000,0x0000009c57100000)]
  0x000001ade5dde860 JavaThread "Unconstrained build operations Thread 6" [_thread_blocked, id=3864, stack(0x0000009c57100000,0x0000009c57200000)]
  0x000001ad9ac72e50 JavaThread "Unconstrained build operations Thread 7" [_thread_blocked, id=13320, stack(0x0000009c57200000,0x0000009c57300000)]
  0x000001ad9ac747a0 JavaThread "Unconstrained build operations Thread 8" [_thread_blocked, id=6016, stack(0x0000009c57300000,0x0000009c57400000)]
  0x000001ad9ac6e770 JavaThread "Unconstrained build operations Thread 9" [_thread_blocked, id=20956, stack(0x0000009c57400000,0x0000009c57500000)]
  0x000001ad9ac73360 JavaThread "Unconstrained build operations Thread 10" [_thread_blocked, id=17280, stack(0x0000009c57500000,0x0000009c57600000)]
  0x000001ad9ac74cb0 JavaThread "Unconstrained build operations Thread 11" [_thread_blocked, id=2312, stack(0x0000009c57600000,0x0000009c57700000)]
  0x000001ad9ac6f6a0 JavaThread "Unconstrained build operations Thread 12" [_thread_blocked, id=19568, stack(0x0000009c57700000,0x0000009c57800000)]
  0x000001ad9ac700c0 JavaThread "Unconstrained build operations Thread 13" [_thread_blocked, id=13252, stack(0x0000009c57800000,0x0000009c57900000)]
  0x000001ad9ac72430 JavaThread "Unconstrained build operations Thread 14" [_thread_blocked, id=15936, stack(0x0000009c57900000,0x0000009c57a00000)]
  0x000001ad9ac756d0 JavaThread "Unconstrained build operations Thread 15" [_thread_blocked, id=22020, stack(0x0000009c57a00000,0x0000009c57b00000)]
  0x000001ad9ac705d0 JavaThread "Unconstrained build operations Thread 16" [_thread_blocked, id=11940, stack(0x0000009c57b00000,0x0000009c57c00000)]
  0x000001ad9ac6fbb0 JavaThread "Unconstrained build operations Thread 17" [_thread_blocked, id=15964, stack(0x0000009c57c00000,0x0000009c57d00000)]
  0x000001ad9ac70ae0 JavaThread "Unconstrained build operations Thread 18" [_thread_blocked, id=1696, stack(0x0000009c57f00000,0x0000009c58000000)]
  0x000001ad9ac72940 JavaThread "Unconstrained build operations Thread 19" [_thread_blocked, id=14760, stack(0x0000009c58000000,0x0000009c58100000)]
  0x000001ad9ac760f0 JavaThread "Unconstrained build operations Thread 20" [_thread_blocked, id=21256, stack(0x0000009c58100000,0x0000009c58200000)]
  0x000001ad9ac73d80 JavaThread "Unconstrained build operations Thread 21" [_thread_blocked, id=23248, stack(0x0000009c58200000,0x0000009c58300000)]
  0x000001ad9ac71500 JavaThread "Unconstrained build operations Thread 22" [_thread_blocked, id=10196, stack(0x0000009c58300000,0x0000009c58400000)]
  0x000001ad9ac71a10 JavaThread "Unconstrained build operations Thread 23" [_thread_blocked, id=2464, stack(0x0000009c58400000,0x0000009c58500000)]
  0x000001ad9ac71f20 JavaThread "Unconstrained build operations Thread 24" [_thread_blocked, id=21056, stack(0x0000009c58500000,0x0000009c58600000)]
  0x000001ad9ac6ec80 JavaThread "Unconstrained build operations Thread 25" [_thread_blocked, id=12232, stack(0x0000009c58900000,0x0000009c58a00000)]
  0x000001ad9ac6f190 JavaThread "Unconstrained build operations Thread 26" [_thread_blocked, id=14488, stack(0x0000009c58a00000,0x0000009c58b00000)]
  0x000001ad9ac73870 JavaThread "Unconstrained build operations Thread 27" [_thread_blocked, id=20148, stack(0x0000009c58b00000,0x0000009c58c00000)]
  0x000001ad9ac74290 JavaThread "Unconstrained build operations Thread 28" [_thread_blocked, id=5556, stack(0x0000009c58c00000,0x0000009c58d00000)]
  0x000001ad9ac751c0 JavaThread "Unconstrained build operations Thread 29" [_thread_blocked, id=8232, stack(0x0000009c58d00000,0x0000009c58e00000)]
  0x000001ade19eb8e0 JavaThread "Unconstrained build operations Thread 30" [_thread_blocked, id=19592, stack(0x0000009c58e00000,0x0000009c58f00000)]
  0x000001ade19ef090 JavaThread "build event listener" [_thread_blocked, id=21148, stack(0x0000009c58f00000,0x0000009c59000000)]
  0x000001ade19efab0 JavaThread "build event listener" [_thread_blocked, id=13796, stack(0x0000009c59000000,0x0000009c59100000)]
  0x000001ade19f04d0 JavaThread "pool-24-thread-1" [_thread_blocked, id=8928, stack(0x0000009c59700000,0x0000009c59800000)]
  0x000001ade19f1910 JavaThread "build event listener" [_thread_blocked, id=9300, stack(0x0000009c59800000,0x0000009c59900000)]
  0x000001ade19ee160 JavaThread "included builds" [_thread_in_native, id=10452, stack(0x0000009c59900000,0x0000009c59a00000)]
  0x000001ade19effc0 JavaThread "Execution worker" [_thread_blocked, id=15668, stack(0x0000009c59a00000,0x0000009c59b00000)]
  0x000001ade19eaec0 JavaThread "Execution worker Thread 2" [_thread_blocked, id=19172, stack(0x0000009c59b00000,0x0000009c59c00000)]
  0x000001ade19f09e0 JavaThread "Execution worker Thread 3" [_thread_blocked, id=5108, stack(0x0000009c59c00000,0x0000009c59d00000)]
  0x000001ade19ec810 JavaThread "Execution worker Thread 4" [_thread_blocked, id=22308, stack(0x0000009c59d00000,0x0000009c59e00000)]
  0x000001ade19eb3d0 JavaThread "Execution worker Thread 5" [_thread_blocked, id=9532, stack(0x0000009c59e00000,0x0000009c59f00000)]
  0x000001ade19f0ef0 JavaThread "Execution worker Thread 6" [_thread_blocked, id=9928, stack(0x0000009c59f00000,0x0000009c5a000000)]
  0x000001ade19f1e20 JavaThread "Execution worker Thread 7" [_thread_blocked, id=8068, stack(0x0000009c5a000000,0x0000009c5a100000)]
  0x000001ade19f1400 JavaThread "Cache worker for execution history cache (C:\Users\welcome\AndroidStudioProjects\mindguardaipsychologicalsupportapp\.gradle\9.3.1\executionHistory)" [_thread_blocked, id=1572, stack(0x0000009c5a100000,0x0000009c5a200000)]

Other Threads:
  0x000001adfe83eb00 VMThread "VM Thread" [stack: 0x0000009c54100000,0x0000009c54200000] [id=22672]
  0x000001adfb065830 WatcherThread [stack: 0x0000009c54d00000,0x0000009c54e00000] [id=15836]
  0x000001adf900e870 GCTaskThread "GC Thread#0" [stack: 0x0000009c53c00000,0x0000009c53d00000] [id=1852]
  0x000001ad9adeeb00 GCTaskThread "GC Thread#1" [stack: 0x0000009c54e00000,0x0000009c54f00000] [id=9820]
  0x000001ade005fdb0 GCTaskThread "GC Thread#2" [stack: 0x0000009c54f00000,0x0000009c55000000] [id=22772]
  0x000001ade0b9ccf0 GCTaskThread "GC Thread#3" [stack: 0x0000009c55000000,0x0000009c55100000] [id=9264]
  0x000001ade0104d30 GCTaskThread "GC Thread#4" [stack: 0x0000009c55100000,0x0000009c55200000] [id=3312]
  0x000001ade10310b0 GCTaskThread "GC Thread#5" [stack: 0x0000009c55500000,0x0000009c55600000] [id=5776]
  0x000001ade0ee7200 GCTaskThread "GC Thread#6" [stack: 0x0000009c55600000,0x0000009c55700000] [id=23020]
  0x000001ade186e430 GCTaskThread "GC Thread#7" [stack: 0x0000009c55700000,0x0000009c55800000] [id=22940]
  0x000001adfb0ce2e0 ConcurrentGCThread "G1 Main Marker" [stack: 0x0000009c53d00000,0x0000009c53e00000] [id=14268]
  0x000001adfb0cec10 ConcurrentGCThread "G1 Conc#0" [stack: 0x0000009c53e00000,0x0000009c53f00000] [id=6276]
  0x000001ade17ceb90 ConcurrentGCThread "G1 Conc#1" [stack: 0x0000009c56300000,0x0000009c56400000] [id=9064]
  0x000001adfb114120 ConcurrentGCThread "G1 Refine#0" [stack: 0x0000009c53f00000,0x0000009c54000000] [id=9284]
  0x000001ade01c5d30 ConcurrentGCThread "G1 Refine#1" [stack: 0x0000009c55200000,0x0000009c55300000] [id=20564]
  0x000001adfb114960 ConcurrentGCThread "G1 Service" [stack: 0x0000009c54000000,0x0000009c54100000] [id=19348]

Threads with active compile tasks:
C2 CompilerThread0  2672653 20391       4       org.gradle.api.internal.artifacts.ivyservice.resolveengine.graph.builder.NodeState::visitDependencies (149 bytes)

VM state: not at safepoint (normal execution)

VM Mutex/Monitor currently owned by a thread: None

Heap address: 0x0000000080000000, size: 2048 MB, Compressed Oops mode: 32-bit

CDS archive(s) mapped at: [0x000001ad9b000000-0x000001ad9bbb0000-0x000001ad9bbb0000), size 12255232, SharedBaseAddress: 0x000001ad9b000000, ArchiveRelocationMode: 1.
Compressed class space mapped at: 0x000001ad9c000000-0x000001addc000000, reserved size: 1073741824
Narrow klass base: 0x000001ad9b000000, Narrow klass shift: 0, Narrow klass range: 0x100000000

GC Precious Log:
 CPUs: 8 total, 8 available
 Memory: 3738M
 Large Page Support: Disabled
 NUMA Support: Disabled
 Compressed Oops: Enabled (32-bit)
 Heap Region Size: 1M
 Heap Min Capacity: 8M
 Heap Initial Capacity: 60M
 Heap Max Capacity: 2G
 Pre-touch: Disabled
 Parallel Workers: 8
 Concurrent Workers: 2
 Concurrent Refinement Workers: 8
 Periodic GC: Disabled

Heap:
 garbage-first heap   total 539648K, used 165997K [0x0000000080000000, 0x0000000100000000)
  region size 1024K, 10 young (10240K), 8 survivors (8192K)
 Metaspace       used 108207K, committed 109632K, reserved 1179648K
  class space    used 14356K, committed 15040K, reserved 1048576K

Heap Regions: E=young(eden), S=young(survivor), O=old, HS=humongous(starts), HC=humongous(continues), CS=collection set, F=free, OA=open archive, CA=closed archive, TAMS=top-at-mark-start (previous, next)
|   0|0x0000000080000000, 0x0000000080100000, 0x0000000080100000|100%|HS|  |TAMS 0x0000000080100000, 0x0000000080000000| Complete 
|   1|0x0000000080100000, 0x0000000080200000, 0x0000000080200000|100%|HC|  |TAMS 0x0000000080200000, 0x0000000080100000| Complete 
|   2|0x0000000080200000, 0x0000000080300000, 0x0000000080300000|100%|HC|  |TAMS 0x0000000080300000, 0x0000000080200000| Complete 
|   3|0x0000000080300000, 0x0000000080400000, 0x0000000080400000|100%|HC|  |TAMS 0x0000000080400000, 0x0000000080300000| Complete 
|   4|0x0000000080400000, 0x0000000080500000, 0x0000000080500000|100%| O|  |TAMS 0x0000000080500000, 0x0000000080400000| Untracked 
|   5|0x0000000080500000, 0x0000000080600000, 0x0000000080600000|100%| O|  |TAMS 0x0000000080600000, 0x0000000080500000| Untracked 
|   6|0x0000000080600000, 0x0000000080700000, 0x0000000080700000|100%| O|  |TAMS 0x0000000080700000, 0x0000000080600000| Untracked 
|   7|0x0000000080700000, 0x0000000080800000, 0x0000000080800000|100%| O|  |TAMS 0x0000000080800000, 0x0000000080700000| Untracked 
|   8|0x0000000080800000, 0x0000000080900000, 0x0000000080900000|100%| O|  |TAMS 0x0000000080900000, 0x0000000080800000| Untracked 
|   9|0x0000000080900000, 0x0000000080a00000, 0x0000000080a00000|100%| O|  |TAMS 0x0000000080a00000, 0x0000000080900000| Untracked 
|  10|0x0000000080a00000, 0x0000000080b00000, 0x0000000080b00000|100%| O|  |TAMS 0x0000000080b00000, 0x0000000080a00000| Untracked 
|  11|0x0000000080b00000, 0x0000000080c00000, 0x0000000080c00000|100%| O|  |TAMS 0x0000000080c00000, 0x0000000080b00000| Untracked 
|  12|0x0000000080c00000, 0x0000000080d00000, 0x0000000080d00000|100%|HS|  |TAMS 0x0000000080d00000, 0x0000000080c00000| Complete 
|  13|0x0000000080d00000, 0x0000000080e00000, 0x0000000080e00000|100%| O|  |TAMS 0x0000000080e00000, 0x0000000080d00000| Untracked 
|  14|0x0000000080e00000, 0x0000000080f00000, 0x0000000080f00000|100%| O|  |TAMS 0x0000000080f00000, 0x0000000080e00000| Untracked 
|  15|0x0000000080f00000, 0x0000000081000000, 0x0000000081000000|100%| O|  |TAMS 0x0000000081000000, 0x0000000080f00000| Untracked 
|  16|0x0000000081000000, 0x0000000081100000, 0x0000000081100000|100%| O|  |TAMS 0x0000000081100000, 0x0000000081000000| Untracked 
|  17|0x0000000081100000, 0x0000000081200000, 0x0000000081200000|100%| O|  |TAMS 0x0000000081200000, 0x0000000081100000| Untracked 
|  18|0x0000000081200000, 0x0000000081300000, 0x0000000081300000|100%| O|  |TAMS 0x0000000081300000, 0x0000000081200000| Untracked 
|  19|0x0000000081300000, 0x0000000081400000, 0x0000000081400000|100%| O|  |TAMS 0x0000000081400000, 0x0000000081300000| Untracked 
|  20|0x0000000081400000, 0x0000000081500000, 0x0000000081500000|100%| O|  |TAMS 0x0000000081500000, 0x0000000081400000| Untracked 
|  21|0x0000000081500000, 0x0000000081600000, 0x0000000081600000|100%| O|  |TAMS 0x0000000081600000, 0x0000000081500000| Untracked 
|  22|0x0000000081600000, 0x0000000081700000, 0x0000000081700000|100%| O|  |TAMS 0x0000000081700000, 0x0000000081600000| Untracked 
|  23|0x0000000081700000, 0x0000000081800000, 0x0000000081800000|100%| O|  |TAMS 0x0000000081800000, 0x0000000081700000| Untracked 
|  24|0x0000000081800000, 0x0000000081900000, 0x0000000081900000|100%| O|  |TAMS 0x0000000081900000, 0x0000000081800000| Untracked 
|  25|0x0000000081900000, 0x0000000081a00000, 0x0000000081a00000|100%| O|  |TAMS 0x0000000081a00000, 0x0000000081900000| Untracked 
|  26|0x0000000081a00000, 0x0000000081b00000, 0x0000000081b00000|100%| O|  |TAMS 0x0000000081b00000, 0x0000000081a00000| Untracked 
|  27|0x0000000081b00000, 0x0000000081c00000, 0x0000000081c00000|100%| O|  |TAMS 0x0000000081c00000, 0x0000000081b00000| Untracked 
|  28|0x0000000081c00000, 0x0000000081d00000, 0x0000000081d00000|100%| O|  |TAMS 0x0000000081d00000, 0x0000000081c00000| Untracked 
|  29|0x0000000081d00000, 0x0000000081e00000, 0x0000000081e00000|100%| O|  |TAMS 0x0000000081e00000, 0x0000000081d00000| Untracked 
|  30|0x0000000081e00000, 0x0000000081f00000, 0x0000000081f00000|100%| O|  |TAMS 0x0000000081f00000, 0x0000000081e00000| Untracked 
|  31|0x0000000081f00000, 0x0000000082000000, 0x0000000082000000|100%| O|  |TAMS 0x0000000082000000, 0x0000000081f00000| Untracked 
|  32|0x0000000082000000, 0x0000000082100000, 0x0000000082100000|100%|HS|  |TAMS 0x0000000082100000, 0x0000000082000000| Complete 
|  33|0x0000000082100000, 0x0000000082200000, 0x0000000082200000|100%|HC|  |TAMS 0x0000000082200000, 0x0000000082100000| Complete 
|  34|0x0000000082200000, 0x0000000082300000, 0x0000000082300000|100%| O|  |TAMS 0x0000000082300000, 0x0000000082200000| Untracked 
|  35|0x0000000082300000, 0x0000000082400000, 0x0000000082400000|100%| O|  |TAMS 0x0000000082400000, 0x0000000082300000| Untracked 
|  36|0x0000000082400000, 0x0000000082500000, 0x0000000082500000|100%| O|  |TAMS 0x0000000082500000, 0x0000000082400000| Untracked 
|  37|0x0000000082500000, 0x0000000082600000, 0x0000000082600000|100%| O|  |TAMS 0x0000000082600000, 0x0000000082500000| Untracked 
|  38|0x0000000082600000, 0x0000000082700000, 0x0000000082700000|100%| O|  |TAMS 0x0000000082700000, 0x0000000082600000| Untracked 
|  39|0x0000000082700000, 0x0000000082800000, 0x0000000082800000|100%| O|  |TAMS 0x0000000082800000, 0x0000000082700000| Untracked 
|  40|0x0000000082800000, 0x0000000082900000, 0x0000000082900000|100%| O|  |TAMS 0x0000000082900000, 0x0000000082800000| Untracked 
|  41|0x0000000082900000, 0x0000000082a00000, 0x0000000082a00000|100%| O|  |TAMS 0x0000000082a00000, 0x0000000082900000| Untracked 
|  42|0x0000000082a00000, 0x0000000082b00000, 0x0000000082b00000|100%| O|  |TAMS 0x0000000082b00000, 0x0000000082a00000| Untracked 
|  43|0x0000000082b00000, 0x0000000082c00000, 0x0000000082c00000|100%| O|  |TAMS 0x0000000082c00000, 0x0000000082b00000| Untracked 
|  44|0x0000000082c00000, 0x0000000082d00000, 0x0000000082d00000|100%| O|  |TAMS 0x0000000082d00000, 0x0000000082c00000| Untracked 
|  45|0x0000000082d00000, 0x0000000082e00000, 0x0000000082e00000|100%| O|  |TAMS 0x0000000082e00000, 0x0000000082d00000| Complete 
|  46|0x0000000082e00000, 0x0000000082f00000, 0x0000000082f00000|100%| O|  |TAMS 0x0000000082f00000, 0x0000000082e00000| Untracked 
|  47|0x0000000082f00000, 0x0000000083000000, 0x0000000083000000|100%| O|  |TAMS 0x0000000083000000, 0x0000000082f00000| Untracked 
|  48|0x0000000083000000, 0x0000000083100000, 0x0000000083100000|100%| O|  |TAMS 0x0000000083100000, 0x0000000083000000| Untracked 
|  49|0x0000000083100000, 0x0000000083200000, 0x0000000083200000|100%| O|  |TAMS 0x0000000083200000, 0x0000000083100000| Untracked 
|  50|0x0000000083200000, 0x0000000083300000, 0x0000000083300000|100%|HS|  |TAMS 0x0000000083300000, 0x0000000083200000| Complete 
|  51|0x0000000083300000, 0x0000000083400000, 0x0000000083400000|100%|HS|  |TAMS 0x0000000083400000, 0x0000000083300000| Complete 
|  52|0x0000000083400000, 0x0000000083500000, 0x0000000083500000|100%| O|  |TAMS 0x0000000083500000, 0x0000000083400000| Untracked 
|  53|0x0000000083500000, 0x0000000083600000, 0x0000000083600000|100%| O|  |TAMS 0x0000000083600000, 0x0000000083500000| Untracked 
|  54|0x0000000083600000, 0x0000000083700000, 0x0000000083700000|100%|HS|  |TAMS 0x0000000083700000, 0x0000000083600000| Complete 
|  55|0x0000000083700000, 0x0000000083800000, 0x0000000083800000|100%|HC|  |TAMS 0x0000000083800000, 0x0000000083700000| Complete 
|  56|0x0000000083800000, 0x0000000083900000, 0x0000000083900000|100%|HS|  |TAMS 0x0000000083900000, 0x0000000083800000| Complete 
|  57|0x0000000083900000, 0x0000000083a00000, 0x0000000083a00000|100%| O|  |TAMS 0x0000000083a00000, 0x0000000083900000| Untracked 
|  58|0x0000000083a00000, 0x0000000083b00000, 0x0000000083b00000|100%| O|  |TAMS 0x0000000083b00000, 0x0000000083a00000| Untracked 
|  59|0x0000000083b00000, 0x0000000083c00000, 0x0000000083c00000|100%|HS|  |TAMS 0x0000000083c00000, 0x0000000083b00000| Complete 
|  60|0x0000000083c00000, 0x0000000083d00000, 0x0000000083d00000|100%|HS|  |TAMS 0x0000000083d00000, 0x0000000083c00000| Complete 
|  61|0x0000000083d00000, 0x0000000083e00000, 0x0000000083e00000|100%|HS|  |TAMS 0x0000000083e00000, 0x0000000083d00000| Complete 
|  62|0x0000000083e00000, 0x0000000083f00000, 0x0000000083f00000|100%| O|  |TAMS 0x0000000083f00000, 0x0000000083e00000| Untracked 
|  63|0x0000000083f00000, 0x0000000084000000, 0x0000000084000000|100%| O|  |TAMS 0x0000000084000000, 0x0000000083f00000| Untracked 
|  64|0x0000000084000000, 0x0000000084100000, 0x0000000084100000|100%| O|  |TAMS 0x0000000084100000, 0x0000000084000000| Untracked 
|  65|0x0000000084100000, 0x0000000084200000, 0x0000000084200000|100%| O|  |TAMS 0x0000000084200000, 0x0000000084100000| Untracked 
|  66|0x0000000084200000, 0x0000000084300000, 0x0000000084300000|100%| O|  |TAMS 0x0000000084300000, 0x0000000084200000| Untracked 
|  67|0x0000000084300000, 0x0000000084400000, 0x0000000084400000|100%|HS|  |TAMS 0x0000000084400000, 0x0000000084300000| Complete 
|  68|0x0000000084400000, 0x0000000084500000, 0x0000000084500000|100%|HC|  |TAMS 0x0000000084500000, 0x0000000084400000| Complete 
|  69|0x0000000084500000, 0x0000000084600000, 0x0000000084600000|100%| O|  |TAMS 0x0000000084600000, 0x0000000084500000| Untracked 
|  70|0x0000000084600000, 0x0000000084700000, 0x0000000084700000|100%| O|  |TAMS 0x0000000084700000, 0x0000000084600000| Untracked 
|  71|0x0000000084700000, 0x0000000084800000, 0x0000000084800000|100%| O|  |TAMS 0x0000000084800000, 0x0000000084700000| Untracked 
|  72|0x0000000084800000, 0x0000000084900000, 0x0000000084900000|100%|HS|  |TAMS 0x0000000084900000, 0x0000000084800000| Complete 
|  73|0x0000000084900000, 0x0000000084a00000, 0x0000000084a00000|100%| O|  |TAMS 0x0000000084a00000, 0x0000000084900000| Untracked 
|  74|0x0000000084a00000, 0x0000000084b00000, 0x0000000084b00000|100%| O|  |TAMS 0x0000000084b00000, 0x0000000084a00000| Untracked 
|  75|0x0000000084b00000, 0x0000000084c00000, 0x0000000084c00000|100%| O|  |TAMS 0x0000000084c00000, 0x0000000084b00000| Untracked 
|  76|0x0000000084c00000, 0x0000000084d00000, 0x0000000084d00000|100%| O|  |TAMS 0x0000000084d00000, 0x0000000084c00000| Untracked 
|  77|0x0000000084d00000, 0x0000000084e00000, 0x0000000084e00000|100%| O|  |TAMS 0x0000000084e00000, 0x0000000084d00000| Untracked 
|  78|0x0000000084e00000, 0x0000000084f00000, 0x0000000084f00000|100%| O|  |TAMS 0x0000000084f00000, 0x0000000084e00000| Untracked 
|  79|0x0000000084f00000, 0x0000000085000000, 0x0000000085000000|100%| O|  |TAMS 0x0000000085000000, 0x0000000084f00000| Untracked 
|  80|0x0000000085000000, 0x0000000085100000, 0x0000000085100000|100%| O|  |TAMS 0x0000000085100000, 0x0000000085000000| Untracked 
|  81|0x0000000085100000, 0x0000000085200000, 0x0000000085200000|100%| O|  |TAMS 0x0000000085200000, 0x0000000085100000| Untracked 
|  82|0x0000000085200000, 0x0000000085300000, 0x0000000085300000|100%| O|  |TAMS 0x0000000085300000, 0x0000000085200000| Untracked 
|  83|0x0000000085300000, 0x0000000085400000, 0x0000000085400000|100%| O|  |TAMS 0x0000000085400000, 0x0000000085300000| Untracked 
|  84|0x0000000085400000, 0x0000000085500000, 0x0000000085500000|100%| O|  |TAMS 0x0000000085500000, 0x0000000085400000| Untracked 
|  85|0x0000000085500000, 0x0000000085600000, 0x0000000085600000|100%| O|  |TAMS 0x0000000085600000, 0x0000000085500000| Untracked 
|  86|0x0000000085600000, 0x00000000856ffff8, 0x0000000085700000| 99%| O|  |TAMS 0x00000000856ffff8, 0x0000000085600000| Untracked 
|  87|0x0000000085700000, 0x0000000085800000, 0x0000000085800000|100%| O|  |TAMS 0x0000000085800000, 0x0000000085700000| Untracked 
|  88|0x0000000085800000, 0x0000000085900000, 0x0000000085900000|100%| O|  |TAMS 0x0000000085900000, 0x0000000085800000| Untracked 
|  89|0x0000000085900000, 0x0000000085a00000, 0x0000000085a00000|100%| O|  |TAMS 0x0000000085a00000, 0x0000000085900000| Untracked 
|  90|0x0000000085a00000, 0x0000000085b00000, 0x0000000085b00000|100%| O|  |TAMS 0x0000000085b00000, 0x0000000085a00000| Untracked 
|  91|0x0000000085b00000, 0x0000000085c00000, 0x0000000085c00000|100%| O|  |TAMS 0x0000000085c00000, 0x0000000085b00000| Untracked 
|  92|0x0000000085c00000, 0x0000000085d00000, 0x0000000085d00000|100%| O|  |TAMS 0x0000000085d00000, 0x0000000085c00000| Untracked 
|  93|0x0000000085d00000, 0x0000000085e00000, 0x0000000085e00000|100%| O|  |TAMS 0x0000000085e00000, 0x0000000085d00000| Untracked 
|  94|0x0000000085e00000, 0x0000000085f00000, 0x0000000085f00000|100%| O|  |TAMS 0x0000000085f00000, 0x0000000085e00000| Untracked 
|  95|0x0000000085f00000, 0x0000000086000000, 0x0000000086000000|100%| O|  |TAMS 0x0000000086000000, 0x0000000085f00000| Untracked 
|  96|0x0000000086000000, 0x0000000086100000, 0x0000000086100000|100%| O|  |TAMS 0x0000000086100000, 0x0000000086000000| Untracked 
|  97|0x0000000086100000, 0x0000000086200000, 0x0000000086200000|100%| O|  |TAMS 0x0000000086200000, 0x0000000086100000| Untracked 
|  98|0x0000000086200000, 0x0000000086300000, 0x0000000086300000|100%| O|  |TAMS 0x0000000086300000, 0x0000000086200000| Untracked 
|  99|0x0000000086300000, 0x0000000086400000, 0x0000000086400000|100%| O|  |TAMS 0x0000000086400000, 0x0000000086300000| Complete 
| 100|0x0000000086400000, 0x0000000086500000, 0x0000000086500000|100%| O|  |TAMS 0x0000000086500000, 0x0000000086400000| Untracked 
| 101|0x0000000086500000, 0x0000000086600000, 0x0000000086600000|100%| O|  |TAMS 0x0000000086600000, 0x0000000086500000| Untracked 
| 102|0x0000000086600000, 0x0000000086700000, 0x0000000086700000|100%| O|  |TAMS 0x0000000086700000, 0x0000000086600000| Untracked 
| 103|0x0000000086700000, 0x0000000086800000, 0x0000000086800000|100%| O|  |TAMS 0x0000000086800000, 0x0000000086700000| Untracked 
| 104|0x0000000086800000, 0x0000000086900000, 0x0000000086900000|100%| O|  |TAMS 0x0000000086900000, 0x0000000086800000| Untracked 
| 105|0x0000000086900000, 0x0000000086a00000, 0x0000000086a00000|100%| O|  |TAMS 0x0000000086a00000, 0x0000000086900000| Untracked 
| 106|0x0000000086a00000, 0x0000000086b00000, 0x0000000086b00000|100%| O|  |TAMS 0x0000000086b00000, 0x0000000086a00000| Untracked 
| 107|0x0000000086b00000, 0x0000000086c00000, 0x0000000086c00000|100%| O|  |TAMS 0x0000000086c00000, 0x0000000086b00000| Untracked 
| 108|0x0000000086c00000, 0x0000000086d00000, 0x0000000086d00000|100%| O|  |TAMS 0x0000000086d00000, 0x0000000086c00000| Untracked 
| 109|0x0000000086d00000, 0x0000000086e00000, 0x0000000086e00000|100%| O|  |TAMS 0x0000000086e00000, 0x0000000086d00000| Untracked 
| 110|0x0000000086e00000, 0x0000000086f00000, 0x0000000086f00000|100%| O|  |TAMS 0x0000000086f00000, 0x0000000086e00000| Untracked 
| 111|0x0000000086f00000, 0x0000000087000000, 0x0000000087000000|100%| O|  |TAMS 0x0000000087000000, 0x0000000086f00000| Untracked 
| 112|0x0000000087000000, 0x0000000087100000, 0x0000000087100000|100%| O|  |TAMS 0x0000000087100000, 0x0000000087000000| Untracked 
| 113|0x0000000087100000, 0x0000000087200000, 0x0000000087200000|100%| O|  |TAMS 0x0000000087200000, 0x0000000087100000| Untracked 
| 114|0x0000000087200000, 0x0000000087300000, 0x0000000087300000|100%| O|  |TAMS 0x0000000087300000, 0x0000000087200000| Untracked 
| 115|0x0000000087300000, 0x0000000087400000, 0x0000000087400000|100%| O|  |TAMS 0x0000000087400000, 0x0000000087300000| Untracked 
| 116|0x0000000087400000, 0x0000000087500000, 0x0000000087500000|100%| O|  |TAMS 0x0000000087500000, 0x0000000087400000| Untracked 
| 117|0x0000000087500000, 0x0000000087600000, 0x0000000087600000|100%| O|  |TAMS 0x0000000087600000, 0x0000000087500000| Untracked 
| 118|0x0000000087600000, 0x0000000087700000, 0x0000000087700000|100%| O|  |TAMS 0x0000000087700000, 0x0000000087600000| Untracked 
| 119|0x0000000087700000, 0x0000000087800000, 0x0000000087800000|100%| O|  |TAMS 0x0000000087800000, 0x0000000087700000| Untracked 
| 120|0x0000000087800000, 0x0000000087900000, 0x0000000087900000|100%| O|  |TAMS 0x0000000087900000, 0x0000000087800000| Untracked 
| 121|0x0000000087900000, 0x0000000087a00000, 0x0000000087a00000|100%| O|  |TAMS 0x0000000087a00000, 0x0000000087900000| Untracked 
| 122|0x0000000087a00000, 0x0000000087b00000, 0x0000000087b00000|100%| O|  |TAMS 0x0000000087b00000, 0x0000000087a00000| Untracked 
| 123|0x0000000087b00000, 0x0000000087c00000, 0x0000000087c00000|100%| O|  |TAMS 0x0000000087c00000, 0x0000000087b00000| Untracked 
| 124|0x0000000087c00000, 0x0000000087d00000, 0x0000000087d00000|100%| O|  |TAMS 0x0000000087d00000, 0x0000000087c00000| Untracked 
| 125|0x0000000087d00000, 0x0000000087e00000, 0x0000000087e00000|100%| O|  |TAMS 0x0000000087e00000, 0x0000000087d00000| Untracked 
| 126|0x0000000087e00000, 0x0000000087f00000, 0x0000000087f00000|100%| O|  |TAMS 0x0000000087f00000, 0x0000000087e00000| Complete 
| 127|0x0000000087f00000, 0x0000000088000000, 0x0000000088000000|100%| O|  |TAMS 0x0000000088000000, 0x0000000087f00000| Complete 
| 128|0x0000000088000000, 0x0000000088100000, 0x0000000088100000|100%| O|  |TAMS 0x0000000088000000, 0x0000000088000000| Untracked 
| 129|0x0000000088100000, 0x0000000088200000, 0x0000000088200000|100%| O|  |TAMS 0x0000000088200000, 0x0000000088100000| Untracked 
| 130|0x0000000088200000, 0x0000000088300000, 0x0000000088300000|100%| O|  |TAMS 0x0000000088300000, 0x0000000088200000| Untracked 
| 131|0x0000000088300000, 0x0000000088400000, 0x0000000088400000|100%| O|  |TAMS 0x0000000088400000, 0x0000000088300000| Untracked 
| 132|0x0000000088400000, 0x0000000088500000, 0x0000000088500000|100%| O|  |TAMS 0x0000000088400000, 0x0000000088400000| Untracked 
| 133|0x0000000088500000, 0x0000000088600000, 0x0000000088600000|100%| O|  |TAMS 0x0000000088600000, 0x0000000088500000| Untracked 
| 134|0x0000000088600000, 0x0000000088700000, 0x0000000088700000|100%| O|  |TAMS 0x0000000088600000, 0x0000000088600000| Untracked 
| 135|0x0000000088700000, 0x0000000088800000, 0x0000000088800000|100%| O|  |TAMS 0x0000000088700000, 0x0000000088700000| Untracked 
| 136|0x0000000088800000, 0x0000000088900000, 0x0000000088900000|100%| O|  |TAMS 0x0000000088800000, 0x0000000088800000| Untracked 
| 137|0x0000000088900000, 0x0000000088a00000, 0x0000000088a00000|100%| O|  |TAMS 0x0000000088900000, 0x0000000088900000| Untracked 
| 138|0x0000000088a00000, 0x0000000088b00000, 0x0000000088b00000|100%| O|  |TAMS 0x0000000088afb600, 0x0000000088a00000| Untracked 
| 139|0x0000000088b00000, 0x0000000088c00000, 0x0000000088c00000|100%| O|  |TAMS 0x0000000088b00000, 0x0000000088b00000| Untracked 
| 140|0x0000000088c00000, 0x0000000088d00000, 0x0000000088d00000|100%| O|  |TAMS 0x0000000088c00000, 0x0000000088c00000| Untracked 
| 141|0x0000000088d00000, 0x0000000088e00000, 0x0000000088e00000|100%| O|  |TAMS 0x0000000088d00000, 0x0000000088d00000| Untracked 
| 142|0x0000000088e00000, 0x0000000088f00000, 0x0000000088f00000|100%| O|  |TAMS 0x0000000088e00000, 0x0000000088e00000| Untracked 
| 143|0x0000000088f00000, 0x0000000089000000, 0x0000000089000000|100%| O|  |TAMS 0x0000000088f00000, 0x0000000088f00000| Untracked 
| 144|0x0000000089000000, 0x00000000890f5600, 0x0000000089100000| 95%| O|  |TAMS 0x0000000089000000, 0x0000000089000000| Untracked 
| 145|0x0000000089100000, 0x0000000089200000, 0x0000000089200000|100%| O|  |TAMS 0x0000000089200000, 0x0000000089100000| Complete 
| 146|0x0000000089200000, 0x0000000089200000, 0x0000000089300000|  0%| F|  |TAMS 0x0000000089200000, 0x0000000089200000| Untracked 
| 147|0x0000000089300000, 0x0000000089300000, 0x0000000089400000|  0%| F|  |TAMS 0x0000000089300000, 0x0000000089300000| Untracked 
| 148|0x0000000089400000, 0x0000000089400000, 0x0000000089500000|  0%| F|  |TAMS 0x0000000089400000, 0x0000000089400000| Untracked 
| 149|0x0000000089500000, 0x0000000089600000, 0x0000000089600000|100%| O|  |TAMS 0x0000000089600000, 0x0000000089500000| Untracked 
| 150|0x0000000089600000, 0x0000000089700000, 0x0000000089700000|100%| O|  |TAMS 0x0000000089700000, 0x0000000089600000| Untracked 
| 151|0x0000000089700000, 0x0000000089800000, 0x0000000089800000|100%| O|  |TAMS 0x0000000089800000, 0x0000000089700000| Untracked 
| 152|0x0000000089800000, 0x0000000089900000, 0x0000000089900000|100%| O|  |TAMS 0x0000000089900000, 0x0000000089800000| Untracked 
| 153|0x0000000089900000, 0x0000000089a00000, 0x0000000089a00000|100%| O|  |TAMS 0x0000000089a00000, 0x0000000089900000| Untracked 
| 154|0x0000000089a00000, 0x0000000089b00000, 0x0000000089b00000|100%| O|  |TAMS 0x0000000089b00000, 0x0000000089a00000| Untracked 
| 155|0x0000000089b00000, 0x0000000089c00000, 0x0000000089c00000|100%| O|  |TAMS 0x0000000089c00000, 0x0000000089b00000| Complete 
| 156|0x0000000089c00000, 0x0000000089c8ea00, 0x0000000089d00000| 55%| O|  |TAMS 0x0000000089c8ea00, 0x0000000089c00000| Complete 
| 157|0x0000000089d00000, 0x0000000089d00000, 0x0000000089e00000|  0%| F|  |TAMS 0x0000000089d00000, 0x0000000089d00000| Untracked 
| 158|0x0000000089e00000, 0x0000000089e00000, 0x0000000089f00000|  0%| F|  |TAMS 0x0000000089e00000, 0x0000000089e00000| Untracked 
| 159|0x0000000089f00000, 0x0000000089f00000, 0x000000008a000000|  0%| F|  |TAMS 0x0000000089f00000, 0x0000000089f00000| Untracked 
| 160|0x000000008a000000, 0x000000008a000000, 0x000000008a100000|  0%| F|  |TAMS 0x000000008a000000, 0x000000008a000000| Untracked 
| 161|0x000000008a100000, 0x000000008a100000, 0x000000008a200000|  0%| F|  |TAMS 0x000000008a100000, 0x000000008a100000| Untracked 
| 162|0x000000008a200000, 0x000000008a200000, 0x000000008a300000|  0%| F|  |TAMS 0x000000008a200000, 0x000000008a200000| Untracked 
| 163|0x000000008a300000, 0x000000008a300000, 0x000000008a400000|  0%| F|  |TAMS 0x000000008a300000, 0x000000008a300000| Untracked 
| 164|0x000000008a400000, 0x000000008a400000, 0x000000008a500000|  0%| F|  |TAMS 0x000000008a400000, 0x000000008a400000| Untracked 
| 165|0x000000008a500000, 0x000000008a500000, 0x000000008a600000|  0%| F|  |TAMS 0x000000008a500000, 0x000000008a500000| Untracked 
| 166|0x000000008a600000, 0x000000008a600000, 0x000000008a700000|  0%| F|  |TAMS 0x000000008a600000, 0x000000008a600000| Untracked 
| 167|0x000000008a700000, 0x000000008a700000, 0x000000008a800000|  0%| F|  |TAMS 0x000000008a700000, 0x000000008a700000| Untracked 
| 168|0x000000008a800000, 0x000000008a800000, 0x000000008a900000|  0%| F|  |TAMS 0x000000008a800000, 0x000000008a800000| Untracked 
| 169|0x000000008a900000, 0x000000008a900000, 0x000000008aa00000|  0%| F|  |TAMS 0x000000008a900000, 0x000000008a900000| Untracked 
| 170|0x000000008aa00000, 0x000000008aa00000, 0x000000008ab00000|  0%| F|  |TAMS 0x000000008aa00000, 0x000000008aa00000| Untracked 
| 171|0x000000008ab00000, 0x000000008ab00000, 0x000000008ac00000|  0%| F|  |TAMS 0x000000008ab00000, 0x000000008ab00000| Untracked 
| 172|0x000000008ac00000, 0x000000008ac00000, 0x000000008ad00000|  0%| F|  |TAMS 0x000000008ac00000, 0x000000008ac00000| Untracked 
| 173|0x000000008ad00000, 0x000000008ad00000, 0x000000008ae00000|  0%| F|  |TAMS 0x000000008ad00000, 0x000000008ad00000| Untracked 
| 174|0x000000008ae00000, 0x000000008ae00000, 0x000000008af00000|  0%| F|  |TAMS 0x000000008ae00000, 0x000000008ae00000| Untracked 
| 175|0x000000008af00000, 0x000000008af00000, 0x000000008b000000|  0%| F|  |TAMS 0x000000008af00000, 0x000000008af00000| Untracked 
| 176|0x000000008b000000, 0x000000008b000000, 0x000000008b100000|  0%| F|  |TAMS 0x000000008b000000, 0x000000008b000000| Untracked 
| 177|0x000000008b100000, 0x000000008b100000, 0x000000008b200000|  0%| F|  |TAMS 0x000000008b100000, 0x000000008b100000| Untracked 
| 178|0x000000008b200000, 0x000000008b200000, 0x000000008b300000|  0%| F|  |TAMS 0x000000008b200000, 0x000000008b200000| Untracked 
| 179|0x000000008b300000, 0x000000008b300000, 0x000000008b400000|  0%| F|  |TAMS 0x000000008b300000, 0x000000008b300000| Untracked 
| 180|0x000000008b400000, 0x000000008b400000, 0x000000008b500000|  0%| F|  |TAMS 0x000000008b400000, 0x000000008b400000| Untracked 
| 181|0x000000008b500000, 0x000000008b500000, 0x000000008b600000|  0%| F|  |TAMS 0x000000008b500000, 0x000000008b500000| Untracked 
| 182|0x000000008b600000, 0x000000008b600000, 0x000000008b700000|  0%| F|  |TAMS 0x000000008b600000, 0x000000008b600000| Untracked 
| 183|0x000000008b700000, 0x000000008b700000, 0x000000008b800000|  0%| F|  |TAMS 0x000000008b700000, 0x000000008b700000| Untracked 
| 184|0x000000008b800000, 0x000000008b800000, 0x000000008b900000|  0%| F|  |TAMS 0x000000008b800000, 0x000000008b800000| Untracked 
| 185|0x000000008b900000, 0x000000008b900000, 0x000000008ba00000|  0%| F|  |TAMS 0x000000008b900000, 0x000000008b900000| Untracked 
| 186|0x000000008ba00000, 0x000000008ba00000, 0x000000008bb00000|  0%| F|  |TAMS 0x000000008ba00000, 0x000000008ba00000| Untracked 
| 187|0x000000008bb00000, 0x000000008bb00000, 0x000000008bc00000|  0%| F|  |TAMS 0x000000008bb00000, 0x000000008bb00000| Untracked 
| 188|0x000000008bc00000, 0x000000008bc00000, 0x000000008bd00000|  0%| F|  |TAMS 0x000000008bc00000, 0x000000008bc00000| Untracked 
| 189|0x000000008bd00000, 0x000000008bd00000, 0x000000008be00000|  0%| F|  |TAMS 0x000000008bd00000, 0x000000008bd00000| Untracked 
| 190|0x000000008be00000, 0x000000008be00000, 0x000000008bf00000|  0%| F|  |TAMS 0x000000008be00000, 0x000000008be00000| Untracked 
| 191|0x000000008bf00000, 0x000000008bf00000, 0x000000008c000000|  0%| F|  |TAMS 0x000000008bf00000, 0x000000008bf00000| Untracked 
| 192|0x000000008c000000, 0x000000008c000000, 0x000000008c100000|  0%| F|  |TAMS 0x000000008c000000, 0x000000008c000000| Untracked 
| 193|0x000000008c100000, 0x000000008c100000, 0x000000008c200000|  0%| F|  |TAMS 0x000000008c100000, 0x000000008c100000| Untracked 
| 194|0x000000008c200000, 0x000000008c200000, 0x000000008c300000|  0%| F|  |TAMS 0x000000008c200000, 0x000000008c200000| Untracked 
| 195|0x000000008c300000, 0x000000008c300000, 0x000000008c400000|  0%| F|  |TAMS 0x000000008c300000, 0x000000008c300000| Untracked 
| 196|0x000000008c400000, 0x000000008c400000, 0x000000008c500000|  0%| F|  |TAMS 0x000000008c400000, 0x000000008c400000| Untracked 
| 197|0x000000008c500000, 0x000000008c500000, 0x000000008c600000|  0%| F|  |TAMS 0x000000008c500000, 0x000000008c500000| Untracked 
| 198|0x000000008c600000, 0x000000008c600000, 0x000000008c700000|  0%| F|  |TAMS 0x000000008c600000, 0x000000008c600000| Untracked 
| 199|0x000000008c700000, 0x000000008c700000, 0x000000008c800000|  0%| F|  |TAMS 0x000000008c700000, 0x000000008c700000| Untracked 
| 200|0x000000008c800000, 0x000000008c800000, 0x000000008c900000|  0%| F|  |TAMS 0x000000008c800000, 0x000000008c800000| Untracked 
| 201|0x000000008c900000, 0x000000008c900000, 0x000000008ca00000|  0%| F|  |TAMS 0x000000008c900000, 0x000000008c900000| Untracked 
| 202|0x000000008ca00000, 0x000000008ca00000, 0x000000008cb00000|  0%| F|  |TAMS 0x000000008ca00000, 0x000000008ca00000| Untracked 
| 203|0x000000008cb00000, 0x000000008cb00000, 0x000000008cc00000|  0%| F|  |TAMS 0x000000008cb00000, 0x000000008cb00000| Untracked 
| 204|0x000000008cc00000, 0x000000008cc00000, 0x000000008cd00000|  0%| F|  |TAMS 0x000000008cc00000, 0x000000008cc00000| Untracked 
| 205|0x000000008cd00000, 0x000000008cd00000, 0x000000008ce00000|  0%| F|  |TAMS 0x000000008cd00000, 0x000000008cd00000| Untracked 
| 206|0x000000008ce00000, 0x000000008ce00000, 0x000000008cf00000|  0%| F|  |TAMS 0x000000008ce00000, 0x000000008ce00000| Untracked 
| 207|0x000000008cf00000, 0x000000008cf00000, 0x000000008d000000|  0%| F|  |TAMS 0x000000008cf00000, 0x000000008cf00000| Untracked 
| 208|0x000000008d000000, 0x000000008d000000, 0x000000008d100000|  0%| F|  |TAMS 0x000000008d000000, 0x000000008d000000| Untracked 
| 209|0x000000008d100000, 0x000000008d100000, 0x000000008d200000|  0%| F|  |TAMS 0x000000008d100000, 0x000000008d100000| Untracked 
| 210|0x000000008d200000, 0x000000008d200000, 0x000000008d300000|  0%| F|  |TAMS 0x000000008d200000, 0x000000008d200000| Untracked 
| 211|0x000000008d300000, 0x000000008d300000, 0x000000008d400000|  0%| F|  |TAMS 0x000000008d300000, 0x000000008d300000| Untracked 
| 212|0x000000008d400000, 0x000000008d400000, 0x000000008d500000|  0%| F|  |TAMS 0x000000008d400000, 0x000000008d400000| Untracked 
| 213|0x000000008d500000, 0x000000008d500000, 0x000000008d600000|  0%| F|  |TAMS 0x000000008d500000, 0x000000008d500000| Untracked 
| 214|0x000000008d600000, 0x000000008d600000, 0x000000008d700000|  0%| F|  |TAMS 0x000000008d600000, 0x000000008d600000| Untracked 
| 215|0x000000008d700000, 0x000000008d700000, 0x000000008d800000|  0%| F|  |TAMS 0x000000008d700000, 0x000000008d700000| Untracked 
| 216|0x000000008d800000, 0x000000008d800000, 0x000000008d900000|  0%| F|  |TAMS 0x000000008d800000, 0x000000008d800000| Untracked 
| 217|0x000000008d900000, 0x000000008d900000, 0x000000008da00000|  0%| F|  |TAMS 0x000000008d900000, 0x000000008d900000| Untracked 
| 218|0x000000008da00000, 0x000000008da00000, 0x000000008db00000|  0%| F|  |TAMS 0x000000008da00000, 0x000000008da00000| Untracked 
| 219|0x000000008db00000, 0x000000008db00000, 0x000000008dc00000|  0%| F|  |TAMS 0x000000008db00000, 0x000000008db00000| Untracked 
| 220|0x000000008dc00000, 0x000000008dc00000, 0x000000008dd00000|  0%| F|  |TAMS 0x000000008dc00000, 0x000000008dc00000| Untracked 
| 221|0x000000008dd00000, 0x000000008dd00000, 0x000000008de00000|  0%| F|  |TAMS 0x000000008dd00000, 0x000000008dd00000| Untracked 
| 222|0x000000008de00000, 0x000000008de00000, 0x000000008df00000|  0%| F|  |TAMS 0x000000008de00000, 0x000000008de00000| Untracked 
| 223|0x000000008df00000, 0x000000008df00000, 0x000000008e000000|  0%| F|  |TAMS 0x000000008df00000, 0x000000008df00000| Untracked 
| 224|0x000000008e000000, 0x000000008e000000, 0x000000008e100000|  0%| F|  |TAMS 0x000000008e000000, 0x000000008e000000| Untracked 
| 225|0x000000008e100000, 0x000000008e100000, 0x000000008e200000|  0%| F|  |TAMS 0x000000008e100000, 0x000000008e100000| Untracked 
| 226|0x000000008e200000, 0x000000008e200000, 0x000000008e300000|  0%| F|  |TAMS 0x000000008e200000, 0x000000008e200000| Untracked 
| 227|0x000000008e300000, 0x000000008e300000, 0x000000008e400000|  0%| F|  |TAMS 0x000000008e300000, 0x000000008e300000| Untracked 
| 228|0x000000008e400000, 0x000000008e400000, 0x000000008e500000|  0%| F|  |TAMS 0x000000008e400000, 0x000000008e400000| Untracked 
| 229|0x000000008e500000, 0x000000008e500000, 0x000000008e600000|  0%| F|  |TAMS 0x000000008e500000, 0x000000008e500000| Untracked 
| 230|0x000000008e600000, 0x000000008e600000, 0x000000008e700000|  0%| F|  |TAMS 0x000000008e600000, 0x000000008e600000| Untracked 
| 231|0x000000008e700000, 0x000000008e700000, 0x000000008e800000|  0%| F|  |TAMS 0x000000008e700000, 0x000000008e700000| Untracked 
| 232|0x000000008e800000, 0x000000008e800000, 0x000000008e900000|  0%| F|  |TAMS 0x000000008e800000, 0x000000008e800000| Untracked 
| 233|0x000000008e900000, 0x000000008e900000, 0x000000008ea00000|  0%| F|  |TAMS 0x000000008e900000, 0x000000008e900000| Untracked 
| 234|0x000000008ea00000, 0x000000008ea00000, 0x000000008eb00000|  0%| F|  |TAMS 0x000000008ea00000, 0x000000008ea00000| Untracked 
| 235|0x000000008eb00000, 0x000000008eb00000, 0x000000008ec00000|  0%| F|  |TAMS 0x000000008eb00000, 0x000000008eb00000| Untracked 
| 236|0x000000008ec00000, 0x000000008ec00000, 0x000000008ed00000|  0%| F|  |TAMS 0x000000008ec00000, 0x000000008ec00000| Untracked 
| 237|0x000000008ed00000, 0x000000008ed00000, 0x000000008ee00000|  0%| F|  |TAMS 0x000000008ed00000, 0x000000008ed00000| Untracked 
| 238|0x000000008ee00000, 0x000000008ee00000, 0x000000008ef00000|  0%| F|  |TAMS 0x000000008ee00000, 0x000000008ee00000| Untracked 
| 239|0x000000008ef00000, 0x000000008ef00000, 0x000000008f000000|  0%| F|  |TAMS 0x000000008ef00000, 0x000000008ef00000| Untracked 
| 240|0x000000008f000000, 0x000000008f000000, 0x000000008f100000|  0%| F|  |TAMS 0x000000008f000000, 0x000000008f000000| Untracked 
| 241|0x000000008f100000, 0x000000008f100000, 0x000000008f200000|  0%| F|  |TAMS 0x000000008f100000, 0x000000008f100000| Untracked 
| 242|0x000000008f200000, 0x000000008f200000, 0x000000008f300000|  0%| F|  |TAMS 0x000000008f200000, 0x000000008f200000| Untracked 
| 243|0x000000008f300000, 0x000000008f300000, 0x000000008f400000|  0%| F|  |TAMS 0x000000008f300000, 0x000000008f300000| Untracked 
| 244|0x000000008f400000, 0x000000008f400000, 0x000000008f500000|  0%| F|  |TAMS 0x000000008f400000, 0x000000008f400000| Untracked 
| 245|0x000000008f500000, 0x000000008f500000, 0x000000008f600000|  0%| F|  |TAMS 0x000000008f500000, 0x000000008f500000| Untracked 
| 246|0x000000008f600000, 0x000000008f600000, 0x000000008f700000|  0%| F|  |TAMS 0x000000008f600000, 0x000000008f600000| Untracked 
| 247|0x000000008f700000, 0x000000008f700000, 0x000000008f800000|  0%| F|  |TAMS 0x000000008f700000, 0x000000008f700000| Untracked 
| 248|0x000000008f800000, 0x000000008f800000, 0x000000008f900000|  0%| F|  |TAMS 0x000000008f800000, 0x000000008f800000| Untracked 
| 249|0x000000008f900000, 0x000000008f900000, 0x000000008fa00000|  0%| F|  |TAMS 0x000000008f900000, 0x000000008f900000| Untracked 
| 250|0x000000008fa00000, 0x000000008fa00000, 0x000000008fb00000|  0%| F|  |TAMS 0x000000008fa00000, 0x000000008fa00000| Untracked 
| 251|0x000000008fb00000, 0x000000008fb00000, 0x000000008fc00000|  0%| F|  |TAMS 0x000000008fb00000, 0x000000008fb00000| Untracked 
| 252|0x000000008fc00000, 0x000000008fc00000, 0x000000008fd00000|  0%| F|  |TAMS 0x000000008fc00000, 0x000000008fc00000| Untracked 
| 253|0x000000008fd00000, 0x000000008fd00000, 0x000000008fe00000|  0%| F|  |TAMS 0x000000008fd00000, 0x000000008fd00000| Untracked 
| 254|0x000000008fe00000, 0x000000008fe00000, 0x000000008ff00000|  0%| F|  |TAMS 0x000000008fe00000, 0x000000008fe00000| Untracked 
| 255|0x000000008ff00000, 0x000000008ff00000, 0x0000000090000000|  0%| F|  |TAMS 0x000000008ff00000, 0x000000008ff00000| Untracked 
| 256|0x0000000090000000, 0x0000000090000000, 0x0000000090100000|  0%| F|  |TAMS 0x0000000090000000, 0x0000000090000000| Untracked 
| 257|0x0000000090100000, 0x0000000090100000, 0x0000000090200000|  0%| F|  |TAMS 0x0000000090100000, 0x0000000090100000| Untracked 
| 258|0x0000000090200000, 0x0000000090200000, 0x0000000090300000|  0%| F|  |TAMS 0x0000000090200000, 0x0000000090200000| Untracked 
| 259|0x0000000090300000, 0x0000000090300000, 0x0000000090400000|  0%| F|  |TAMS 0x0000000090300000, 0x0000000090300000| Untracked 
| 260|0x0000000090400000, 0x0000000090400000, 0x0000000090500000|  0%| F|  |TAMS 0x0000000090400000, 0x0000000090400000| Untracked 
| 261|0x0000000090500000, 0x0000000090500000, 0x0000000090600000|  0%| F|  |TAMS 0x0000000090500000, 0x0000000090500000| Untracked 
| 262|0x0000000090600000, 0x0000000090600000, 0x0000000090700000|  0%| F|  |TAMS 0x0000000090600000, 0x0000000090600000| Untracked 
| 263|0x0000000090700000, 0x0000000090700000, 0x0000000090800000|  0%| F|  |TAMS 0x0000000090700000, 0x0000000090700000| Untracked 
| 264|0x0000000090800000, 0x0000000090800000, 0x0000000090900000|  0%| F|  |TAMS 0x0000000090800000, 0x0000000090800000| Untracked 
| 265|0x0000000090900000, 0x0000000090900000, 0x0000000090a00000|  0%| F|  |TAMS 0x0000000090900000, 0x0000000090900000| Untracked 
| 266|0x0000000090a00000, 0x0000000090a00000, 0x0000000090b00000|  0%| F|  |TAMS 0x0000000090a00000, 0x0000000090a00000| Untracked 
| 267|0x0000000090b00000, 0x0000000090b00000, 0x0000000090c00000|  0%| F|  |TAMS 0x0000000090b00000, 0x0000000090b00000| Untracked 
| 268|0x0000000090c00000, 0x0000000090c00000, 0x0000000090d00000|  0%| F|  |TAMS 0x0000000090c00000, 0x0000000090c00000| Untracked 
| 269|0x0000000090d00000, 0x0000000090d00000, 0x0000000090e00000|  0%| F|  |TAMS 0x0000000090d00000, 0x0000000090d00000| Untracked 
| 270|0x0000000090e00000, 0x0000000090e00000, 0x0000000090f00000|  0%| F|  |TAMS 0x0000000090e00000, 0x0000000090e00000| Untracked 
| 271|0x0000000090f00000, 0x0000000090f00000, 0x0000000091000000|  0%| F|  |TAMS 0x0000000090f00000, 0x0000000090f00000| Untracked 
| 272|0x0000000091000000, 0x0000000091000000, 0x0000000091100000|  0%| F|  |TAMS 0x0000000091000000, 0x0000000091000000| Untracked 
| 273|0x0000000091100000, 0x0000000091100000, 0x0000000091200000|  0%| F|  |TAMS 0x0000000091100000, 0x0000000091100000| Untracked 
| 274|0x0000000091200000, 0x0000000091200000, 0x0000000091300000|  0%| F|  |TAMS 0x0000000091200000, 0x0000000091200000| Untracked 
| 275|0x0000000091300000, 0x0000000091300000, 0x0000000091400000|  0%| F|  |TAMS 0x0000000091300000, 0x0000000091300000| Untracked 
| 276|0x0000000091400000, 0x0000000091400000, 0x0000000091500000|  0%| F|  |TAMS 0x0000000091400000, 0x0000000091400000| Untracked 
| 277|0x0000000091500000, 0x0000000091500000, 0x0000000091600000|  0%| F|  |TAMS 0x0000000091500000, 0x0000000091500000| Untracked 
| 278|0x0000000091600000, 0x0000000091600000, 0x0000000091700000|  0%| F|  |TAMS 0x0000000091600000, 0x0000000091600000| Untracked 
| 279|0x0000000091700000, 0x0000000091700000, 0x0000000091800000|  0%| F|  |TAMS 0x0000000091700000, 0x0000000091700000| Untracked 
| 280|0x0000000091800000, 0x0000000091800000, 0x0000000091900000|  0%| F|  |TAMS 0x0000000091800000, 0x0000000091800000| Untracked 
| 281|0x0000000091900000, 0x0000000091900000, 0x0000000091a00000|  0%| F|  |TAMS 0x0000000091900000, 0x0000000091900000| Untracked 
| 282|0x0000000091a00000, 0x0000000091a00000, 0x0000000091b00000|  0%| F|  |TAMS 0x0000000091a00000, 0x0000000091a00000| Untracked 
| 283|0x0000000091b00000, 0x0000000091b00000, 0x0000000091c00000|  0%| F|  |TAMS 0x0000000091b00000, 0x0000000091b00000| Untracked 
| 284|0x0000000091c00000, 0x0000000091c00000, 0x0000000091d00000|  0%| F|  |TAMS 0x0000000091c00000, 0x0000000091c00000| Untracked 
| 285|0x0000000091d00000, 0x0000000091d00000, 0x0000000091e00000|  0%| F|  |TAMS 0x0000000091d00000, 0x0000000091d00000| Untracked 
| 286|0x0000000091e00000, 0x0000000091e00000, 0x0000000091f00000|  0%| F|  |TAMS 0x0000000091e00000, 0x0000000091e00000| Untracked 
| 287|0x0000000091f00000, 0x0000000091f00000, 0x0000000092000000|  0%| F|  |TAMS 0x0000000091f00000, 0x0000000091f00000| Untracked 
| 288|0x0000000092000000, 0x0000000092000000, 0x0000000092100000|  0%| F|  |TAMS 0x0000000092000000, 0x0000000092000000| Untracked 
| 289|0x0000000092100000, 0x0000000092100000, 0x0000000092200000|  0%| F|  |TAMS 0x0000000092100000, 0x0000000092100000| Untracked 
| 290|0x0000000092200000, 0x0000000092200000, 0x0000000092300000|  0%| F|  |TAMS 0x0000000092200000, 0x0000000092200000| Untracked 
| 291|0x0000000092300000, 0x0000000092300000, 0x0000000092400000|  0%| F|  |TAMS 0x0000000092300000, 0x0000000092300000| Untracked 
| 292|0x0000000092400000, 0x0000000092400000, 0x0000000092500000|  0%| F|  |TAMS 0x0000000092400000, 0x0000000092400000| Untracked 
| 293|0x0000000092500000, 0x0000000092500000, 0x0000000092600000|  0%| F|  |TAMS 0x0000000092500000, 0x0000000092500000| Untracked 
| 294|0x0000000092600000, 0x0000000092600000, 0x0000000092700000|  0%| F|  |TAMS 0x0000000092600000, 0x0000000092600000| Untracked 
| 295|0x0000000092700000, 0x0000000092700000, 0x0000000092800000|  0%| F|  |TAMS 0x0000000092700000, 0x0000000092700000| Untracked 
| 296|0x0000000092800000, 0x0000000092800000, 0x0000000092900000|  0%| F|  |TAMS 0x0000000092800000, 0x0000000092800000| Untracked 
| 297|0x0000000092900000, 0x0000000092900000, 0x0000000092a00000|  0%| F|  |TAMS 0x0000000092900000, 0x0000000092900000| Untracked 
| 298|0x0000000092a00000, 0x0000000092a00000, 0x0000000092b00000|  0%| F|  |TAMS 0x0000000092a00000, 0x0000000092a00000| Untracked 
| 299|0x0000000092b00000, 0x0000000092b00000, 0x0000000092c00000|  0%| F|  |TAMS 0x0000000092b00000, 0x0000000092b00000| Untracked 
| 300|0x0000000092c00000, 0x0000000092c00000, 0x0000000092d00000|  0%| F|  |TAMS 0x0000000092c00000, 0x0000000092c00000| Untracked 
| 301|0x0000000092d00000, 0x0000000092d00000, 0x0000000092e00000|  0%| F|  |TAMS 0x0000000092d00000, 0x0000000092d00000| Untracked 
| 302|0x0000000092e00000, 0x0000000092e00000, 0x0000000092f00000|  0%| F|  |TAMS 0x0000000092e00000, 0x0000000092e00000| Untracked 
| 303|0x0000000092f00000, 0x0000000092f00000, 0x0000000093000000|  0%| F|  |TAMS 0x0000000092f00000, 0x0000000092f00000| Untracked 
| 304|0x0000000093000000, 0x0000000093000000, 0x0000000093100000|  0%| F|  |TAMS 0x0000000093000000, 0x0000000093000000| Untracked 
| 305|0x0000000093100000, 0x0000000093100000, 0x0000000093200000|  0%| F|  |TAMS 0x0000000093100000, 0x0000000093100000| Untracked 
| 306|0x0000000093200000, 0x0000000093200000, 0x0000000093300000|  0%| F|  |TAMS 0x0000000093200000, 0x0000000093200000| Untracked 
| 307|0x0000000093300000, 0x0000000093300000, 0x0000000093400000|  0%| F|  |TAMS 0x0000000093300000, 0x0000000093300000| Untracked 
| 308|0x0000000093400000, 0x0000000093400000, 0x0000000093500000|  0%| F|  |TAMS 0x0000000093400000, 0x0000000093400000| Untracked 
| 309|0x0000000093500000, 0x0000000093500000, 0x0000000093600000|  0%| F|  |TAMS 0x0000000093500000, 0x0000000093500000| Untracked 
| 310|0x0000000093600000, 0x0000000093600000, 0x0000000093700000|  0%| F|  |TAMS 0x0000000093600000, 0x0000000093600000| Untracked 
| 311|0x0000000093700000, 0x0000000093700000, 0x0000000093800000|  0%| F|  |TAMS 0x0000000093700000, 0x0000000093700000| Untracked 
| 312|0x0000000093800000, 0x0000000093800000, 0x0000000093900000|  0%| F|  |TAMS 0x0000000093800000, 0x0000000093800000| Untracked 
| 313|0x0000000093900000, 0x0000000093900000, 0x0000000093a00000|  0%| F|  |TAMS 0x0000000093900000, 0x0000000093900000| Untracked 
| 314|0x0000000093a00000, 0x0000000093a00000, 0x0000000093b00000|  0%| F|  |TAMS 0x0000000093a00000, 0x0000000093a00000| Untracked 
| 315|0x0000000093b00000, 0x0000000093b00000, 0x0000000093c00000|  0%| F|  |TAMS 0x0000000093b00000, 0x0000000093b00000| Untracked 
| 316|0x0000000093c00000, 0x0000000093c00000, 0x0000000093d00000|  0%| F|  |TAMS 0x0000000093c00000, 0x0000000093c00000| Untracked 
| 317|0x0000000093d00000, 0x0000000093d00000, 0x0000000093e00000|  0%| F|  |TAMS 0x0000000093d00000, 0x0000000093d00000| Untracked 
| 318|0x0000000093e00000, 0x0000000093e00000, 0x0000000093f00000|  0%| F|  |TAMS 0x0000000093e00000, 0x0000000093e00000| Untracked 
| 319|0x0000000093f00000, 0x0000000093f00000, 0x0000000094000000|  0%| F|  |TAMS 0x0000000093f00000, 0x0000000093f00000| Untracked 
| 320|0x0000000094000000, 0x0000000094000000, 0x0000000094100000|  0%| F|  |TAMS 0x0000000094000000, 0x0000000094000000| Untracked 
| 321|0x0000000094100000, 0x0000000094100000, 0x0000000094200000|  0%| F|  |TAMS 0x0000000094100000, 0x0000000094100000| Untracked 
| 322|0x0000000094200000, 0x0000000094200000, 0x0000000094300000|  0%| F|  |TAMS 0x0000000094200000, 0x0000000094200000| Untracked 
| 323|0x0000000094300000, 0x0000000094300000, 0x0000000094400000|  0%| F|  |TAMS 0x0000000094300000, 0x0000000094300000| Untracked 
| 324|0x0000000094400000, 0x0000000094400000, 0x0000000094500000|  0%| F|  |TAMS 0x0000000094400000, 0x0000000094400000| Untracked 
| 325|0x0000000094500000, 0x0000000094500000, 0x0000000094600000|  0%| F|  |TAMS 0x0000000094500000, 0x0000000094500000| Untracked 
| 326|0x0000000094600000, 0x0000000094600000, 0x0000000094700000|  0%| F|  |TAMS 0x0000000094600000, 0x0000000094600000| Untracked 
| 327|0x0000000094700000, 0x0000000094700000, 0x0000000094800000|  0%| F|  |TAMS 0x0000000094700000, 0x0000000094700000| Untracked 
| 328|0x0000000094800000, 0x0000000094800000, 0x0000000094900000|  0%| F|  |TAMS 0x0000000094800000, 0x0000000094800000| Untracked 
| 329|0x0000000094900000, 0x0000000094900000, 0x0000000094a00000|  0%| F|  |TAMS 0x0000000094900000, 0x0000000094900000| Untracked 
| 330|0x0000000094a00000, 0x0000000094a00000, 0x0000000094b00000|  0%| F|  |TAMS 0x0000000094a00000, 0x0000000094a00000| Untracked 
| 331|0x0000000094b00000, 0x0000000094b00000, 0x0000000094c00000|  0%| F|  |TAMS 0x0000000094b00000, 0x0000000094b00000| Untracked 
| 332|0x0000000094c00000, 0x0000000094c00000, 0x0000000094d00000|  0%| F|  |TAMS 0x0000000094c00000, 0x0000000094c00000| Untracked 
| 333|0x0000000094d00000, 0x0000000094d00000, 0x0000000094e00000|  0%| F|  |TAMS 0x0000000094d00000, 0x0000000094d00000| Untracked 
| 334|0x0000000094e00000, 0x0000000094e00000, 0x0000000094f00000|  0%| F|  |TAMS 0x0000000094e00000, 0x0000000094e00000| Untracked 
| 335|0x0000000094f00000, 0x0000000094f00000, 0x0000000095000000|  0%| F|  |TAMS 0x0000000094f00000, 0x0000000094f00000| Untracked 
| 336|0x0000000095000000, 0x0000000095000000, 0x0000000095100000|  0%| F|  |TAMS 0x0000000095000000, 0x0000000095000000| Untracked 
| 337|0x0000000095100000, 0x0000000095100000, 0x0000000095200000|  0%| F|  |TAMS 0x0000000095100000, 0x0000000095100000| Untracked 
| 338|0x0000000095200000, 0x0000000095200000, 0x0000000095300000|  0%| F|  |TAMS 0x0000000095200000, 0x0000000095200000| Untracked 
| 339|0x0000000095300000, 0x0000000095300000, 0x0000000095400000|  0%| F|  |TAMS 0x0000000095300000, 0x0000000095300000| Untracked 
| 340|0x0000000095400000, 0x0000000095400000, 0x0000000095500000|  0%| F|  |TAMS 0x0000000095400000, 0x0000000095400000| Untracked 
| 341|0x0000000095500000, 0x0000000095500000, 0x0000000095600000|  0%| F|  |TAMS 0x0000000095500000, 0x0000000095500000| Untracked 
| 342|0x0000000095600000, 0x0000000095600000, 0x0000000095700000|  0%| F|  |TAMS 0x0000000095600000, 0x0000000095600000| Untracked 
| 343|0x0000000095700000, 0x0000000095700000, 0x0000000095800000|  0%| F|  |TAMS 0x0000000095700000, 0x0000000095700000| Untracked 
| 344|0x0000000095800000, 0x0000000095800000, 0x0000000095900000|  0%| F|  |TAMS 0x0000000095800000, 0x0000000095800000| Untracked 
| 345|0x0000000095900000, 0x0000000095900000, 0x0000000095a00000|  0%| F|  |TAMS 0x0000000095900000, 0x0000000095900000| Untracked 
| 346|0x0000000095a00000, 0x0000000095a00000, 0x0000000095b00000|  0%| F|  |TAMS 0x0000000095a00000, 0x0000000095a00000| Untracked 
| 347|0x0000000095b00000, 0x0000000095b00000, 0x0000000095c00000|  0%| F|  |TAMS 0x0000000095b00000, 0x0000000095b00000| Untracked 
| 348|0x0000000095c00000, 0x0000000095c00000, 0x0000000095d00000|  0%| F|  |TAMS 0x0000000095c00000, 0x0000000095c00000| Untracked 
| 349|0x0000000095d00000, 0x0000000095d00000, 0x0000000095e00000|  0%| F|  |TAMS 0x0000000095d00000, 0x0000000095d00000| Untracked 
| 350|0x0000000095e00000, 0x0000000095e00000, 0x0000000095f00000|  0%| F|  |TAMS 0x0000000095e00000, 0x0000000095e00000| Untracked 
| 351|0x0000000095f00000, 0x0000000095f00000, 0x0000000096000000|  0%| F|  |TAMS 0x0000000095f00000, 0x0000000095f00000| Untracked 
| 352|0x0000000096000000, 0x0000000096000000, 0x0000000096100000|  0%| F|  |TAMS 0x0000000096000000, 0x0000000096000000| Untracked 
| 353|0x0000000096100000, 0x0000000096100000, 0x0000000096200000|  0%| F|  |TAMS 0x0000000096100000, 0x0000000096100000| Untracked 
| 354|0x0000000096200000, 0x0000000096200000, 0x0000000096300000|  0%| F|  |TAMS 0x0000000096200000, 0x0000000096200000| Untracked 
| 355|0x0000000096300000, 0x0000000096300000, 0x0000000096400000|  0%| F|  |TAMS 0x0000000096300000, 0x0000000096300000| Untracked 
| 356|0x0000000096400000, 0x0000000096400000, 0x0000000096500000|  0%| F|  |TAMS 0x0000000096400000, 0x0000000096400000| Untracked 
| 357|0x0000000096500000, 0x0000000096500000, 0x0000000096600000|  0%| F|  |TAMS 0x0000000096500000, 0x0000000096500000| Untracked 
| 358|0x0000000096600000, 0x0000000096600000, 0x0000000096700000|  0%| F|  |TAMS 0x0000000096600000, 0x0000000096600000| Untracked 
| 359|0x0000000096700000, 0x0000000096700000, 0x0000000096800000|  0%| F|  |TAMS 0x0000000096700000, 0x0000000096700000| Untracked 
| 360|0x0000000096800000, 0x0000000096800000, 0x0000000096900000|  0%| F|  |TAMS 0x0000000096800000, 0x0000000096800000| Untracked 
| 361|0x0000000096900000, 0x0000000096900000, 0x0000000096a00000|  0%| F|  |TAMS 0x0000000096900000, 0x0000000096900000| Untracked 
| 362|0x0000000096a00000, 0x0000000096a00000, 0x0000000096b00000|  0%| F|  |TAMS 0x0000000096a00000, 0x0000000096a00000| Untracked 
| 363|0x0000000096b00000, 0x0000000096b00000, 0x0000000096c00000|  0%| F|  |TAMS 0x0000000096b00000, 0x0000000096b00000| Untracked 
| 364|0x0000000096c00000, 0x0000000096c00000, 0x0000000096d00000|  0%| F|  |TAMS 0x0000000096c00000, 0x0000000096c00000| Untracked 
| 365|0x0000000096d00000, 0x0000000096d00000, 0x0000000096e00000|  0%| F|  |TAMS 0x0000000096d00000, 0x0000000096d00000| Untracked 
| 366|0x0000000096e00000, 0x0000000096e00000, 0x0000000096f00000|  0%| F|  |TAMS 0x0000000096e00000, 0x0000000096e00000| Untracked 
| 367|0x0000000096f00000, 0x0000000096f00000, 0x0000000097000000|  0%| F|  |TAMS 0x0000000096f00000, 0x0000000096f00000| Untracked 
| 368|0x0000000097000000, 0x0000000097000000, 0x0000000097100000|  0%| F|  |TAMS 0x0000000097000000, 0x0000000097000000| Untracked 
| 369|0x0000000097100000, 0x0000000097100000, 0x0000000097200000|  0%| F|  |TAMS 0x0000000097100000, 0x0000000097100000| Untracked 
| 370|0x0000000097200000, 0x0000000097200000, 0x0000000097300000|  0%| F|  |TAMS 0x0000000097200000, 0x0000000097200000| Untracked 
| 371|0x0000000097300000, 0x0000000097300000, 0x0000000097400000|  0%| F|  |TAMS 0x0000000097300000, 0x0000000097300000| Untracked 
| 372|0x0000000097400000, 0x0000000097400000, 0x0000000097500000|  0%| F|  |TAMS 0x0000000097400000, 0x0000000097400000| Untracked 
| 373|0x0000000097500000, 0x0000000097500000, 0x0000000097600000|  0%| F|  |TAMS 0x0000000097500000, 0x0000000097500000| Untracked 
| 374|0x0000000097600000, 0x0000000097600000, 0x0000000097700000|  0%| F|  |TAMS 0x0000000097600000, 0x0000000097600000| Untracked 
| 375|0x0000000097700000, 0x0000000097700000, 0x0000000097800000|  0%| F|  |TAMS 0x0000000097700000, 0x0000000097700000| Untracked 
| 376|0x0000000097800000, 0x0000000097800000, 0x0000000097900000|  0%| F|  |TAMS 0x0000000097800000, 0x0000000097800000| Untracked 
| 377|0x0000000097900000, 0x0000000097900000, 0x0000000097a00000|  0%| F|  |TAMS 0x0000000097900000, 0x0000000097900000| Untracked 
| 378|0x0000000097a00000, 0x0000000097a00000, 0x0000000097b00000|  0%| F|  |TAMS 0x0000000097a00000, 0x0000000097a00000| Untracked 
| 379|0x0000000097b00000, 0x0000000097b00000, 0x0000000097c00000|  0%| F|  |TAMS 0x0000000097b00000, 0x0000000097b00000| Untracked 
| 380|0x0000000097c00000, 0x0000000097c00000, 0x0000000097d00000|  0%| F|  |TAMS 0x0000000097c00000, 0x0000000097c00000| Untracked 
| 381|0x0000000097d00000, 0x0000000097d00000, 0x0000000097e00000|  0%| F|  |TAMS 0x0000000097d00000, 0x0000000097d00000| Untracked 
| 382|0x0000000097e00000, 0x0000000097e00000, 0x0000000097f00000|  0%| F|  |TAMS 0x0000000097e00000, 0x0000000097e00000| Untracked 
| 383|0x0000000097f00000, 0x0000000097f00000, 0x0000000098000000|  0%| F|  |TAMS 0x0000000097f00000, 0x0000000097f00000| Untracked 
| 384|0x0000000098000000, 0x0000000098000000, 0x0000000098100000|  0%| F|  |TAMS 0x0000000098000000, 0x0000000098000000| Untracked 
| 385|0x0000000098100000, 0x0000000098100000, 0x0000000098200000|  0%| F|  |TAMS 0x0000000098100000, 0x0000000098100000| Untracked 
| 386|0x0000000098200000, 0x0000000098200000, 0x0000000098300000|  0%| F|  |TAMS 0x0000000098200000, 0x0000000098200000| Untracked 
| 387|0x0000000098300000, 0x0000000098300000, 0x0000000098400000|  0%| F|  |TAMS 0x0000000098300000, 0x0000000098300000| Untracked 
| 388|0x0000000098400000, 0x0000000098400000, 0x0000000098500000|  0%| F|  |TAMS 0x0000000098400000, 0x0000000098400000| Untracked 
| 389|0x0000000098500000, 0x0000000098500000, 0x0000000098600000|  0%| F|  |TAMS 0x0000000098500000, 0x0000000098500000| Untracked 
| 390|0x0000000098600000, 0x0000000098600000, 0x0000000098700000|  0%| F|  |TAMS 0x0000000098600000, 0x0000000098600000| Untracked 
| 391|0x0000000098700000, 0x0000000098700000, 0x0000000098800000|  0%| F|  |TAMS 0x0000000098700000, 0x0000000098700000| Untracked 
| 392|0x0000000098800000, 0x0000000098800000, 0x0000000098900000|  0%| F|  |TAMS 0x0000000098800000, 0x0000000098800000| Untracked 
| 393|0x0000000098900000, 0x0000000098900000, 0x0000000098a00000|  0%| F|  |TAMS 0x0000000098900000, 0x0000000098900000| Untracked 
| 394|0x0000000098a00000, 0x0000000098a00000, 0x0000000098b00000|  0%| F|  |TAMS 0x0000000098a00000, 0x0000000098a00000| Untracked 
| 395|0x0000000098b00000, 0x0000000098b00000, 0x0000000098c00000|  0%| F|  |TAMS 0x0000000098b00000, 0x0000000098b00000| Untracked 
| 396|0x0000000098c00000, 0x0000000098c00000, 0x0000000098d00000|  0%| F|  |TAMS 0x0000000098c00000, 0x0000000098c00000| Untracked 
| 397|0x0000000098d00000, 0x0000000098d00000, 0x0000000098e00000|  0%| F|  |TAMS 0x0000000098d00000, 0x0000000098d00000| Untracked 
| 398|0x0000000098e00000, 0x0000000098e00000, 0x0000000098f00000|  0%| F|  |TAMS 0x0000000098e00000, 0x0000000098e00000| Untracked 
| 399|0x0000000098f00000, 0x0000000098f00000, 0x0000000099000000|  0%| F|  |TAMS 0x0000000098f00000, 0x0000000098f00000| Untracked 
| 400|0x0000000099000000, 0x0000000099000000, 0x0000000099100000|  0%| F|  |TAMS 0x0000000099000000, 0x0000000099000000| Untracked 
| 401|0x0000000099100000, 0x0000000099100000, 0x0000000099200000|  0%| F|  |TAMS 0x0000000099100000, 0x0000000099100000| Untracked 
| 402|0x0000000099200000, 0x0000000099200000, 0x0000000099300000|  0%| F|  |TAMS 0x0000000099200000, 0x0000000099200000| Untracked 
| 403|0x0000000099300000, 0x0000000099300000, 0x0000000099400000|  0%| F|  |TAMS 0x0000000099300000, 0x0000000099300000| Untracked 
| 404|0x0000000099400000, 0x0000000099400000, 0x0000000099500000|  0%| F|  |TAMS 0x0000000099400000, 0x0000000099400000| Untracked 
| 405|0x0000000099500000, 0x0000000099500000, 0x0000000099600000|  0%| F|  |TAMS 0x0000000099500000, 0x0000000099500000| Untracked 
| 406|0x0000000099600000, 0x0000000099600000, 0x0000000099700000|  0%| F|  |TAMS 0x0000000099600000, 0x0000000099600000| Untracked 
| 407|0x0000000099700000, 0x0000000099700000, 0x0000000099800000|  0%| F|  |TAMS 0x0000000099700000, 0x0000000099700000| Untracked 
| 408|0x0000000099800000, 0x0000000099800000, 0x0000000099900000|  0%| F|  |TAMS 0x0000000099800000, 0x0000000099800000| Untracked 
| 409|0x0000000099900000, 0x0000000099900000, 0x0000000099a00000|  0%| F|  |TAMS 0x0000000099900000, 0x0000000099900000| Untracked 
| 410|0x0000000099a00000, 0x0000000099a974e8, 0x0000000099b00000| 59%| S|CS|TAMS 0x0000000099a00000, 0x0000000099a00000| Complete 
| 411|0x0000000099b00000, 0x0000000099c00000, 0x0000000099c00000|100%| S|CS|TAMS 0x0000000099b00000, 0x0000000099b00000| Complete 
| 412|0x0000000099c00000, 0x0000000099d00000, 0x0000000099d00000|100%| S|CS|TAMS 0x0000000099c00000, 0x0000000099c00000| Complete 
| 413|0x0000000099d00000, 0x0000000099e00000, 0x0000000099e00000|100%| S|CS|TAMS 0x0000000099d00000, 0x0000000099d00000| Complete 
| 414|0x0000000099e00000, 0x0000000099f00000, 0x0000000099f00000|100%| S|CS|TAMS 0x0000000099e00000, 0x0000000099e00000| Complete 
| 415|0x0000000099f00000, 0x000000009a000000, 0x000000009a000000|100%| S|CS|TAMS 0x0000000099f00000, 0x0000000099f00000| Complete 
| 416|0x000000009a000000, 0x000000009a100000, 0x000000009a100000|100%| S|CS|TAMS 0x000000009a000000, 0x000000009a000000| Complete 
| 417|0x000000009a100000, 0x000000009a200000, 0x000000009a200000|100%| S|CS|TAMS 0x000000009a100000, 0x000000009a100000| Complete 
| 418|0x000000009a200000, 0x000000009a200000, 0x000000009a300000|  0%| F|  |TAMS 0x000000009a200000, 0x000000009a200000| Untracked 
| 419|0x000000009a300000, 0x000000009a300000, 0x000000009a400000|  0%| F|  |TAMS 0x000000009a300000, 0x000000009a300000| Untracked 
| 420|0x000000009a400000, 0x000000009a400000, 0x000000009a500000|  0%| F|  |TAMS 0x000000009a400000, 0x000000009a400000| Untracked 
| 421|0x000000009a500000, 0x000000009a500000, 0x000000009a600000|  0%| F|  |TAMS 0x000000009a500000, 0x000000009a500000| Untracked 
| 422|0x000000009a600000, 0x000000009a600000, 0x000000009a700000|  0%| F|  |TAMS 0x000000009a600000, 0x000000009a600000| Untracked 
| 423|0x000000009a700000, 0x000000009a700000, 0x000000009a800000|  0%| F|  |TAMS 0x000000009a700000, 0x000000009a700000| Untracked 
| 424|0x000000009a800000, 0x000000009a800000, 0x000000009a900000|  0%| F|  |TAMS 0x000000009a800000, 0x000000009a800000| Untracked 
| 425|0x000000009a900000, 0x000000009a900000, 0x000000009aa00000|  0%| F|  |TAMS 0x000000009a900000, 0x000000009a900000| Untracked 
| 426|0x000000009aa00000, 0x000000009aa00000, 0x000000009ab00000|  0%| F|  |TAMS 0x000000009aa00000, 0x000000009aa00000| Untracked 
| 427|0x000000009ab00000, 0x000000009ab00000, 0x000000009ac00000|  0%| F|  |TAMS 0x000000009ab00000, 0x000000009ab00000| Untracked 
| 428|0x000000009ac00000, 0x000000009ac00000, 0x000000009ad00000|  0%| F|  |TAMS 0x000000009ac00000, 0x000000009ac00000| Untracked 
| 429|0x000000009ad00000, 0x000000009ad00000, 0x000000009ae00000|  0%| F|  |TAMS 0x000000009ad00000, 0x000000009ad00000| Untracked 
| 430|0x000000009ae00000, 0x000000009ae00000, 0x000000009af00000|  0%| F|  |TAMS 0x000000009ae00000, 0x000000009ae00000| Untracked 
| 431|0x000000009af00000, 0x000000009af00000, 0x000000009b000000|  0%| F|  |TAMS 0x000000009af00000, 0x000000009af00000| Untracked 
| 432|0x000000009b000000, 0x000000009b000000, 0x000000009b100000|  0%| F|  |TAMS 0x000000009b000000, 0x000000009b000000| Untracked 
| 433|0x000000009b100000, 0x000000009b100000, 0x000000009b200000|  0%| F|  |TAMS 0x000000009b100000, 0x000000009b100000| Untracked 
| 434|0x000000009b200000, 0x000000009b200000, 0x000000009b300000|  0%| F|  |TAMS 0x000000009b200000, 0x000000009b200000| Untracked 
| 435|0x000000009b300000, 0x000000009b300000, 0x000000009b400000|  0%| F|  |TAMS 0x000000009b300000, 0x000000009b300000| Untracked 
| 436|0x000000009b400000, 0x000000009b400000, 0x000000009b500000|  0%| F|  |TAMS 0x000000009b400000, 0x000000009b400000| Untracked 
| 437|0x000000009b500000, 0x000000009b500000, 0x000000009b600000|  0%| F|  |TAMS 0x000000009b500000, 0x000000009b500000| Untracked 
| 438|0x000000009b600000, 0x000000009b600000, 0x000000009b700000|  0%| F|  |TAMS 0x000000009b600000, 0x000000009b600000| Untracked 
| 439|0x000000009b700000, 0x000000009b700000, 0x000000009b800000|  0%| F|  |TAMS 0x000000009b700000, 0x000000009b700000| Untracked 
| 440|0x000000009b800000, 0x000000009b800000, 0x000000009b900000|  0%| F|  |TAMS 0x000000009b800000, 0x000000009b800000| Untracked 
| 441|0x000000009b900000, 0x000000009b900000, 0x000000009ba00000|  0%| F|  |TAMS 0x000000009b900000, 0x000000009b900000| Untracked 
| 442|0x000000009ba00000, 0x000000009ba00000, 0x000000009bb00000|  0%| F|  |TAMS 0x000000009ba00000, 0x000000009ba00000| Untracked 
| 443|0x000000009bb00000, 0x000000009bb00000, 0x000000009bc00000|  0%| F|  |TAMS 0x000000009bb00000, 0x000000009bb00000| Untracked 
| 444|0x000000009bc00000, 0x000000009bc00000, 0x000000009bd00000|  0%| F|  |TAMS 0x000000009bc00000, 0x000000009bc00000| Untracked 
| 445|0x000000009bd00000, 0x000000009bd00000, 0x000000009be00000|  0%| F|  |TAMS 0x000000009bd00000, 0x000000009bd00000| Untracked 
| 446|0x000000009be00000, 0x000000009be00000, 0x000000009bf00000|  0%| F|  |TAMS 0x000000009be00000, 0x000000009be00000| Untracked 
| 447|0x000000009bf00000, 0x000000009bf00000, 0x000000009c000000|  0%| F|  |TAMS 0x000000009bf00000, 0x000000009bf00000| Untracked 
| 448|0x000000009c000000, 0x000000009c000000, 0x000000009c100000|  0%| F|  |TAMS 0x000000009c000000, 0x000000009c000000| Untracked 
| 449|0x000000009c100000, 0x000000009c100000, 0x000000009c200000|  0%| F|  |TAMS 0x000000009c100000, 0x000000009c100000| Untracked 
| 450|0x000000009c200000, 0x000000009c200000, 0x000000009c300000|  0%| F|  |TAMS 0x000000009c200000, 0x000000009c200000| Untracked 
| 451|0x000000009c300000, 0x000000009c300000, 0x000000009c400000|  0%| F|  |TAMS 0x000000009c300000, 0x000000009c300000| Untracked 
| 452|0x000000009c400000, 0x000000009c400000, 0x000000009c500000|  0%| F|  |TAMS 0x000000009c400000, 0x000000009c400000| Untracked 
| 453|0x000000009c500000, 0x000000009c500000, 0x000000009c600000|  0%| F|  |TAMS 0x000000009c500000, 0x000000009c500000| Untracked 
| 454|0x000000009c600000, 0x000000009c600000, 0x000000009c700000|  0%| F|  |TAMS 0x000000009c600000, 0x000000009c600000| Untracked 
| 455|0x000000009c700000, 0x000000009c700000, 0x000000009c800000|  0%| F|  |TAMS 0x000000009c700000, 0x000000009c700000| Untracked 
| 456|0x000000009c800000, 0x000000009c800000, 0x000000009c900000|  0%| F|  |TAMS 0x000000009c800000, 0x000000009c800000| Untracked 
| 457|0x000000009c900000, 0x000000009c900000, 0x000000009ca00000|  0%| F|  |TAMS 0x000000009c900000, 0x000000009c900000| Untracked 
| 458|0x000000009ca00000, 0x000000009ca00000, 0x000000009cb00000|  0%| F|  |TAMS 0x000000009ca00000, 0x000000009ca00000| Untracked 
| 459|0x000000009cb00000, 0x000000009cb00000, 0x000000009cc00000|  0%| F|  |TAMS 0x000000009cb00000, 0x000000009cb00000| Untracked 
| 460|0x000000009cc00000, 0x000000009cc00000, 0x000000009cd00000|  0%| F|  |TAMS 0x000000009cc00000, 0x000000009cc00000| Untracked 
| 461|0x000000009cd00000, 0x000000009cd00000, 0x000000009ce00000|  0%| F|  |TAMS 0x000000009cd00000, 0x000000009cd00000| Untracked 
| 462|0x000000009ce00000, 0x000000009ce00000, 0x000000009cf00000|  0%| F|  |TAMS 0x000000009ce00000, 0x000000009ce00000| Untracked 
| 463|0x000000009cf00000, 0x000000009cf00000, 0x000000009d000000|  0%| F|  |TAMS 0x000000009cf00000, 0x000000009cf00000| Untracked 
| 464|0x000000009d000000, 0x000000009d000000, 0x000000009d100000|  0%| F|  |TAMS 0x000000009d000000, 0x000000009d000000| Untracked 
| 465|0x000000009d100000, 0x000000009d100000, 0x000000009d200000|  0%| F|  |TAMS 0x000000009d100000, 0x000000009d100000| Untracked 
| 466|0x000000009d200000, 0x000000009d200000, 0x000000009d300000|  0%| F|  |TAMS 0x000000009d200000, 0x000000009d200000| Untracked 
| 467|0x000000009d300000, 0x000000009d300000, 0x000000009d400000|  0%| F|  |TAMS 0x000000009d300000, 0x000000009d300000| Untracked 
| 468|0x000000009d400000, 0x000000009d400000, 0x000000009d500000|  0%| F|  |TAMS 0x000000009d400000, 0x000000009d400000| Untracked 
| 469|0x000000009d500000, 0x000000009d500000, 0x000000009d600000|  0%| F|  |TAMS 0x000000009d500000, 0x000000009d500000| Untracked 
| 470|0x000000009d600000, 0x000000009d600000, 0x000000009d700000|  0%| F|  |TAMS 0x000000009d600000, 0x000000009d600000| Untracked 
| 471|0x000000009d700000, 0x000000009d700000, 0x000000009d800000|  0%| F|  |TAMS 0x000000009d700000, 0x000000009d700000| Untracked 
| 472|0x000000009d800000, 0x000000009d800000, 0x000000009d900000|  0%| F|  |TAMS 0x000000009d800000, 0x000000009d800000| Untracked 
| 473|0x000000009d900000, 0x000000009d900000, 0x000000009da00000|  0%| F|  |TAMS 0x000000009d900000, 0x000000009d900000| Untracked 
| 474|0x000000009da00000, 0x000000009da00000, 0x000000009db00000|  0%| F|  |TAMS 0x000000009da00000, 0x000000009da00000| Untracked 
| 475|0x000000009db00000, 0x000000009db00000, 0x000000009dc00000|  0%| F|  |TAMS 0x000000009db00000, 0x000000009db00000| Untracked 
| 476|0x000000009dc00000, 0x000000009dc00000, 0x000000009dd00000|  0%| F|  |TAMS 0x000000009dc00000, 0x000000009dc00000| Untracked 
| 477|0x000000009dd00000, 0x000000009dd00000, 0x000000009de00000|  0%| F|  |TAMS 0x000000009dd00000, 0x000000009dd00000| Untracked 
| 478|0x000000009de00000, 0x000000009de00000, 0x000000009df00000|  0%| F|  |TAMS 0x000000009de00000, 0x000000009de00000| Untracked 
| 479|0x000000009df00000, 0x000000009df00000, 0x000000009e000000|  0%| F|  |TAMS 0x000000009df00000, 0x000000009df00000| Untracked 
| 480|0x000000009e000000, 0x000000009e000000, 0x000000009e100000|  0%| F|  |TAMS 0x000000009e000000, 0x000000009e000000| Untracked 
| 481|0x000000009e100000, 0x000000009e100000, 0x000000009e200000|  0%| F|  |TAMS 0x000000009e100000, 0x000000009e100000| Untracked 
| 482|0x000000009e200000, 0x000000009e200000, 0x000000009e300000|  0%| F|  |TAMS 0x000000009e200000, 0x000000009e200000| Untracked 
| 483|0x000000009e300000, 0x000000009e300000, 0x000000009e400000|  0%| F|  |TAMS 0x000000009e300000, 0x000000009e300000| Untracked 
| 484|0x000000009e400000, 0x000000009e400000, 0x000000009e500000|  0%| F|  |TAMS 0x000000009e400000, 0x000000009e400000| Untracked 
| 485|0x000000009e500000, 0x000000009e500000, 0x000000009e600000|  0%| F|  |TAMS 0x000000009e500000, 0x000000009e500000| Untracked 
| 486|0x000000009e600000, 0x000000009e600000, 0x000000009e700000|  0%| F|  |TAMS 0x000000009e600000, 0x000000009e600000| Untracked 
| 487|0x000000009e700000, 0x000000009e700000, 0x000000009e800000|  0%| F|  |TAMS 0x000000009e700000, 0x000000009e700000| Untracked 
| 488|0x000000009e800000, 0x000000009e800000, 0x000000009e900000|  0%| F|  |TAMS 0x000000009e800000, 0x000000009e800000| Untracked 
| 489|0x000000009e900000, 0x000000009e900000, 0x000000009ea00000|  0%| F|  |TAMS 0x000000009e900000, 0x000000009e900000| Untracked 
| 490|0x000000009ea00000, 0x000000009ea00000, 0x000000009eb00000|  0%| F|  |TAMS 0x000000009ea00000, 0x000000009ea00000| Untracked 
| 491|0x000000009eb00000, 0x000000009eb00000, 0x000000009ec00000|  0%| F|  |TAMS 0x000000009eb00000, 0x000000009eb00000| Untracked 
| 492|0x000000009ec00000, 0x000000009ec00000, 0x000000009ed00000|  0%| F|  |TAMS 0x000000009ec00000, 0x000000009ec00000| Untracked 
| 493|0x000000009ed00000, 0x000000009ed00000, 0x000000009ee00000|  0%| F|  |TAMS 0x000000009ed00000, 0x000000009ed00000| Untracked 
| 494|0x000000009ee00000, 0x000000009ee00000, 0x000000009ef00000|  0%| F|  |TAMS 0x000000009ee00000, 0x000000009ee00000| Untracked 
| 495|0x000000009ef00000, 0x000000009ef00000, 0x000000009f000000|  0%| F|  |TAMS 0x000000009ef00000, 0x000000009ef00000| Untracked 
| 496|0x000000009f000000, 0x000000009f000000, 0x000000009f100000|  0%| F|  |TAMS 0x000000009f000000, 0x000000009f000000| Untracked 
| 497|0x000000009f100000, 0x000000009f100000, 0x000000009f200000|  0%| F|  |TAMS 0x000000009f100000, 0x000000009f100000| Untracked 
| 498|0x000000009f200000, 0x000000009f200000, 0x000000009f300000|  0%| F|  |TAMS 0x000000009f200000, 0x000000009f200000| Untracked 
| 499|0x000000009f300000, 0x000000009f300000, 0x000000009f400000|  0%| F|  |TAMS 0x000000009f300000, 0x000000009f300000| Untracked 
| 500|0x000000009f400000, 0x000000009f400000, 0x000000009f500000|  0%| F|  |TAMS 0x000000009f400000, 0x000000009f400000| Untracked 
| 501|0x000000009f500000, 0x000000009f500000, 0x000000009f600000|  0%| F|  |TAMS 0x000000009f500000, 0x000000009f500000| Untracked 
| 502|0x000000009f600000, 0x000000009f600000, 0x000000009f700000|  0%| F|  |TAMS 0x000000009f600000, 0x000000009f600000| Untracked 
| 503|0x000000009f700000, 0x000000009f700000, 0x000000009f800000|  0%| F|  |TAMS 0x000000009f700000, 0x000000009f700000| Untracked 
| 504|0x000000009f800000, 0x000000009f800000, 0x000000009f900000|  0%| F|  |TAMS 0x000000009f800000, 0x000000009f800000| Untracked 
| 505|0x000000009f900000, 0x000000009f900000, 0x000000009fa00000|  0%| F|  |TAMS 0x000000009f900000, 0x000000009f900000| Untracked 
| 506|0x000000009fa00000, 0x000000009fa00000, 0x000000009fb00000|  0%| F|  |TAMS 0x000000009fa00000, 0x000000009fa00000| Untracked 
| 507|0x000000009fb00000, 0x000000009fb00000, 0x000000009fc00000|  0%| F|  |TAMS 0x000000009fb00000, 0x000000009fb00000| Untracked 
| 508|0x000000009fc00000, 0x000000009fc00000, 0x000000009fd00000|  0%| F|  |TAMS 0x000000009fc00000, 0x000000009fc00000| Untracked 
| 509|0x000000009fd00000, 0x000000009fd00000, 0x000000009fe00000|  0%| F|  |TAMS 0x000000009fd00000, 0x000000009fd00000| Untracked 
| 510|0x000000009fe00000, 0x000000009fe00000, 0x000000009ff00000|  0%| F|  |TAMS 0x000000009fe00000, 0x000000009fe00000| Untracked 
| 511|0x000000009ff00000, 0x000000009ff00000, 0x00000000a0000000|  0%| F|  |TAMS 0x000000009ff00000, 0x000000009ff00000| Untracked 
| 512|0x00000000a0000000, 0x00000000a0000000, 0x00000000a0100000|  0%| F|  |TAMS 0x00000000a0000000, 0x00000000a0000000| Untracked 
| 513|0x00000000a0100000, 0x00000000a0100000, 0x00000000a0200000|  0%| F|  |TAMS 0x00000000a0100000, 0x00000000a0100000| Untracked 
| 514|0x00000000a0200000, 0x00000000a0200000, 0x00000000a0300000|  0%| F|  |TAMS 0x00000000a0200000, 0x00000000a0200000| Untracked 
| 515|0x00000000a0300000, 0x00000000a0300000, 0x00000000a0400000|  0%| F|  |TAMS 0x00000000a0300000, 0x00000000a0300000| Untracked 
| 516|0x00000000a0400000, 0x00000000a0400000, 0x00000000a0500000|  0%| F|  |TAMS 0x00000000a0400000, 0x00000000a0400000| Untracked 
| 517|0x00000000a0500000, 0x00000000a0500000, 0x00000000a0600000|  0%| F|  |TAMS 0x00000000a0500000, 0x00000000a0500000| Untracked 
| 518|0x00000000a0600000, 0x00000000a0600000, 0x00000000a0700000|  0%| F|  |TAMS 0x00000000a0600000, 0x00000000a0600000| Untracked 
| 519|0x00000000a0700000, 0x00000000a0700000, 0x00000000a0800000|  0%| F|  |TAMS 0x00000000a0700000, 0x00000000a0700000| Untracked 
| 533|0x00000000a1500000, 0x00000000a1500000, 0x00000000a1600000|  0%| F|  |TAMS 0x00000000a1500000, 0x00000000a1500000| Untracked 
| 534|0x00000000a1600000, 0x00000000a1600000, 0x00000000a1700000|  0%| F|  |TAMS 0x00000000a1600000, 0x00000000a1600000| Untracked 
| 535|0x00000000a1700000, 0x00000000a1700000, 0x00000000a1800000|  0%| F|  |TAMS 0x00000000a1700000, 0x00000000a1700000| Untracked 
| 590|0x00000000a4e00000, 0x00000000a4e00000, 0x00000000a4f00000|  0%| F|  |TAMS 0x00000000a4e00000, 0x00000000a4e00000| Untracked 
| 591|0x00000000a4f00000, 0x00000000a4f00000, 0x00000000a5000000|  0%| F|  |TAMS 0x00000000a4f00000, 0x00000000a4f00000| Untracked 
| 592|0x00000000a5000000, 0x00000000a50b5268, 0x00000000a5100000| 70%| E|  |TAMS 0x00000000a5000000, 0x00000000a5000000| Complete 
| 606|0x00000000a5e00000, 0x00000000a5f00000, 0x00000000a5f00000|100%| E|CS|TAMS 0x00000000a5e00000, 0x00000000a5e00000| Complete 

Card table byte_map: [0x000001adfb850000,0x000001adfbc50000] _byte_map_base: 0x000001adfb450000

Marking Bits (Prev, Next): (CMBitMap*) 0x000001adfb0bdc30, (CMBitMap*) 0x000001adfb0bdbf0
 Prev Bits: [0x000001ad96ab0000, 0x000001ad98ab0000)
 Next Bits: [0x000001adfc050000, 0x000001adfe050000)

Polling page: 0x000001adf91c0000

Metaspace:

Usage:
  Non-class:     91.65 MB used.
      Class:     14.02 MB used.
       Both:    105.67 MB used.

Virtual space:
  Non-class space:      128.00 MB reserved,      92.38 MB ( 72%) committed,  2 nodes.
      Class space:        1.00 GB reserved,      14.69 MB (  1%) committed,  1 nodes.
             Both:        1.12 GB reserved,     107.06 MB (  9%) committed. 

Chunk freelists:
   Non-Class:  3.66 MB
       Class:  1.31 MB
        Both:  4.97 MB

MaxMetaspaceSize: unlimited
CompressedClassSpaceSize: 1.00 GB
Initial GC threshold: 21.00 MB
Current GC threshold: 177.50 MB
CDS: on
MetaspaceReclaimPolicy: balanced
 - commit_granule_bytes: 65536.
 - commit_granule_words: 8192.
 - virtual_space_node_default_size: 8388608.
 - enlarge_chunks_in_place: 1.
 - new_chunks_are_fully_committed: 0.
 - uncommit_free_chunks: 1.
 - use_allocation_guard: 0.
 - handle_deallocations: 1.


Internal statistics:

num_allocs_failed_limit: 6.
num_arena_births: 2460.
num_arena_deaths: 10.
num_vsnodes_births: 3.
num_vsnodes_deaths: 0.
num_space_committed: 1710.
num_space_uncommitted: 0.
num_chunks_returned_to_freelist: 22.
num_chunks_taken_from_freelist: 7595.
num_chunk_merges: 6.
num_chunk_splits: 4668.
num_chunks_enlarged: 2717.
num_inconsistent_stats: 0.

CodeHeap 'non-profiled nmethods': size=120000Kb used=11552Kb max_used=11552Kb free=108447Kb
 bounds [0x000001ad8f580000, 0x000001ad900d0000, 0x000001ad96ab0000]
CodeHeap 'profiled nmethods': size=120000Kb used=31192Kb max_used=31290Kb free=88807Kb
 bounds [0x000001ad87ab0000, 0x000001ad89980000, 0x000001ad8efe0000]
CodeHeap 'non-nmethods': size=5760Kb used=1766Kb max_used=1833Kb free=3993Kb
 bounds [0x000001ad8efe0000, 0x000001ad8f250000, 0x000001ad8f580000]
 total_blobs=17220 nmethods=16372 adapters=759
 compilation: enabled
              stopped_count=0, restarted_count=0
 full_count=0

Compilation events (20 events):
Event: 2671.054 Thread 0x000001adfe88d150 nmethod 20384 0x000001ad88580910 code [0x000001ad88580b80, 0x000001ad88581418]
Event: 2671.084 Thread 0x000001adfe88d150 20385       3       jdk.internal.reflect.MethodAccessorGenerator::generateMethod (20 bytes)
Event: 2671.085 Thread 0x000001adfe88d150 nmethod 20385 0x000001ad882e0890 code [0x000001ad882e0a40, 0x000001ad882e0ca8]
Event: 2671.229 Thread 0x000001adfe88c840 20386       4       java.lang.invoke.Invokers::maybeCustomize (5 bytes)
Event: 2671.231 Thread 0x000001adfe88c840 nmethod 20386 0x000001ad900c7490 code [0x000001ad900c7620, 0x000001ad900c76e8]
Event: 2671.302 Thread 0x000001adfe88d150 20387       3       org.gradle.api.internal.artifacts.configurations.ResolveConfigurationResolutionBuildOperationDetails$RepositoryImpl$$Lambda$819/0x000001ad9c5bb050::apply (8 bytes)
Event: 2671.305 Thread 0x000001adfe88d150 nmethod 20387 0x000001ad8857ff10 code [0x000001ad885800e0, 0x000001ad885805a8]
Event: 2671.305 Thread 0x000001adfe88d150 20389       3       org.gradle.api.internal.artifacts.configurations.DefaultConfiguration::runDependencyActions (10 bytes)
Event: 2671.308 Thread 0x000001adfe88d150 nmethod 20389 0x000001ad8810be90 code [0x000001ad8810c060, 0x000001ad8810c348]
Event: 2671.308 Thread 0x000001adfe88d150 20388       3       org.gradle.api.internal.artifacts.configurations.ResolveConfigurationResolutionBuildOperationDetails$RepositoryImpl::lambda$transform$0 (14 bytes)
Event: 2671.308 Thread 0x000001adfe88d150 nmethod 20388 0x000001ad8810b810 code [0x000001ad8810b9e0, 0x000001ad8810bd28]
Event: 2671.313 Thread 0x000001adfe88d150 20390       3       org.gradle.api.internal.artifacts.repositories.transport.RepositoryTransportFactory::getRegisteredProtocols (55 bytes)
Event: 2671.314 Thread 0x000001adfe88d150 nmethod 20390 0x000001ad8810ab90 code [0x000001ad8810ade0, 0x000001ad8810b598]
Event: 2671.317 Thread 0x000001adfe88c840 20391       4       org.gradle.api.internal.artifacts.ivyservice.resolveengine.graph.builder.NodeState::visitDependencies (149 bytes)
Event: 2671.622 Thread 0x000001adfe88d150 20395       1       org.gradle.api.internal.artifacts.DefaultResolverResults::getVisitedGraph (5 bytes)
Event: 2671.622 Thread 0x000001adfe88d150 nmethod 20395 0x000001ad900c7810 code [0x000001ad900c79a0, 0x000001ad900c7a78]
Event: 2671.622 Thread 0x000001adfe88d150 20396       1       org.gradle.api.internal.artifacts.ivyservice.resolveengine.graph.results.DefaultVisitedGraphResults::getResolutionResult (5 bytes)
Event: 2671.623 Thread 0x000001adfe88d150 nmethod 20396 0x000001ad900c7b10 code [0x000001ad900c7ca0, 0x000001ad900c7d78]
Event: 2671.623 Thread 0x000001adfe88d150 20397       1       org.gradle.api.internal.artifacts.result.MinimalResolutionResult::getGraphSource (5 bytes)
Event: 2671.623 Thread 0x000001adfe88d150 nmethod 20397 0x000001ad900c7e10 code [0x000001ad900c7fa0, 0x000001ad900c8078]

GC Heap History (20 events):
Event: 749.968 GC heap before
{Heap before GC invocations=70 (full 0):
 garbage-first heap   total 621568K, used 409088K [0x0000000080000000, 0x0000000100000000)
  region size 1024K, 277 young (283648K), 7 survivors (7168K)
 Metaspace       used 106687K, committed 108032K, reserved 1179648K
  class space    used 14289K, committed 14976K, reserved 1048576K
}
Event: 750.833 GC heap after
{Heap after GC invocations=71 (full 0):
 garbage-first heap   total 621568K, used 152453K [0x0000000080000000, 0x0000000100000000)
  region size 1024K, 25 young (25600K), 25 survivors (25600K)
 Metaspace       used 106687K, committed 108032K, reserved 1179648K
  class space    used 14289K, committed 14976K, reserved 1048576K
}
Event: 750.941 GC heap before
{Heap before GC invocations=71 (full 0):
 garbage-first heap   total 621568K, used 157573K [0x0000000080000000, 0x0000000100000000)
  region size 1024K, 30 young (30720K), 25 survivors (25600K)
 Metaspace       used 106687K, committed 108032K, reserved 1179648K
  class space    used 14289K, committed 14976K, reserved 1048576K
}
Event: 752.144 GC heap after
{Heap after GC invocations=72 (full 0):
 garbage-first heap   total 621568K, used 153582K [0x0000000080000000, 0x0000000100000000)
  region size 1024K, 2 young (2048K), 2 survivors (2048K)
 Metaspace       used 106687K, committed 108032K, reserved 1179648K
  class space    used 14289K, committed 14976K, reserved 1048576K
}
Event: 758.743 GC heap before
{Heap before GC invocations=73 (full 0):
 garbage-first heap   total 618496K, used 208878K [0x0000000080000000, 0x0000000100000000)
  region size 1024K, 56 young (57344K), 2 survivors (2048K)
 Metaspace       used 106853K, committed 108288K, reserved 1179648K
  class space    used 14289K, committed 14976K, reserved 1048576K
}
Event: 758.784 GC heap after
{Heap after GC invocations=74 (full 0):
 garbage-first heap   total 618496K, used 157928K [0x0000000080000000, 0x0000000100000000)
  region size 1024K, 6 young (6144K), 6 survivors (6144K)
 Metaspace       used 106853K, committed 108288K, reserved 1179648K
  class space    used 14289K, committed 14976K, reserved 1048576K
}
Event: 760.415 GC heap before
{Heap before GC invocations=74 (full 0):
 garbage-first heap   total 618496K, used 181480K [0x0000000080000000, 0x0000000100000000)
  region size 1024K, 30 young (30720K), 6 survivors (6144K)
 Metaspace       used 106953K, committed 108352K, reserved 1179648K
  class space    used 14289K, committed 14976K, reserved 1048576K
}
Event: 760.534 GC heap after
{Heap after GC invocations=75 (full 0):
 garbage-first heap   total 618496K, used 158657K [0x0000000080000000, 0x0000000100000000)
  region size 1024K, 4 young (4096K), 4 survivors (4096K)
 Metaspace       used 106953K, committed 108352K, reserved 1179648K
  class space    used 14289K, committed 14976K, reserved 1048576K
}
Event: 1399.701 GC heap before
{Heap before GC invocations=75 (full 0):
 garbage-first heap   total 618496K, used 221121K [0x0000000080000000, 0x0000000100000000)
  region size 1024K, 66 young (67584K), 4 survivors (4096K)
 Metaspace       used 107092K, committed 108480K, reserved 1179648K
  class space    used 14291K, committed 14976K, reserved 1048576K
}
Event: 1399.943 GC heap after
{Heap after GC invocations=76 (full 0):
 garbage-first heap   total 618496K, used 160227K [0x0000000080000000, 0x0000000100000000)
  region size 1024K, 5 young (5120K), 5 survivors (5120K)
 Metaspace       used 107092K, committed 108480K, reserved 1179648K
  class space    used 14291K, committed 14976K, reserved 1048576K
}
Event: 1407.429 GC heap before
{Heap before GC invocations=77 (full 0):
 garbage-first heap   total 557056K, used 190947K [0x0000000080000000, 0x0000000100000000)
  region size 1024K, 49 young (50176K), 5 survivors (5120K)
 Metaspace       used 107305K, committed 108672K, reserved 1179648K
  class space    used 14304K, committed 14976K, reserved 1048576K
}
Event: 1407.510 GC heap after
{Heap after GC invocations=78 (full 0):
 garbage-first heap   total 557056K, used 152002K [0x0000000080000000, 0x0000000100000000)
  region size 1024K, 7 young (7168K), 7 survivors (7168K)
 Metaspace       used 107305K, committed 108672K, reserved 1179648K
  class space    used 14304K, committed 14976K, reserved 1048576K
}
Event: 1408.604 GC heap before
{Heap before GC invocations=78 (full 0):
 garbage-first heap   total 557056K, used 171458K [0x0000000080000000, 0x0000000100000000)
  region size 1024K, 27 young (27648K), 7 survivors (7168K)
 Metaspace       used 107370K, committed 108736K, reserved 1179648K
  class space    used 14306K, committed 14976K, reserved 1048576K
}
Event: 1408.646 GC heap after
{Heap after GC invocations=79 (full 0):
 garbage-first heap   total 557056K, used 147781K [0x0000000080000000, 0x0000000100000000)
  region size 1024K, 3 young (3072K), 3 survivors (3072K)
 Metaspace       used 107370K, committed 108736K, reserved 1179648K
  class space    used 14306K, committed 14976K, reserved 1048576K
}
Event: 1497.899 GC heap before
{Heap before GC invocations=79 (full 0):
 garbage-first heap   total 557056K, used 273733K [0x0000000080000000, 0x0000000100000000)
  region size 1024K, 127 young (130048K), 3 survivors (3072K)
 Metaspace       used 107701K, committed 109056K, reserved 1179648K
  class space    used 14307K, committed 14976K, reserved 1048576K
}
Event: 1498.084 GC heap after
{Heap after GC invocations=80 (full 0):
 garbage-first heap   total 557056K, used 157560K [0x0000000080000000, 0x0000000100000000)
  region size 1024K, 13 young (13312K), 13 survivors (13312K)
 Metaspace       used 107701K, committed 109056K, reserved 1179648K
  class space    used 14307K, committed 14976K, reserved 1048576K
}
Event: 1499.476 GC heap before
{Heap before GC invocations=80 (full 0):
 garbage-first heap   total 557056K, used 170872K [0x0000000080000000, 0x0000000100000000)
  region size 1024K, 27 young (27648K), 13 survivors (13312K)
 Metaspace       used 107731K, committed 109056K, reserved 1179648K
  class space    used 14307K, committed 14976K, reserved 1048576K
}
Event: 1499.545 GC heap after
{Heap after GC invocations=81 (full 0):
 garbage-first heap   total 557056K, used 159751K [0x0000000080000000, 0x0000000100000000)
  region size 1024K, 3 young (3072K), 3 survivors (3072K)
 Metaspace       used 107731K, committed 109056K, reserved 1179648K
  class space    used 14307K, committed 14976K, reserved 1048576K
}
Event: 2671.324 GC heap before
{Heap before GC invocations=82 (full 0):
 garbage-first heap   total 539648K, used 267271K [0x0000000080000000, 0x0000000100000000)
  region size 1024K, 109 young (111616K), 3 survivors (3072K)
 Metaspace       used 108207K, committed 109632K, reserved 1179648K
  class space    used 14356K, committed 15040K, reserved 1048576K
}
Event: 2671.530 GC heap after
{Heap after GC invocations=83 (full 0):
 garbage-first heap   total 539648K, used 164973K [0x0000000080000000, 0x0000000100000000)
  region size 1024K, 8 young (8192K), 8 survivors (8192K)
 Metaspace       used 108207K, committed 109632K, reserved 1179648K
  class space    used 14356K, committed 15040K, reserved 1048576K
}

Dll operation events (15 events):
Event: 0.018 Loaded shared library C:\Users\welcome\.gradle\jdks\eclipse_adoptium-17-amd64-windows.2\bin\java.dll
Event: 0.064 Loaded shared library C:\Users\welcome\.gradle\jdks\eclipse_adoptium-17-amd64-windows.2\bin\jsvml.dll
Event: 0.115 Loaded shared library C:\Users\welcome\.gradle\jdks\eclipse_adoptium-17-amd64-windows.2\bin\zip.dll
Event: 0.119 Loaded shared library C:\Users\welcome\.gradle\jdks\eclipse_adoptium-17-amd64-windows.2\bin\instrument.dll
Event: 0.128 Loaded shared library C:\Users\welcome\.gradle\jdks\eclipse_adoptium-17-amd64-windows.2\bin\net.dll
Event: 0.131 Loaded shared library C:\Users\welcome\.gradle\jdks\eclipse_adoptium-17-amd64-windows.2\bin\nio.dll
Event: 0.133 Loaded shared library C:\Users\welcome\.gradle\jdks\eclipse_adoptium-17-amd64-windows.2\bin\zip.dll
Event: 0.303 Loaded shared library C:\Users\welcome\.gradle\jdks\eclipse_adoptium-17-amd64-windows.2\bin\jimage.dll
Event: 0.433 Loaded shared library C:\Users\welcome\.gradle\jdks\eclipse_adoptium-17-amd64-windows.2\bin\verify.dll
Event: 0.459 Loaded shared library C:\Users\welcome\.gradle\native\660c5614fbf4a5f2a75b1949f50a0caf5cd603558e7d8a26e50b933a0cfb79d1\windows-amd64\native-platform.dll
Event: 0.469 Loaded shared library C:\Users\welcome\.gradle\native\0.2.8\x86_64-windows-gnu\gradle-fileevents.dll
Event: 1.111 Loaded shared library C:\Users\welcome\.gradle\jdks\eclipse_adoptium-17-amd64-windows.2\bin\management.dll
Event: 1.116 Loaded shared library C:\Users\welcome\.gradle\jdks\eclipse_adoptium-17-amd64-windows.2\bin\management_ext.dll
Event: 1.256 Loaded shared library C:\Users\welcome\.gradle\jdks\eclipse_adoptium-17-amd64-windows.2\bin\extnet.dll
Event: 1.415 Loaded shared library C:\Users\welcome\.gradle\jdks\eclipse_adoptium-17-amd64-windows.2\bin\sunmscapi.dll

Deoptimization events (20 events):
Event: 2666.898 Thread 0x000001ade5de4380 Uncommon trap: trap_request=0xffffff45 fr.pc=0x000001ad8f6bd040 relative=0x0000000000000560
Event: 2666.899 Thread 0x000001ade5de4380 Uncommon trap: reason=unstable_if action=reinterpret pc=0x000001ad8f6bd040 method=jdk.internal.reflect.NativeMethodAccessorImpl.invoke(Ljava/lang/Object;[Ljava/lang/Object;)Ljava/lang/Object; @ 27 c2
Event: 2666.900 Thread 0x000001ade5de4380 DEOPT PACKING pc=0x000001ad8f6bd040 sp=0x0000009c559f9930
Event: 2666.903 Thread 0x000001ade5de4380 DEOPT UNPACKING pc=0x000001ad8f03a1a3 sp=0x0000009c559f9910 mode 2
Event: 2671.552 Thread 0x000001ade5de4380 Uncommon trap: trap_request=0xffffffc6 fr.pc=0x000001ad90049f78 relative=0x0000000000001798
Event: 2671.553 Thread 0x000001ade5de4380 Uncommon trap: reason=bimorphic_or_optimized_type_check action=maybe_recompile pc=0x000001ad90049f78 method=java.util.AbstractCollection.remove(Ljava/lang/Object;)Z @ 1 c2
Event: 2671.553 Thread 0x000001ade5de4380 DEOPT PACKING pc=0x000001ad90049f78 sp=0x0000009c559f9450
Event: 2671.554 Thread 0x000001ade5de4380 DEOPT UNPACKING pc=0x000001ad8f03a1a3 sp=0x0000009c559f9458 mode 2
Event: 2671.554 Thread 0x000001ade5de4380 Uncommon trap: trap_request=0xffffffc6 fr.pc=0x000001ad90049f78 relative=0x0000000000001798
Event: 2671.554 Thread 0x000001ade5de4380 Uncommon trap: reason=bimorphic_or_optimized_type_check action=maybe_recompile pc=0x000001ad90049f78 method=java.util.AbstractCollection.remove(Ljava/lang/Object;)Z @ 1 c2
Event: 2671.554 Thread 0x000001ade5de4380 DEOPT PACKING pc=0x000001ad90049f78 sp=0x0000009c559f9450
Event: 2671.554 Thread 0x000001ade5de4380 DEOPT UNPACKING pc=0x000001ad8f03a1a3 sp=0x0000009c559f9458 mode 2
Event: 2671.554 Thread 0x000001ade5de4380 Uncommon trap: trap_request=0xffffffc6 fr.pc=0x000001ad90049f78 relative=0x0000000000001798
Event: 2671.554 Thread 0x000001ade5de4380 Uncommon trap: reason=bimorphic_or_optimized_type_check action=maybe_recompile pc=0x000001ad90049f78 method=java.util.AbstractCollection.remove(Ljava/lang/Object;)Z @ 1 c2
Event: 2671.554 Thread 0x000001ade5de4380 DEOPT PACKING pc=0x000001ad90049f78 sp=0x0000009c559f9450
Event: 2671.557 Thread 0x000001ade5de4380 DEOPT UNPACKING pc=0x000001ad8f03a1a3 sp=0x0000009c559f9458 mode 2
Event: 2671.557 Thread 0x000001ade5de4380 Uncommon trap: trap_request=0xffffffc6 fr.pc=0x000001ad90049f78 relative=0x0000000000001798
Event: 2671.557 Thread 0x000001ade5de4380 Uncommon trap: reason=bimorphic_or_optimized_type_check action=maybe_recompile pc=0x000001ad90049f78 method=java.util.AbstractCollection.remove(Ljava/lang/Object;)Z @ 1 c2
Event: 2671.557 Thread 0x000001ade5de4380 DEOPT PACKING pc=0x000001ad90049f78 sp=0x0000009c559f9450
Event: 2671.557 Thread 0x000001ade5de4380 DEOPT UNPACKING pc=0x000001ad8f03a1a3 sp=0x0000009c559f9458 mode 2

Classes loaded (20 events):
Event: 18.175 Loading class javax/management/AttributeNotFoundException
Event: 18.175 Loading class javax/management/AttributeNotFoundException done
Event: 18.175 Loading class javax/management/ReflectionException
Event: 18.175 Loading class javax/management/ReflectionException done
Event: 18.175 Loading class javax/management/InstanceNotFoundException
Event: 18.175 Loading class javax/management/InstanceNotFoundException done
Event: 18.192 Loading class java/io/FileWriter
Event: 18.192 Loading class java/io/FileWriter done
Event: 18.333 Loading class java/util/Locale$1
Event: 18.333 Loading class java/util/Locale$1 done
Event: 18.342 Loading class java/util/concurrent/CompletableFuture$AsyncRun
Event: 18.342 Loading class java/util/concurrent/CompletableFuture$AsyncRun done
Event: 253.642 Loading class jdk/internal/math/FormattedFloatingDecimal$Form
Event: 253.703 Loading class jdk/internal/math/FormattedFloatingDecimal$Form done
Event: 253.707 Loading class jdk/internal/math/FormattedFloatingDecimal
Event: 253.798 Loading class jdk/internal/math/FormattedFloatingDecimal done
Event: 253.801 Loading class jdk/internal/math/FormattedFloatingDecimal$1
Event: 253.817 Loading class jdk/internal/math/FormattedFloatingDecimal$1 done
Event: 253.839 Loading class jdk/internal/math/FormattedFloatingDecimal$2
Event: 253.844 Loading class jdk/internal/math/FormattedFloatingDecimal$2 done

Classes unloaded (5 events):
Event: 754.296 Thread 0x000001adfe83eb00 Unloading class 0x000001ad9cbdc400 'java/lang/invoke/LambdaForm$MH+0x000001ad9cbdc400'
Event: 1401.947 Thread 0x000001adfe83eb00 Unloading class 0x000001ad9ce7c800 'java/lang/invoke/LambdaForm$MH+0x000001ad9ce7c800'
Event: 1401.958 Thread 0x000001adfe83eb00 Unloading class 0x000001ad9ce6e800 'java/lang/invoke/LambdaForm$MH+0x000001ad9ce6e800'
Event: 1401.959 Thread 0x000001adfe83eb00 Unloading class 0x000001ad9ce66400 'java/lang/invoke/LambdaForm$MH+0x000001ad9ce66400'
Event: 1499.556 Thread 0x000001adfe83eb00 Unloading class 0x000001ad9cbdc400 'java/lang/invoke/LambdaForm$MH+0x000001ad9cbdc400'

Classes redefined (0 events):
No events

Internal exceptions (20 events):
Event: 1501.931 Thread 0x000001ade5de3e70 Exception <a 'sun/nio/fs/WindowsException'{0x00000000a026d078}> (0x00000000a026d078) 
thrown [s\src\hotspot\share\prims\jni.cpp, line 516]
Event: 1501.937 Thread 0x000001ade5de3e70 Exception <a 'sun/nio/fs/WindowsException'{0x00000000a02764d0}> (0x00000000a02764d0) 
thrown [s\src\hotspot\share\prims\jni.cpp, line 516]
Event: 1501.937 Thread 0x000001ade5de3e70 Exception <a 'sun/nio/fs/WindowsException'{0x00000000a0277020}> (0x00000000a0277020) 
thrown [s\src\hotspot\share\prims\jni.cpp, line 516]
Event: 1501.937 Thread 0x000001ade5de3e70 Exception <a 'sun/nio/fs/WindowsException'{0x00000000a0277bb8}> (0x00000000a0277bb8) 
thrown [s\src\hotspot\share\prims\jni.cpp, line 516]
Event: 1501.944 Thread 0x000001ade5de3e70 Exception <a 'sun/nio/fs/WindowsException'{0x00000000a0284128}> (0x00000000a0284128) 
thrown [s\src\hotspot\share\prims\jni.cpp, line 516]
Event: 1501.944 Thread 0x000001ade5de3e70 Exception <a 'sun/nio/fs/WindowsException'{0x00000000a0284c78}> (0x00000000a0284c78) 
thrown [s\src\hotspot\share\prims\jni.cpp, line 516]
Event: 1501.944 Thread 0x000001ade5de3e70 Exception <a 'sun/nio/fs/WindowsException'{0x00000000a0285828}> (0x00000000a0285828) 
thrown [s\src\hotspot\share\prims\jni.cpp, line 516]
Event: 1501.946 Thread 0x000001ade5de3e70 Exception <a 'sun/nio/fs/WindowsException'{0x00000000a028b218}> (0x00000000a028b218) 
thrown [s\src\hotspot\share\prims\jni.cpp, line 516]
Event: 2665.390 Thread 0x000001ade5de4380 Exception <a 'sun/nio/fs/WindowsException'{0x000000009e2341f0}> (0x000000009e2341f0) 
thrown [s\src\hotspot\share\prims\jni.cpp, line 516]
Event: 2665.392 Thread 0x000001ade5de4380 Exception <a 'sun/nio/fs/WindowsException'{0x000000009e235698}> (0x000000009e235698) 
thrown [s\src\hotspot\share\prims\jni.cpp, line 516]
Event: 2665.393 Thread 0x000001ade5de4380 Exception <a 'sun/nio/fs/WindowsException'{0x000000009e236b30}> (0x000000009e236b30) 
thrown [s\src\hotspot\share\prims\jni.cpp, line 516]
Event: 2665.395 Thread 0x000001ade5de4380 Exception <a 'sun/nio/fs/WindowsException'{0x000000009e238300}> (0x000000009e238300) 
thrown [s\src\hotspot\share\prims\jni.cpp, line 516]
Event: 2666.317 Thread 0x000001ade5de4380 Exception <a 'sun/nio/fs/WindowsException'{0x000000009c50e7c0}> (0x000000009c50e7c0) 
thrown [s\src\hotspot\share\prims\jni.cpp, line 516]
Event: 2666.319 Thread 0x000001ade5de4380 Exception <a 'sun/nio/fs/WindowsException'{0x000000009c50ff18}> (0x000000009c50ff18) 
thrown [s\src\hotspot\share\prims\jni.cpp, line 516]
Event: 2666.320 Thread 0x000001ade5de4380 Exception <a 'sun/nio/fs/WindowsException'{0x000000009c512290}> (0x000000009c512290) 
thrown [s\src\hotspot\share\prims\jni.cpp, line 516]
Event: 2670.339 Thread 0x000001ade5de4380 Exception <a 'sun/nio/fs/WindowsException'{0x000000009a7c8c18}> (0x000000009a7c8c18) 
thrown [s\src\hotspot\share\prims\jni.cpp, line 516]
Event: 2670.341 Thread 0x000001ade5de4380 Exception <a 'sun/nio/fs/WindowsException'{0x000000009a7ca250}> (0x000000009a7ca250) 
thrown [s\src\hotspot\share\prims\jni.cpp, line 516]
Event: 2670.341 Thread 0x000001ade5de4380 Exception <a 'sun/nio/fs/WindowsException'{0x000000009a7cbbf0}> (0x000000009a7cbbf0) 
thrown [s\src\hotspot\share\prims\jni.cpp, line 516]
Event: 2670.342 Thread 0x000001ade5de4380 Exception <a 'sun/nio/fs/WindowsException'{0x000000009a7cd278}> (0x000000009a7cd278) 
thrown [s\src\hotspot\share\prims\jni.cpp, line 516]
Event: 2671.106 Thread 0x000001ade5de4380 Exception <a 'sun/nio/fs/WindowsException'{0x000000009a253520}> (0x000000009a253520) 
thrown [s\src\hotspot\share\prims\jni.cpp, line 516]

VM Operations (20 events):
Event: 2662.858 Executing VM operation: Cleanup
Event: 2662.858 Executing VM operation: Cleanup done
Event: 2663.874 Executing VM operation: Cleanup
Event: 2663.875 Executing VM operation: Cleanup done
Event: 2664.892 Executing VM operation: Cleanup
Event: 2664.908 Executing VM operation: Cleanup done
Event: 2665.924 Executing VM operation: Cleanup
Event: 2665.925 Executing VM operation: Cleanup done
Event: 2666.943 Executing VM operation: Cleanup
Event: 2666.944 Executing VM operation: Cleanup done
Event: 2667.959 Executing VM operation: Cleanup
Event: 2667.959 Executing VM operation: Cleanup done
Event: 2668.974 Executing VM operation: Cleanup
Event: 2668.975 Executing VM operation: Cleanup done
Event: 2669.993 Executing VM operation: Cleanup
Event: 2669.993 Executing VM operation: Cleanup done
Event: 2671.009 Executing VM operation: Cleanup
Event: 2671.010 Executing VM operation: Cleanup done
Event: 2671.319 Executing VM operation: G1CollectForAllocation
Event: 2671.530 Executing VM operation: G1CollectForAllocation done

Memory protections (0 events):
No events

Nmethod flushes (20 events):
Event: 1408.658 Thread 0x000001adfe88da60 flushing  nmethod 0x000001ad8927a510
Event: 1408.658 Thread 0x000001adfe88da60 flushing  nmethod 0x000001ad89282d10
Event: 1408.658 Thread 0x000001adfe88da60 flushing  nmethod 0x000001ad89299f90
Event: 1408.658 Thread 0x000001adfe88da60 flushing  nmethod 0x000001ad8929d310
Event: 1408.658 Thread 0x000001adfe88da60 flushing  nmethod 0x000001ad8929ea90
Event: 1408.658 Thread 0x000001adfe88da60 flushing  nmethod 0x000001ad892a7f10
Event: 1408.658 Thread 0x000001adfe88da60 flushing  nmethod 0x000001ad892b5590
Event: 1408.658 Thread 0x000001adfe88da60 flushing  nmethod 0x000001ad892bae90
Event: 1408.658 Thread 0x000001adfe88da60 flushing  nmethod 0x000001ad892c5d90
Event: 1408.658 Thread 0x000001adfe88da60 flushing  nmethod 0x000001ad892d9d10
Event: 1408.658 Thread 0x000001adfe88da60 flushing  nmethod 0x000001ad892dae90
Event: 1408.658 Thread 0x000001adfe88da60 flushing  nmethod 0x000001ad892ebe10
Event: 1408.659 Thread 0x000001adfe88da60 flushing  nmethod 0x000001ad89318810
Event: 1408.659 Thread 0x000001adfe88da60 flushing  nmethod 0x000001ad89351010
Event: 1408.659 Thread 0x000001adfe88da60 flushing  nmethod 0x000001ad8935d810
Event: 1408.659 Thread 0x000001adfe88da60 flushing  nmethod 0x000001ad893ace90
Event: 1408.660 Thread 0x000001adfe88da60 flushing  nmethod 0x000001ad89430a10
Event: 1408.662 Thread 0x000001adfe88da60 flushing  nmethod 0x000001ad895a3b90
Event: 1408.662 Thread 0x000001adfe88da60 flushing  nmethod 0x000001ad895bd610
Event: 1408.664 Thread 0x000001adfe88da60 flushing  nmethod 0x000001ad8981b710

Events (20 events):
Event: 2668.369 Thread 0x000001ade5de4380 Thread added: 0x000001ad9ac71f20
Event: 2668.369 Thread 0x000001ade5de4380 Thread added: 0x000001ad9ac6ec80
Event: 2668.370 Thread 0x000001ade5de4380 Thread added: 0x000001ad9ac6f190
Event: 2668.370 Thread 0x000001ade5de4380 Thread added: 0x000001ad9ac73870
Event: 2668.371 Thread 0x000001ade5de4380 Thread added: 0x000001ad9ac74290
Event: 2668.371 Thread 0x000001ade5de4380 Thread added: 0x000001ad9ac751c0
Event: 2668.372 Thread 0x000001ade5de4380 Thread added: 0x000001ade19eb8e0
Event: 2668.806 Thread 0x000001ade5de4380 Thread added: 0x000001ade19ef090
Event: 2669.185 Thread 0x000001ade5de4380 Thread added: 0x000001ade19efab0
Event: 2671.112 Thread 0x000001ade5de4380 Thread added: 0x000001ade19f04d0
Event: 2671.115 Thread 0x000001ade5de4380 Thread added: 0x000001ade19f1910
Event: 2671.670 Thread 0x000001ade5de4380 Thread added: 0x000001ade19ee160
Event: 2671.683 Thread 0x000001ade19ee160 Thread added: 0x000001ade19effc0
Event: 2671.685 Thread 0x000001ade19ee160 Thread added: 0x000001ade19eaec0
Event: 2671.685 Thread 0x000001ade19ee160 Thread added: 0x000001ade19f09e0
Event: 2671.685 Thread 0x000001ade19ee160 Thread added: 0x000001ade19ec810
Event: 2671.685 Thread 0x000001ade19ee160 Thread added: 0x000001ade19eb3d0
Event: 2671.688 Thread 0x000001ade19ee160 Thread added: 0x000001ade19f0ef0
Event: 2671.691 Thread 0x000001ade19ee160 Thread added: 0x000001ade19f1e20
Event: 2671.738 Thread 0x000001ade19ee160 Thread added: 0x000001ade19f1400


Dynamic libraries:
0x00007ff69df90000 - 0x00007ff69df9e000 	C:\Users\welcome\.gradle\jdks\eclipse_adoptium-17-amd64-windows.2\bin\java.exe
0x00007ffaf93b0000 - 0x00007ffaf95a8000 	C:\Windows\SYSTEM32\ntdll.dll
0x00007ffaf7c90000 - 0x00007ffaf7d52000 	C:\Windows\System32\KERNEL32.DLL
0x00007ffaf6a30000 - 0x00007ffaf6d27000 	C:\Windows\System32\KERNELBASE.dll
0x00007ffaf6d30000 - 0x00007ffaf6e30000 	C:\Windows\System32\ucrtbase.dll
0x00007ffad3990000 - 0x00007ffad39ae000 	C:\Users\welcome\.gradle\jdks\eclipse_adoptium-17-amd64-windows.2\bin\VCRUNTIME140.dll
0x00007ffad39b0000 - 0x00007ffad39c8000 	C:\Users\welcome\.gradle\jdks\eclipse_adoptium-17-amd64-windows.2\bin\jli.dll
0x00007ffaf8a50000 - 0x00007ffaf8bed000 	C:\Windows\System32\USER32.dll
0x00007ffaf7080000 - 0x00007ffaf70a2000 	C:\Windows\System32\win32u.dll
0x00007ffadd660000 - 0x00007ffadd8fb000 	C:\Windows\WinSxS\amd64_microsoft.windows.common-controls_6595b64144ccf1df_6.0.19041.6926_none_60b5a53971f8f7e6\COMCTL32.dll
0x00007ffaf8960000 - 0x00007ffaf898b000 	C:\Windows\System32\GDI32.dll
0x00007ffaf9000000 - 0x00007ffaf909e000 	C:\Windows\System32\msvcrt.dll
0x00007ffaf6f60000 - 0x00007ffaf707a000 	C:\Windows\System32\gdi32full.dll
0x00007ffaf6e30000 - 0x00007ffaf6ecd000 	C:\Windows\System32\msvcp_win.dll
0x00007ffaf8130000 - 0x00007ffaf815f000 	C:\Windows\System32\IMM32.DLL
0x00007ffadad90000 - 0x00007ffadad9c000 	C:\Users\welcome\.gradle\jdks\eclipse_adoptium-17-amd64-windows.2\bin\vcruntime140_1.dll
0x00007ffac20a0000 - 0x00007ffac212d000 	C:\Users\welcome\.gradle\jdks\eclipse_adoptium-17-amd64-windows.2\bin\msvcp140.dll
0x00007ffa73270000 - 0x00007ffa73edb000 	C:\Users\welcome\.gradle\jdks\eclipse_adoptium-17-amd64-windows.2\bin\server\jvm.dll
0x00007ffaf8990000 - 0x00007ffaf8a41000 	C:\Windows\System32\ADVAPI32.dll
0x00007ffaf8bf0000 - 0x00007ffaf8c8f000 	C:\Windows\System32\sechost.dll
0x00007ffaf8000000 - 0x00007ffaf8126000 	C:\Windows\System32\RPCRT4.dll
0x00007ffaf7210000 - 0x00007ffaf7237000 	C:\Windows\System32\bcrypt.dll
0x00007ffaf88f0000 - 0x00007ffaf895b000 	C:\Windows\System32\WS2_32.dll
0x00007ffaf5f40000 - 0x00007ffaf5f8b000 	C:\Windows\SYSTEM32\POWRPROF.dll
0x00007ffad9850000 - 0x00007ffad9877000 	C:\Windows\SYSTEM32\WINMM.dll
0x00007ffaec940000 - 0x00007ffaec94a000 	C:\Windows\SYSTEM32\VERSION.dll
0x00007ffaf5e00000 - 0x00007ffaf5e12000 	C:\Windows\SYSTEM32\UMPDC.dll
0x00007ffaf5250000 - 0x00007ffaf5262000 	C:\Windows\SYSTEM32\kernel.appcore.dll
0x00007ffadac80000 - 0x00007ffadac8a000 	C:\Users\welcome\.gradle\jdks\eclipse_adoptium-17-amd64-windows.2\bin\jimage.dll
0x00007ffaf4610000 - 0x00007ffaf4811000 	C:\Windows\SYSTEM32\DBGHELP.DLL
0x00007ffad89c0000 - 0x00007ffad89f4000 	C:\Windows\SYSTEM32\dbgcore.DLL
0x00007ffaf6ed0000 - 0x00007ffaf6f52000 	C:\Windows\System32\bcryptPrimitives.dll
0x00007ffad9d80000 - 0x00007ffad9d8e000 	C:\Users\welcome\.gradle\jdks\eclipse_adoptium-17-amd64-windows.2\bin\instrument.dll
0x00007ffad3530000 - 0x00007ffad3555000 	C:\Users\welcome\.gradle\jdks\eclipse_adoptium-17-amd64-windows.2\bin\java.dll
0x00007ffab6290000 - 0x00007ffab6367000 	C:\Users\welcome\.gradle\jdks\eclipse_adoptium-17-amd64-windows.2\bin\jsvml.dll
0x00007ffaf73d0000 - 0x00007ffaf7b41000 	C:\Windows\System32\SHELL32.dll
0x00007ffaf4a90000 - 0x00007ffaf5236000 	C:\Windows\SYSTEM32\windows.storage.dll
0x00007ffaf8c90000 - 0x00007ffaf8fe3000 	C:\Windows\System32\combase.dll
0x00007ffaf6460000 - 0x00007ffaf648b000 	C:\Windows\SYSTEM32\Wldp.dll
0x00007ffaf7f30000 - 0x00007ffaf7ffd000 	C:\Windows\System32\OLEAUT32.dll
0x00007ffaf9260000 - 0x00007ffaf930d000 	C:\Windows\System32\SHCORE.dll
0x00007ffaf8740000 - 0x00007ffaf879b000 	C:\Windows\System32\shlwapi.dll
0x00007ffaf6960000 - 0x00007ffaf6984000 	C:\Windows\SYSTEM32\profapi.dll
0x00007ffad3510000 - 0x00007ffad3528000 	C:\Users\welcome\.gradle\jdks\eclipse_adoptium-17-amd64-windows.2\bin\zip.dll
0x00007ffad0e60000 - 0x00007ffad0e7a000 	C:\Users\welcome\.gradle\jdks\eclipse_adoptium-17-amd64-windows.2\bin\net.dll
0x00007ffaf07f0000 - 0x00007ffaf08fa000 	C:\Windows\SYSTEM32\WINHTTP.dll
0x00007ffaf6190000 - 0x00007ffaf61fa000 	C:\Windows\system32\mswsock.dll
0x00007ffad0e40000 - 0x00007ffad0e56000 	C:\Users\welcome\.gradle\jdks\eclipse_adoptium-17-amd64-windows.2\bin\nio.dll
0x00007ffad9ce0000 - 0x00007ffad9cf0000 	C:\Users\welcome\.gradle\jdks\eclipse_adoptium-17-amd64-windows.2\bin\verify.dll
0x00007ffad4580000 - 0x00007ffad45a7000 	C:\Users\welcome\.gradle\native\660c5614fbf4a5f2a75b1949f50a0caf5cd603558e7d8a26e50b933a0cfb79d1\windows-amd64\native-platform.dll
0x00007ffac1fb0000 - 0x00007ffac2027000 	C:\Users\welcome\.gradle\native\0.2.8\x86_64-windows-gnu\gradle-fileevents.dll
0x00007ffad9c40000 - 0x00007ffad9c4a000 	C:\Users\welcome\.gradle\jdks\eclipse_adoptium-17-amd64-windows.2\bin\management.dll
0x00007ffad98f0000 - 0x00007ffad98fc000 	C:\Users\welcome\.gradle\jdks\eclipse_adoptium-17-amd64-windows.2\bin\management_ext.dll
0x00007ffaf9250000 - 0x00007ffaf9258000 	C:\Windows\System32\PSAPI.DLL
0x00007ffaf5e20000 - 0x00007ffaf5e5b000 	C:\Windows\SYSTEM32\IPHLPAPI.DLL
0x00007ffaf8ff0000 - 0x00007ffaf8ff8000 	C:\Windows\System32\NSI.dll
0x00007ffaec690000 - 0x00007ffaec6a7000 	C:\Windows\SYSTEM32\dhcpcsvc6.DLL
0x00007ffaef4a0000 - 0x00007ffaef4bd000 	C:\Windows\SYSTEM32\dhcpcsvc.DLL
0x00007ffaf5e70000 - 0x00007ffaf5f3a000 	C:\Windows\SYSTEM32\DNSAPI.dll
0x00007ffad5e20000 - 0x00007ffad5e29000 	C:\Users\welcome\.gradle\jdks\eclipse_adoptium-17-amd64-windows.2\bin\extnet.dll
0x00007ffaf63b0000 - 0x00007ffaf63c8000 	C:\Windows\SYSTEM32\CRYPTSP.dll
0x00007ffaf5a40000 - 0x00007ffaf5a78000 	C:\Windows\system32\rsaenh.dll
0x00007ffaf68e0000 - 0x00007ffaf690e000 	C:\Windows\SYSTEM32\USERENV.dll
0x00007ffaf63d0000 - 0x00007ffaf63dc000 	C:\Windows\SYSTEM32\CRYPTBASE.dll
0x00007ffad5d40000 - 0x00007ffad5d4e000 	C:\Users\welcome\.gradle\jdks\eclipse_adoptium-17-amd64-windows.2\bin\sunmscapi.dll
0x00007ffaf70b0000 - 0x00007ffaf720d000 	C:\Windows\System32\CRYPT32.dll
0x00007ffaf64d0000 - 0x00007ffaf64f7000 	C:\Windows\SYSTEM32\ncrypt.dll
0x00007ffaf6490000 - 0x00007ffaf64cb000 	C:\Windows\SYSTEM32\NTASN1.dll
0x00007ffaef990000 - 0x00007ffaef997000 	C:\Windows\system32\wshunix.dll

dbghelp: loaded successfully - version: 4.0.5 - missing functions: none
symbol engine: initialized successfully - sym options: 0x614 - pdb path: .;C:\Users\welcome\.gradle\jdks\eclipse_adoptium-17-amd64-windows.2\bin;C:\Windows\SYSTEM32;C:\Windows\WinSxS\amd64_microsoft.windows.common-controls_6595b64144ccf1df_6.0.19041.6926_none_60b5a53971f8f7e6;C:\Users\welcome\.gradle\jdks\eclipse_adoptium-17-amd64-windows.2\bin\server;C:\Users\welcome\.gradle\native\660c5614fbf4a5f2a75b1949f50a0caf5cd603558e7d8a26e50b933a0cfb79d1\windows-amd64;C:\Users\welcome\.gradle\native\0.2.8\x86_64-windows-gnu

VM Arguments:
jvm_args: --add-opens=java.base/java.lang=ALL-UNNAMED --add-opens=java.base/java.lang.invoke=ALL-UNNAMED --add-opens=java.base/java.util=ALL-UNNAMED --add-opens=java.prefs/java.util.prefs=ALL-UNNAMED --add-exports=jdk.compiler/com.sun.tools.javac.api=ALL-UNNAMED --add-exports=jdk.compiler/com.sun.tools.javac.util=ALL-UNNAMED --add-opens=java.base/java.util=ALL-UNNAMED --add-opens=java.prefs/java.util.prefs=ALL-UNNAMED --add-opens=java.base/java.nio.charset=ALL-UNNAMED --add-opens=java.base/java.net=ALL-UNNAMED --add-opens=java.base/java.util.concurrent=ALL-UNNAMED --add-opens=java.base/java.util.concurrent.atomic=ALL-UNNAMED --add-opens=java.xml/javax.xml.namespace=ALL-UNNAMED --add-opens=java.base/java.time=ALL-UNNAMED -Xmx2048m -Dfile.encoding=UTF-8 -Duser.country=IN -Duser.language=en -Duser.variant -javaagent:C:\Users\welcome\.gradle\wrapper\dists\gradle-9.3.1-bin\23ovyewtku6u96viwx3xl3oks\gradle-9.3.1\lib\agents\gradle-instrumentation-agent-9.3.1.jar 
java_command: org.gradle.launcher.daemon.bootstrap.GradleDaemon 9.3.1
java_class_path (initial): C:\Users\welcome\.gradle\wrapper\dists\gradle-9.3.1-bin\23ovyewtku6u96viwx3xl3oks\gradle-9.3.1\lib\gradle-daemon-main-9.3.1.jar
Launcher Type: SUN_STANDARD

[Global flags]
     intx CICompilerCount                          = 4                                         {product} {ergonomic}
     uint ConcGCThreads                            = 2                                         {product} {ergonomic}
     uint G1ConcRefinementThreads                  = 8                                         {product} {ergonomic}
   size_t G1HeapRegionSize                         = 1048576                                   {product} {ergonomic}
    uintx GCDrainStackTargetSize                   = 64                                        {product} {ergonomic}
   size_t InitialHeapSize                          = 62914560                                  {product} {ergonomic}
   size_t MarkStackSize                            = 4194304                                   {product} {ergonomic}
   size_t MaxHeapSize                              = 2147483648                                {product} {command line}
   size_t MaxNewSize                               = 1287651328                                {product} {ergonomic}
   size_t MinHeapDeltaBytes                        = 1048576                                   {product} {ergonomic}
   size_t MinHeapSize                              = 8388608                                   {product} {ergonomic}
    uintx NonNMethodCodeHeapSize                   = 5839372                                {pd product} {ergonomic}
    uintx NonProfiledCodeHeapSize                  = 122909434                              {pd product} {ergonomic}
    uintx ProfiledCodeHeapSize                     = 122909434                              {pd product} {ergonomic}
    uintx ReservedCodeCacheSize                    = 251658240                              {pd product} {ergonomic}
     bool SegmentedCodeCache                       = true                                      {product} {ergonomic}
   size_t SoftMaxHeapSize                          = 2147483648                             {manageable} {ergonomic}
     bool UseCompressedClassPointers               = true                           {product lp64_product} {ergonomic}
     bool UseCompressedOops                        = true                           {product lp64_product} {ergonomic}
     bool UseG1GC                                  = true                                      {product} {ergonomic}
     bool UseLargePagesIndividualAllocation        = false                                  {pd product} {ergonomic}

Logging:
Log output configuration:
 #0: stdout all=warning uptime,level,tags
 #1: stderr all=off uptime,level,tags

Environment Variables:
PATH=C:\Windows\system32;C:\Windows;C:\Windows\System32\Wbem;C:\Windows\System32\WindowsPowerShell\v1.0\;C:\Windows\System32\OpenSSH\;C:\Program Files\Git\cmd;C:\Program Files\nodejs\;C:\Users\welcome\AppData\Local\Microsoft\WindowsApps;C:\Users\welcome\AppData\Local\Programs\Antigravity\bin;C:\Users\welcome\AppData\Local\Programs\cursor\resources\app\bin;C:\Users\welcome\AppData\Local\Programs\Microsoft VS Code\bin;C:\Users\welcome\AppData\Roaming\npm;C:\Users\welcome\AppData\Local\Android\Sdk;;C:\Users\welcome\AppData\Local\Android\Sdk\platform-tools;
USERNAME=welcome
OS=Windows_NT
PROCESSOR_IDENTIFIER=Intel64 Family 6 Model 140 Stepping 2, GenuineIntel
TMP=C:\Users\welcome\AppData\Local\Temp
TEMP=C:\Users\welcome\AppData\Local\Temp



Periodic native trim disabled


---------------  S Y S T E M  ---------------

OS:
 Windows 10 , 64 bit Build 19041 (10.0.19041.6807)
OS uptime: 5 days 19:50 hours

CPU: total 8 (initial active 8) (4 cores per cpu, 2 threads per core) family 6 model 140 stepping 2 microcode 0x34, cx8, cmov, fxsr, ht, mmx, 3dnowpref, sse, sse2, sse3, ssse3, sse4.1, sse4.2, popcnt, lzcnt, tsc, tscinvbit, avx, avx2, aes, erms, clmul, bmi1, bmi2, adx, avx512f, avx512dq, avx512cd, avx512bw, avx512vl, sha, fma, vzeroupper, avx512_vpopcntdq, avx512_vpclmulqdq, avx512_vaes, avx512_vnni, clflush, clflushopt, clwb, avx512_vbmi2, avx512_vbmi
Processor Information for processor 0
  Max Mhz: 2496, Current Mhz: 2496, Mhz Limit: 2496
Processor Information for processor 1
  Max Mhz: 2496, Current Mhz: 998, Mhz Limit: 2496
Processor Information for processor 2
  Max Mhz: 2496, Current Mhz: 2496, Mhz Limit: 2496
Processor Information for processor 3
  Max Mhz: 2496, Current Mhz: 998, Mhz Limit: 2496
Processor Information for processor 4
  Max Mhz: 2496, Current Mhz: 2496, Mhz Limit: 2496
Processor Information for processor 5
  Max Mhz: 2496, Current Mhz: 998, Mhz Limit: 2496
Processor Information for processor 6
  Max Mhz: 2496, Current Mhz: 998, Mhz Limit: 2496
Processor Information for processor 7
  Max Mhz: 2496, Current Mhz: 2496, Mhz Limit: 2496

Memory: 4k page, system-wide physical 3738M (237M free)
TotalPageFile size 15002M (AvailPageFile size 0M)
current process WorkingSet (physical memory assigned to process): 184M, peak: 440M
current process commit charge ("private bytes"): 881M, peak: 975M

vm_info: OpenJDK 64-Bit Server VM (17.0.18+8) for windows-amd64 JRE (17.0.18+8), built on Jan 20 2026 22:28:22 by "admin" with MS VC++ 17.12 (VS2022)

END.
