#
# There is insufficient memory for the Java Runtime Environment to continue.
# Native memory allocation (mmap) failed to map 287309824 bytes. Error detail: G1 virtual space
# Possible reasons:
#   The system is out of physical RAM or swap space
#   This process is running with CompressedOops enabled, and the Java Heap may be blocking the growth of the native heap
# Possible solutions:
#   Reduce memory load on the system
#   Increase physical memory or swap space
#   Check if swap backing store is full
#   Decrease Java heap size (-Xmx/-Xms)
#   Decrease number of Java threads
#   Decrease Java thread stack sizes (-Xss)
#   Set larger code cache with -XX:ReservedCodeCacheSize=
#   JVM is running with Unscaled Compressed Oops mode in which the Java heap is
#     placed in the first 4GB address space. The Java Heap base address is the
#     maximum limit for the native heap growth. Please use -XX:HeapBaseMinAddress
#     to set the Java Heap base and to place the Java Heap above 4GB virtual address.
# This output file may be truncated or incomplete.
#
#  Out of Memory Error (os_windows.cpp:3618), pid=14184, tid=9228
#
# JRE version: OpenJDK Runtime Environment Temurin-17.0.18+8 (17.0.18+8) (build 17.0.18+8)
# Java VM: OpenJDK 64-Bit Server VM Temurin-17.0.18+8 (17.0.18+8, mixed mode, sharing, tiered, compressed oops, compressed class ptrs, g1 gc, windows-amd64)
# No core dump will be written. Minidumps are not enabled by default on client versions of Windows
#

---------------  S U M M A R Y ------------

Command Line: --add-opens=java.base/java.lang=ALL-UNNAMED --add-opens=java.base/java.lang.invoke=ALL-UNNAMED --add-opens=java.base/java.util=ALL-UNNAMED --add-opens=java.prefs/java.util.prefs=ALL-UNNAMED --add-exports=jdk.compiler/com.sun.tools.javac.api=ALL-UNNAMED --add-exports=jdk.compiler/com.sun.tools.javac.util=ALL-UNNAMED --add-opens=java.base/java.util=ALL-UNNAMED --add-opens=java.prefs/java.util.prefs=ALL-UNNAMED --add-opens=java.base/java.nio.charset=ALL-UNNAMED --add-opens=java.base/java.net=ALL-UNNAMED --add-opens=java.base/java.util.concurrent=ALL-UNNAMED --add-opens=java.base/java.util.concurrent.atomic=ALL-UNNAMED --add-opens=java.xml/javax.xml.namespace=ALL-UNNAMED --add-opens=java.base/java.time=ALL-UNNAMED -Xmx2048m -Dfile.encoding=UTF-8 -Duser.country=IN -Duser.language=en -Duser.variant -javaagent:C:\Users\welcome\.gradle\wrapper\dists\gradle-9.3.1-bin\23ovyewtku6u96viwx3xl3oks\gradle-9.3.1\lib\agents\gradle-instrumentation-agent-9.3.1.jar org.gradle.launcher.daemon.bootstrap.GradleDaemon 9.3.1

Host: 11th Gen Intel(R) Core(TM) i5-1155G7 @ 2.50GHz, 8 cores, 3G,  Windows 10 , 64 bit Build 19041 (10.0.19041.6807)
Time: Thu Mar 19 12:47:16 2026 India Standard Time elapsed time: 104.760085 seconds (0d 0h 1m 44s)

---------------  T H R E A D  ---------------

Current thread (0x000001bc794d4010):  VMThread "VM Thread" [stack: 0x0000001da9e00000,0x0000001da9f00000] [id=9228]

Stack: [0x0000001da9e00000,0x0000001da9f00000]
Native frames: (J=compiled Java code, j=interpreted, Vv=VM code, C=native code)
V  [jvm.dll+0x6846f9]
V  [jvm.dll+0x839ea5]
V  [jvm.dll+0x83b91e]
V  [jvm.dll+0x83bfa3]
V  [jvm.dll+0x248eff]
V  [jvm.dll+0x6814b9]
V  [jvm.dll+0x6762ba]
V  [jvm.dll+0x309257]
V  [jvm.dll+0x310826]
V  [jvm.dll+0x360d9e]
V  [jvm.dll+0x360fdd]
V  [jvm.dll+0x2e02dc]
V  [jvm.dll+0x2de6b2]
V  [jvm.dll+0x2dde4c]
V  [jvm.dll+0x320aeb]
V  [jvm.dll+0x8407bd]
V  [jvm.dll+0x8414f3]
V  [jvm.dll+0x841a1f]
V  [jvm.dll+0x841e05]
V  [jvm.dll+0x841ece]
V  [jvm.dll+0x7eaaec]
V  [jvm.dll+0x6835c7]
C  [ucrtbase.dll+0x21bb2]
C  [KERNEL32.DLL+0x17374]
C  [ntdll.dll+0x4cc91]

VM_Operation (0x0000001dab0fe8b0): G1CollectForAllocation, mode: safepoint, requested by thread 0x000001bc7e033cd0


---------------  P R O C E S S  ---------------

Threads class SMR info:
_java_thread_list=0x000001bc519a9a30, length=146, elements={
0x000001bc6a04fb70, 0x000001bc794d9870, 0x000001bc794da340, 0x000001bc794ed410,
0x000001bc794efdf0, 0x000001bc794f26d0, 0x000001bc794f2fa0, 0x000001bc794f4fb0,
0x000001bc794f78d0, 0x000001bc794f81e0, 0x000001bc796fed30, 0x000001bc79741580,
0x000001bc7e033cd0, 0x000001bc797b9030, 0x000001bc7e9fa430, 0x000001bc7f728f00,
0x000001bc7e83d5b0, 0x000001bc7e83c680, 0x000001bc7e83dac0, 0x000001bc7e83dfd0,
0x000001bc7e83d0a0, 0x000001bc7e83e4e0, 0x000001bc7e83f410, 0x000001bc7e83f920,
0x000001bc7e83c170, 0x000001bc5118b9b0, 0x000001bc51190ab0, 0x000001bc5118e230,
0x000001bc51190fc0, 0x000001bc5118f160, 0x000001bc511914d0, 0x000001bc5118d300,
0x000001bc5118d810, 0x000001bc5118a060, 0x000001bc5118cdf0, 0x000001bc5118b4a0,
0x000001bc5118dd20, 0x000001bc5118af90, 0x000001bc5118e740, 0x000001bc5118ec50,
0x000001bc51190090, 0x000001bc5118bec0, 0x000001bc5118a570, 0x000001bc5118fb80,
0x000001bc511905a0, 0x000001bc5118aa80, 0x000001bc5118c3d0, 0x000001bc51fe39c0,
0x000001bc51fe3ed0, 0x000001bc51fe5d30, 0x000001bc51fe4e00, 0x000001bc51fe48f0,
0x000001bc51fe34b0, 0x000001bc51fe43e0, 0x000001bc51fe5820, 0x000001bc51fe2fa0,
0x000001bc51fe5310, 0x000001bc51fe2580, 0x000001bc51fe2a90, 0x000001bc520371c0,
0x000001bc52035d80, 0x000001bc52036290, 0x000001bc52039a40, 0x000001bc520376d0,
0x000001bc52036cb0, 0x000001bc52038600, 0x000001bc52039530, 0x000001bc52038b10,
0x000001bc5203b390, 0x000001bc52039020, 0x000001bc5203c2c0, 0x000001bc52039f50,
0x000001bc520380f0, 0x000001bc520367a0, 0x000001bc5203c7d0, 0x000001bc5203b8a0,
0x000001bc5203a460, 0x000001bc5203cce0, 0x000001bc5203a970, 0x000001bc5203ae80,
0x000001bc5203bdb0, 0x000001bc52035870, 0x000001bc5203d1f0, 0x000001bc520a60b0,
0x000001bc520a19d0, 0x000001bc520a4760, 0x000001bc520a65c0, 0x000001bc520a3830,
0x000001bc520a8930, 0x000001bc520a5ba0, 0x000001bc520a8e40, 0x000001bc520a9350,
0x000001bc520a4250, 0x000001bc520a5690, 0x000001bc520a2900, 0x000001bc520a6fe0,
0x000001bc520a6ad0, 0x000001bc520a2e10, 0x000001bc520a1ee0, 0x000001bc520a74f0,
0x000001bc520a7a00, 0x000001bc520a7f10, 0x000001bc520a8420, 0x000001bc5118f670,
0x000001bc5118c8e0, 0x000001bc50143130, 0x000001bc50149b80, 0x000001bc50143640,
0x000001bc50144f90, 0x000001bc50144060, 0x000001bc50149160, 0x000001bc50143b50,
0x000001bc50148740, 0x000001bc501459b0, 0x000001bc501454a0, 0x000001bc50147300,
0x000001bc50145ec0, 0x000001bc50147810, 0x000001bc50148c50, 0x000001bc50147d20,
0x000001bc50148230, 0x000001bc50149670, 0x000001bc5014a090, 0x000001bc50142c20,
0x000001bc501468e0, 0x000001bc50144570, 0x000001bc5014a5a0, 0x000001bc50144a80,
0x000001bc501463d0, 0x000001bc50146df0, 0x000001bc5073f4e0, 0x000001bc5073f9f0,
0x000001bc5073eac0, 0x000001bc5073db90, 0x000001bc5073ff00, 0x000001bc50739ed0,
0x000001bc5073e5b0, 0x000001bc5073b820, 0x000001bc5073efd0, 0x000001bc5073bd30,
0x000001bc50740e30, 0x000001bc50741340, 0x000001bc5073c240, 0x000001bc50741850,
0x000001bc5073a8f0, 0x000001bc5073ae00
}

Java Threads: ( => current thread )
  0x000001bc6a04fb70 JavaThread "main" [_thread_blocked, id=2508, stack(0x0000001da9800000,0x0000001da9900000)]
  0x000001bc794d9870 JavaThread "Reference Handler" daemon [_thread_blocked, id=6672, stack(0x0000001da9f00000,0x0000001daa000000)]
  0x000001bc794da340 JavaThread "Finalizer" daemon [_thread_blocked, id=16724, stack(0x0000001daa000000,0x0000001daa100000)]
  0x000001bc794ed410 JavaThread "Signal Dispatcher" daemon [_thread_blocked, id=19652, stack(0x0000001daa100000,0x0000001daa200000)]
  0x000001bc794efdf0 JavaThread "Attach Listener" daemon [_thread_blocked, id=5572, stack(0x0000001daa200000,0x0000001daa300000)]
  0x000001bc794f26d0 JavaThread "Service Thread" daemon [_thread_blocked, id=19024, stack(0x0000001daa300000,0x0000001daa400000)]
  0x000001bc794f2fa0 JavaThread "Monitor Deflation Thread" daemon [_thread_blocked, id=15068, stack(0x0000001daa400000,0x0000001daa500000)]
  0x000001bc794f4fb0 JavaThread "C2 CompilerThread0" daemon [_thread_blocked, id=19172, stack(0x0000001daa500000,0x0000001daa600000)]
  0x000001bc794f78d0 JavaThread "C1 CompilerThread0" daemon [_thread_blocked, id=9696, stack(0x0000001daa600000,0x0000001daa700000)]
  0x000001bc794f81e0 JavaThread "Sweeper thread" daemon [_thread_blocked, id=6200, stack(0x0000001daa700000,0x0000001daa800000)]
  0x000001bc796fed30 JavaThread "Common-Cleaner" daemon [_thread_blocked, id=20716, stack(0x0000001daa800000,0x0000001daa900000)]
  0x000001bc79741580 JavaThread "Notification Thread" daemon [_thread_blocked, id=540, stack(0x0000001daa900000,0x0000001daaa00000)]
  0x000001bc7e033cd0 JavaThread "Daemon health stats" [_thread_blocked, id=20948, stack(0x0000001dab000000,0x0000001dab100000)]
  0x000001bc797b9030 JavaThread "Incoming local TCP Connector on port 62997" [_thread_in_native, id=4472, stack(0x0000001dab100000,0x0000001dab200000)]
  0x000001bc7e9fa430 JavaThread "Daemon periodic checks" [_thread_blocked, id=18516, stack(0x0000001dab200000,0x0000001dab300000)]
  0x000001bc7f728f00 JavaThread "Daemon" [_thread_blocked, id=1964, stack(0x0000001dab600000,0x0000001dab700000)]
  0x000001bc7e83d5b0 JavaThread "Handler for socket connection from /127.0.0.1:62997 to /127.0.0.1:62998" [_thread_in_native, id=14952, stack(0x0000001dab700000,0x0000001dab800000)]
  0x000001bc7e83c680 JavaThread "Cancel handler" [_thread_blocked, id=4360, stack(0x0000001dab800000,0x0000001dab900000)]
  0x000001bc7e83dac0 JavaThread "Daemon worker" [_thread_blocked, id=9360, stack(0x0000001dab900000,0x0000001daba00000)]
  0x000001bc7e83dfd0 JavaThread "Asynchronous log dispatcher for DefaultDaemonConnection: socket connection from /127.0.0.1:62997 to /127.0.0.1:62998" [_thread_blocked, id=2488, stack(0x0000001daba00000,0x0000001dabb00000)]
  0x000001bc7e83d0a0 JavaThread "Stdin handler" [_thread_blocked, id=21364, stack(0x0000001dabb00000,0x0000001dabc00000)]
  0x000001bc7e83e4e0 JavaThread "Daemon client event forwarder" [_thread_blocked, id=20384, stack(0x0000001dabc00000,0x0000001dabd00000)]
  0x000001bc7e83f410 JavaThread "Cache worker for journal cache (C:\Users\welcome\.gradle\caches\journal-1)" [_thread_blocked, id=4504, stack(0x0000001dabd00000,0x0000001dabe00000)]
  0x000001bc7e83f920 JavaThread "File lock request listener" [_thread_in_native, id=5784, stack(0x0000001dabe00000,0x0000001dabf00000)]
  0x000001bc7e83c170 JavaThread "Cache worker for file hash cache (C:\Users\welcome\.gradle\caches\9.3.1\fileHashes)" [_thread_blocked, id=9008, stack(0x0000001dabf00000,0x0000001dac000000)]
  0x000001bc5118b9b0 JavaThread "Cache worker for file hash cache (C:\Users\welcome\AndroidStudioProjects\mindguardaipsychologicalsupportapp\.gradle\9.3.1\fileHashes)" [_thread_blocked, id=15968, stack(0x0000001dac100000,0x0000001dac200000)]
  0x000001bc51190ab0 JavaThread "Cache worker for Build Output Cleanup Cache (C:\Users\welcome\AndroidStudioProjects\mindguardaipsychologicalsupportapp\.gradle\buildOutputCleanup)" [_thread_blocked, id=10908, stack(0x0000001dac200000,0x0000001dac300000)]
  0x000001bc5118e230 JavaThread "File watcher server" daemon [_thread_blocked, id=13124, stack(0x0000001dac300000,0x0000001dac400000)]
  0x000001bc51190fc0 JavaThread "File watcher consumer" daemon [_thread_blocked, id=6940, stack(0x0000001dac400000,0x0000001dac500000)]
  0x000001bc5118f160 JavaThread "Cache worker for checksums cache (C:\Users\welcome\AndroidStudioProjects\mindguardaipsychologicalsupportapp\.gradle\9.3.1\checksums)" [_thread_blocked, id=21384, stack(0x0000001dac500000,0x0000001dac600000)]
  0x000001bc511914d0 JavaThread "Cache worker for file content cache (C:\Users\welcome\.gradle\caches\9.3.1\fileContent)" [_thread_blocked, id=18580, stack(0x0000001dac600000,0x0000001dac700000)]
  0x000001bc5118d300 JavaThread "Cache worker for cache directory md-supplier (C:\Users\welcome\.gradle\caches\9.3.1\md-supplier)" [_thread_blocked, id=21360, stack(0x0000001dac700000,0x0000001dac800000)]
  0x000001bc5118d810 JavaThread "Cache worker for cache directory md-rule (C:\Users\welcome\.gradle\caches\9.3.1\md-rule)" [_thread_blocked, id=8324, stack(0x0000001dac800000,0x0000001dac900000)]
  0x000001bc5118a060 JavaThread "jar transforms" [_thread_blocked, id=14536, stack(0x0000001dac900000,0x0000001daca00000)]
  0x000001bc5118cdf0 JavaThread "jar transforms Thread 2" [_thread_blocked, id=9912, stack(0x0000001daca00000,0x0000001dacb00000)]
  0x000001bc5118b4a0 JavaThread "jar transforms Thread 3" [_thread_blocked, id=9644, stack(0x0000001dacb00000,0x0000001dacc00000)]
  0x000001bc5118dd20 JavaThread "jar transforms Thread 4" [_thread_blocked, id=8328, stack(0x0000001dacc00000,0x0000001dacd00000)]
  0x000001bc5118af90 JavaThread "jar transforms Thread 5" [_thread_blocked, id=14004, stack(0x0000001dacd00000,0x0000001dace00000)]
  0x000001bc5118e740 JavaThread "Unconstrained build operations" [_thread_blocked, id=16976, stack(0x0000001dace00000,0x0000001dacf00000)]
  0x000001bc5118ec50 JavaThread "Unconstrained build operations Thread 2" [_thread_blocked, id=17864, stack(0x0000001dacf00000,0x0000001dad000000)]
  0x000001bc51190090 JavaThread "Unconstrained build operations Thread 3" [_thread_blocked, id=20228, stack(0x0000001dad000000,0x0000001dad100000)]
  0x000001bc5118bec0 JavaThread "Unconstrained build operations Thread 4" [_thread_blocked, id=6240, stack(0x0000001dad100000,0x0000001dad200000)]
  0x000001bc5118a570 JavaThread "Unconstrained build operations Thread 5" [_thread_blocked, id=756, stack(0x0000001dad200000,0x0000001dad300000)]
  0x000001bc5118fb80 JavaThread "Unconstrained build operations Thread 6" [_thread_blocked, id=10540, stack(0x0000001dad300000,0x0000001dad400000)]
  0x000001bc511905a0 JavaThread "Unconstrained build operations Thread 7" [_thread_blocked, id=9280, stack(0x0000001dad400000,0x0000001dad500000)]
  0x000001bc5118aa80 JavaThread "Unconstrained build operations Thread 8" [_thread_blocked, id=18660, stack(0x0000001dad500000,0x0000001dad600000)]
  0x000001bc5118c3d0 JavaThread "Unconstrained build operations Thread 9" [_thread_blocked, id=5148, stack(0x0000001dad600000,0x0000001dad700000)]
  0x000001bc51fe39c0 JavaThread "Unconstrained build operations Thread 10" [_thread_blocked, id=4732, stack(0x0000001dad700000,0x0000001dad800000)]
  0x000001bc51fe3ed0 JavaThread "Unconstrained build operations Thread 11" [_thread_blocked, id=18024, stack(0x0000001dad800000,0x0000001dad900000)]
  0x000001bc51fe5d30 JavaThread "Unconstrained build operations Thread 12" [_thread_blocked, id=17044, stack(0x0000001dad900000,0x0000001dada00000)]
  0x000001bc51fe4e00 JavaThread "Unconstrained build operations Thread 13" [_thread_blocked, id=6928, stack(0x0000001dada00000,0x0000001dadb00000)]
  0x000001bc51fe48f0 JavaThread "Unconstrained build operations Thread 14" [_thread_blocked, id=2220, stack(0x0000001dadb00000,0x0000001dadc00000)]
  0x000001bc51fe34b0 JavaThread "jar transforms Thread 6" [_thread_blocked, id=21248, stack(0x0000001dadc00000,0x0000001dadd00000)]
  0x000001bc51fe43e0 JavaThread "jar transforms Thread 7" [_thread_blocked, id=1788, stack(0x0000001dadd00000,0x0000001dade00000)]
  0x000001bc51fe5820 JavaThread "Unconstrained build operations Thread 15" [_thread_blocked, id=13196, stack(0x0000001dade00000,0x0000001dadf00000)]
  0x000001bc51fe2fa0 JavaThread "Unconstrained build operations Thread 16" [_thread_blocked, id=11296, stack(0x0000001dadf00000,0x0000001dae000000)]
  0x000001bc51fe5310 JavaThread "Unconstrained build operations Thread 17" [_thread_blocked, id=9800, stack(0x0000001dae000000,0x0000001dae100000)]
  0x000001bc51fe2580 JavaThread "Unconstrained build operations Thread 18" [_thread_blocked, id=5428, stack(0x0000001dae100000,0x0000001dae200000)]
  0x000001bc51fe2a90 JavaThread "Unconstrained build operations Thread 19" [_thread_blocked, id=6648, stack(0x0000001dae200000,0x0000001dae300000)]
  0x000001bc520371c0 JavaThread "Unconstrained build operations Thread 20" [_thread_blocked, id=15728, stack(0x0000001dae300000,0x0000001dae400000)]
  0x000001bc52035d80 JavaThread "Unconstrained build operations Thread 21" [_thread_blocked, id=6408, stack(0x0000001dae400000,0x0000001dae500000)]
  0x000001bc52036290 JavaThread "jar transforms Thread 8" [_thread_blocked, id=18524, stack(0x0000001dae500000,0x0000001dae600000)]
  0x000001bc52039a40 JavaThread "Unconstrained build operations Thread 22" [_thread_blocked, id=16772, stack(0x0000001dae600000,0x0000001dae700000)]
  0x000001bc520376d0 JavaThread "Unconstrained build operations Thread 23" [_thread_blocked, id=15520, stack(0x0000001dae700000,0x0000001dae800000)]
  0x000001bc52036cb0 JavaThread "Unconstrained build operations Thread 24" [_thread_blocked, id=9568, stack(0x0000001dae800000,0x0000001dae900000)]
  0x000001bc52038600 JavaThread "Unconstrained build operations Thread 25" [_thread_blocked, id=19572, stack(0x0000001dae900000,0x0000001daea00000)]
  0x000001bc52039530 JavaThread "Unconstrained build operations Thread 26" [_thread_blocked, id=3144, stack(0x0000001daea00000,0x0000001daeb00000)]
  0x000001bc52038b10 JavaThread "Unconstrained build operations Thread 27" [_thread_blocked, id=10676, stack(0x0000001daeb00000,0x0000001daec00000)]
  0x000001bc5203b390 JavaThread "Unconstrained build operations Thread 28" [_thread_blocked, id=15300, stack(0x0000001daec00000,0x0000001daed00000)]
  0x000001bc52039020 JavaThread "Unconstrained build operations Thread 29" [_thread_blocked, id=11040, stack(0x0000001daed00000,0x0000001daee00000)]
  0x000001bc5203c2c0 JavaThread "Unconstrained build operations Thread 30" [_thread_blocked, id=10892, stack(0x0000001daee00000,0x0000001daef00000)]
  0x000001bc52039f50 JavaThread "Unconstrained build operations Thread 31" [_thread_blocked, id=11456, stack(0x0000001daef00000,0x0000001daf000000)]
  0x000001bc520380f0 JavaThread "Unconstrained build operations Thread 32" [_thread_blocked, id=5092, stack(0x0000001daf000000,0x0000001daf100000)]
  0x000001bc520367a0 JavaThread "Unconstrained build operations Thread 33" [_thread_blocked, id=21228, stack(0x0000001daf100000,0x0000001daf200000)]
  0x000001bc5203c7d0 JavaThread "Unconstrained build operations Thread 34" [_thread_blocked, id=9176, stack(0x0000001daf200000,0x0000001daf300000)]
  0x000001bc5203b8a0 JavaThread "Unconstrained build operations Thread 35" [_thread_blocked, id=19476, stack(0x0000001daf300000,0x0000001daf400000)]
  0x000001bc5203a460 JavaThread "Unconstrained build operations Thread 36" [_thread_blocked, id=6276, stack(0x0000001daf400000,0x0000001daf500000)]
  0x000001bc5203cce0 JavaThread "Unconstrained build operations Thread 37" [_thread_blocked, id=13156, stack(0x0000001daf500000,0x0000001daf600000)]
  0x000001bc5203a970 JavaThread "Unconstrained build operations Thread 38" [_thread_blocked, id=19760, stack(0x0000001daf600000,0x0000001daf700000)]
  0x000001bc5203ae80 JavaThread "Unconstrained build operations Thread 39" [_thread_blocked, id=19548, stack(0x0000001daf700000,0x0000001daf800000)]
  0x000001bc5203bdb0 JavaThread "Unconstrained build operations Thread 40" [_thread_blocked, id=19484, stack(0x0000001daf800000,0x0000001daf900000)]
  0x000001bc52035870 JavaThread "Unconstrained build operations Thread 41" [_thread_blocked, id=12408, stack(0x0000001daf900000,0x0000001dafa00000)]
  0x000001bc5203d1f0 JavaThread "Unconstrained build operations Thread 42" [_thread_blocked, id=11272, stack(0x0000001dafa00000,0x0000001dafb00000)]
  0x000001bc520a60b0 JavaThread "Unconstrained build operations Thread 43" [_thread_blocked, id=6984, stack(0x0000001dafb00000,0x0000001dafc00000)]
  0x000001bc520a19d0 JavaThread "Unconstrained build operations Thread 44" [_thread_blocked, id=12496, stack(0x0000001dafc00000,0x0000001dafd00000)]
  0x000001bc520a4760 JavaThread "Unconstrained build operations Thread 45" [_thread_blocked, id=17652, stack(0x0000001dafd00000,0x0000001dafe00000)]
  0x000001bc520a65c0 JavaThread "build event listener" [_thread_blocked, id=6252, stack(0x0000001dafe00000,0x0000001daff00000)]
  0x000001bc520a3830 JavaThread "Memory manager" [_thread_blocked, id=19256, stack(0x0000001daff00000,0x0000001db0000000)]
  0x000001bc520a8930 JavaThread "build event listener" [_thread_blocked, id=2208, stack(0x0000001db0100000,0x0000001db0200000)]
  0x000001bc520a5ba0 JavaThread "pool-3-thread-1" [_thread_blocked, id=6448, stack(0x0000001da9500000,0x0000001da9600000)]
  0x000001bc520a8e40 JavaThread "build event listener" [_thread_blocked, id=7888, stack(0x0000001da9600000,0x0000001da9700000)]
  0x000001bc520a9350 JavaThread "included builds" [_thread_blocked, id=6716, stack(0x0000001db0500000,0x0000001db0600000)]
  0x000001bc520a4250 JavaThread "Execution worker" [_thread_blocked, id=21192, stack(0x0000001db0600000,0x0000001db0700000)]
  0x000001bc520a5690 JavaThread "Execution worker Thread 2" [_thread_blocked, id=16732, stack(0x0000001db0700000,0x0000001db0800000)]
  0x000001bc520a2900 JavaThread "Execution worker Thread 3" [_thread_blocked, id=664, stack(0x0000001db0800000,0x0000001db0900000)]
  0x000001bc520a6fe0 JavaThread "Execution worker Thread 4" [_thread_blocked, id=16204, stack(0x0000001db0900000,0x0000001db0a00000)]
  0x000001bc520a6ad0 JavaThread "Execution worker Thread 5" [_thread_blocked, id=7892, stack(0x0000001db0a00000,0x0000001db0b00000)]
  0x000001bc520a2e10 JavaThread "Execution worker Thread 6" [_thread_blocked, id=11028, stack(0x0000001db0b00000,0x0000001db0c00000)]
  0x000001bc520a1ee0 JavaThread "Execution worker Thread 7" [_thread_blocked, id=5496, stack(0x0000001db0c00000,0x0000001db0d00000)]
  0x000001bc520a74f0 JavaThread "Cache worker for execution history cache (C:\Users\welcome\AndroidStudioProjects\mindguardaipsychologicalsupportapp\.gradle\9.3.1\executionHistory)" [_thread_blocked, id=6072, stack(0x0000001db0d00000,0x0000001db0e00000)]
  0x000001bc520a7a00 JavaThread "Unconstrained build operations Thread 46" [_thread_blocked, id=17664, stack(0x0000001db0e00000,0x0000001db0f00000)]
  0x000001bc520a7f10 JavaThread "Unconstrained build operations Thread 47" [_thread_blocked, id=14908, stack(0x0000001db0f00000,0x0000001db1000000)]
  0x000001bc520a8420 JavaThread "Unconstrained build operations Thread 48" [_thread_blocked, id=7396, stack(0x0000001db1000000,0x0000001db1100000)]
  0x000001bc5118f670 JavaThread "Unconstrained build operations Thread 49" [_thread_blocked, id=18208, stack(0x0000001db1100000,0x0000001db1200000)]
  0x000001bc5118c8e0 JavaThread "Unconstrained build operations Thread 50" [_thread_blocked, id=2920, stack(0x0000001db1200000,0x0000001db1300000)]
  0x000001bc50143130 JavaThread "Unconstrained build operations Thread 51" [_thread_blocked, id=10376, stack(0x0000001db1300000,0x0000001db1400000)]
  0x000001bc50149b80 JavaThread "Unconstrained build operations Thread 52" [_thread_blocked, id=14480, stack(0x0000001db1400000,0x0000001db1500000)]
  0x000001bc50143640 JavaThread "Unconstrained build operations Thread 53" [_thread_blocked, id=7500, stack(0x0000001db1500000,0x0000001db1600000)]
  0x000001bc50144f90 JavaThread "WorkerExecutor Queue" [_thread_blocked, id=17260, stack(0x0000001db1600000,0x0000001db1700000)]
  0x000001bc50144060 JavaThread "Unconstrained build operations Thread 54" [_thread_blocked, id=19384, stack(0x0000001db1700000,0x0000001db1800000)]
  0x000001bc50149160 JavaThread "Unconstrained build operations Thread 55" [_thread_blocked, id=15148, stack(0x0000001db1800000,0x0000001db1900000)]
  0x000001bc50143b50 JavaThread "Unconstrained build operations Thread 56" [_thread_blocked, id=1372, stack(0x0000001db1900000,0x0000001db1a00000)]
  0x000001bc50148740 JavaThread "Unconstrained build operations Thread 57" [_thread_blocked, id=19148, stack(0x0000001db1a00000,0x0000001db1b00000)]
  0x000001bc501459b0 JavaThread "Unconstrained build operations Thread 58" [_thread_blocked, id=1432, stack(0x0000001db1b00000,0x0000001db1c00000)]
  0x000001bc501454a0 JavaThread "Unconstrained build operations Thread 59" [_thread_blocked, id=8588, stack(0x0000001db1c00000,0x0000001db1d00000)]
  0x000001bc50147300 JavaThread "Unconstrained build operations Thread 60" [_thread_blocked, id=13980, stack(0x0000001db1d00000,0x0000001db1e00000)]
  0x000001bc50145ec0 JavaThread "Unconstrained build operations Thread 61" [_thread_blocked, id=12176, stack(0x0000001db1e00000,0x0000001db1f00000)]
  0x000001bc50147810 JavaThread "Unconstrained build operations Thread 62" [_thread_blocked, id=4528, stack(0x0000001db1f00000,0x0000001db2000000)]
  0x000001bc50148c50 JavaThread "Unconstrained build operations Thread 63" [_thread_blocked, id=928, stack(0x0000001db2000000,0x0000001db2100000)]
  0x000001bc50147d20 JavaThread "Unconstrained build operations Thread 64" [_thread_blocked, id=18800, stack(0x0000001db2100000,0x0000001db2200000)]
  0x000001bc50148230 JavaThread "Unconstrained build operations Thread 65" [_thread_blocked, id=4072, stack(0x0000001db2200000,0x0000001db2300000)]
  0x000001bc50149670 JavaThread "Unconstrained build operations Thread 66" [_thread_blocked, id=5456, stack(0x0000001db2300000,0x0000001db2400000)]
  0x000001bc5014a090 JavaThread "Unconstrained build operations Thread 67" [_thread_blocked, id=15420, stack(0x0000001db2400000,0x0000001db2500000)]
  0x000001bc50142c20 JavaThread "Unconstrained build operations Thread 68" [_thread_blocked, id=19820, stack(0x0000001db2500000,0x0000001db2600000)]
  0x000001bc501468e0 JavaThread "Unconstrained build operations Thread 69" [_thread_blocked, id=12808, stack(0x0000001db2600000,0x0000001db2700000)]
  0x000001bc50144570 JavaThread "Unconstrained build operations Thread 70" [_thread_blocked, id=9428, stack(0x0000001db2700000,0x0000001db2800000)]
  0x000001bc5014a5a0 JavaThread "Unconstrained build operations Thread 71" [_thread_blocked, id=16964, stack(0x0000001db2800000,0x0000001db2900000)]
  0x000001bc50144a80 JavaThread "Unconstrained build operations Thread 72" [_thread_blocked, id=1852, stack(0x0000001db2900000,0x0000001db2a00000)]
  0x000001bc501463d0 JavaThread "Unconstrained build operations Thread 73" [_thread_blocked, id=4320, stack(0x0000001db2a00000,0x0000001db2b00000)]
  0x000001bc50146df0 JavaThread "Unconstrained build operations Thread 74" [_thread_blocked, id=5176, stack(0x0000001db2b00000,0x0000001db2c00000)]
  0x000001bc5073f4e0 JavaThread "Unconstrained build operations Thread 75" [_thread_blocked, id=11868, stack(0x0000001db2c00000,0x0000001db2d00000)]
  0x000001bc5073f9f0 JavaThread "Unconstrained build operations Thread 76" [_thread_blocked, id=15916, stack(0x0000001db2d00000,0x0000001db2e00000)]
  0x000001bc5073eac0 JavaThread "Unconstrained build operations Thread 77" [_thread_blocked, id=13364, stack(0x0000001db2e00000,0x0000001db2f00000)]
  0x000001bc5073db90 JavaThread "Unconstrained build operations Thread 78" [_thread_blocked, id=6788, stack(0x0000001db2f00000,0x0000001db3000000)]
  0x000001bc5073ff00 JavaThread "Unconstrained build operations Thread 79" [_thread_blocked, id=8352, stack(0x0000001db3000000,0x0000001db3100000)]
  0x000001bc50739ed0 JavaThread "Unconstrained build operations Thread 80" [_thread_blocked, id=3568, stack(0x0000001db3100000,0x0000001db3200000)]
  0x000001bc5073e5b0 JavaThread "WorkerExecutor Queue Thread 2" [_thread_blocked, id=1016, stack(0x0000001db3400000,0x0000001db3500000)]
  0x000001bc5073b820 JavaThread "WorkerExecutor Queue Thread 3" [_thread_blocked, id=16132, stack(0x0000001db3500000,0x0000001db3600000)]
  0x000001bc5073efd0 JavaThread "Cache worker for Java compile cache (C:\Users\welcome\.gradle\caches\9.3.1\javaCompile)" [_thread_blocked, id=11172, stack(0x0000001db3600000,0x0000001db3700000)]
  0x000001bc5073bd30 JavaThread "Build operations" [_thread_blocked, id=6176, stack(0x0000001db3700000,0x0000001db3800000)]
  0x000001bc50740e30 JavaThread "Build operations Thread 2" [_thread_blocked, id=2672, stack(0x0000001db3800000,0x0000001db3900000)]
  0x000001bc50741340 JavaThread "Build operations Thread 3" [_thread_blocked, id=6760, stack(0x0000001db3900000,0x0000001db3a00000)]
  0x000001bc5073c240 JavaThread "Build operations Thread 4" [_thread_blocked, id=14944, stack(0x0000001db3a00000,0x0000001db3b00000)]
  0x000001bc50741850 JavaThread "Build operations Thread 5" [_thread_blocked, id=19276, stack(0x0000001db3b00000,0x0000001db3c00000)]
  0x000001bc5073a8f0 JavaThread "Build operations Thread 6" [_thread_blocked, id=14756, stack(0x0000001db3c00000,0x0000001db3d00000)]
  0x000001bc5073ae00 JavaThread "Build operations Thread 7" [_thread_blocked, id=9612, stack(0x0000001db3d00000,0x0000001db3e00000)]

Other Threads:
=>0x000001bc794d4010 VMThread "VM Thread" [stack: 0x0000001da9e00000,0x0000001da9f00000] [id=9228]
  0x000001bc6a050a40 WatcherThread [stack: 0x0000001daaa00000,0x0000001daab00000] [id=4516]
  0x000001bc6a0abcd0 GCTaskThread "GC Thread#0" [stack: 0x0000001da9900000,0x0000001da9a00000] [id=14424]
  0x000001bc799cd5e0 GCTaskThread "GC Thread#1" [stack: 0x0000001daab00000,0x0000001daac00000] [id=12564]
  0x000001bc79862130 GCTaskThread "GC Thread#2" [stack: 0x0000001daac00000,0x0000001daad00000] [id=12768]
  0x000001bc7e8cfd20 GCTaskThread "GC Thread#3" [stack: 0x0000001daad00000,0x0000001daae00000] [id=11552]
  0x000001bc7e1fd5c0 GCTaskThread "GC Thread#4" [stack: 0x0000001daae00000,0x0000001daaf00000] [id=20456]
  0x000001bc7eae4c60 GCTaskThread "GC Thread#5" [stack: 0x0000001dab300000,0x0000001dab400000] [id=6216]
  0x000001bc7edbc450 GCTaskThread "GC Thread#6" [stack: 0x0000001dab400000,0x0000001dab500000] [id=15072]
  0x000001bc7e975860 GCTaskThread "GC Thread#7" [stack: 0x0000001dab500000,0x0000001dab600000] [id=16972]
  0x000001bc6a0bd2d0 ConcurrentGCThread "G1 Main Marker" [stack: 0x0000001da9a00000,0x0000001da9b00000] [id=17944]
  0x000001bc6a0bdc00 ConcurrentGCThread "G1 Conc#0" [stack: 0x0000001da9b00000,0x0000001da9c00000] [id=21136]
  0x000001bc506147e0 ConcurrentGCThread "G1 Conc#1" [stack: 0x0000001dac000000,0x0000001dac100000] [id=18124]
  0x000001bc6a10e550 ConcurrentGCThread "G1 Refine#0" [stack: 0x0000001da9c00000,0x0000001da9d00000] [id=6712]
  0x000001bc7e97f4a0 ConcurrentGCThread "G1 Refine#1" [stack: 0x0000001daaf00000,0x0000001dab000000] [id=20036]
  0x000001bc53f3ab50 ConcurrentGCThread "G1 Refine#2" [stack: 0x0000001da9700000,0x0000001da9800000] [id=16468]
  0x000001bc5070a070 ConcurrentGCThread "G1 Refine#3" [stack: 0x0000001db0300000,0x0000001db0400000] [id=16800]
  0x000001bc5070d840 ConcurrentGCThread "G1 Refine#4" [stack: 0x0000001db0400000,0x0000001db0500000] [id=12372]
  0x000001bc53d6e5d0 ConcurrentGCThread "G1 Refine#5" [stack: 0x0000001db3200000,0x0000001db3300000] [id=1476]
  0x000001bc522a6dc0 ConcurrentGCThread "G1 Refine#6" [stack: 0x0000001db3300000,0x0000001db3400000] [id=17640]
  0x000001bc793840a0 ConcurrentGCThread "G1 Service" [stack: 0x0000001da9d00000,0x0000001da9e00000] [id=9920]

Threads with active compile tasks:
C2 CompilerThread0  104910 18800       4       com.sun.tools.javac.jvm.ClassReader::sigToType (893 bytes)

VM state: at safepoint (normal execution)

VM Mutex/Monitor currently owned by a thread:  ([mutex/lock_event])
[0x000001bc6a04a770] Threads_lock - owner thread: 0x000001bc794d4010
[0x000001bc6a04b4f0] Heap_lock - owner thread: 0x000001bc7e033cd0

Heap address: 0x0000000080000000, size: 2048 MB, Compressed Oops mode: 32-bit

CDS archive(s) mapped at: [0x000001bc0f000000-0x000001bc0fbb0000-0x000001bc0fbb0000), size 12255232, SharedBaseAddress: 0x000001bc0f000000, ArchiveRelocationMode: 1.
Compressed class space mapped at: 0x000001bc10000000-0x000001bc50000000, reserved size: 1073741824
Narrow klass base: 0x000001bc0f000000, Narrow klass shift: 0, Narrow klass range: 0x100000000

GC Precious Log:
 CPUs: 8 total, 8 available
 Memory: 3738M
 Large Page Support: Disabled
 NUMA Support: Disabled
 Compressed Oops: Enabled (32-bit)
 Heap Region Size: 1M
 Heap Min Capacity: 8M
 Heap Initial Capacity: 60M
 Heap Max Capacity: 2G
 Pre-touch: Disabled
 Parallel Workers: 8
 Concurrent Workers: 2
 Concurrent Refinement Workers: 8
 Periodic GC: Disabled

Heap:
 garbage-first heap   total 280576K, used 165387K [0x0000000080000000, 0x0000000100000000)
  region size 1024K, 6 young (6144K), 6 survivors (6144K)
 Metaspace       used 116342K, committed 117504K, reserved 1179648K
  class space    used 15567K, committed 16128K, reserved 1048576K

Heap Regions: E=young(eden), S=young(survivor), O=old, HS=humongous(starts), HC=humongous(continues), CS=collection set, F=free, OA=open archive, CA=closed archive, TAMS=top-at-mark-start (previous, next)
|   0|0x0000000080000000, 0x0000000080100000, 0x0000000080100000|100%|HS|  |TAMS 0x0000000080100000, 0x0000000080000000| Complete 
|   1|0x0000000080100000, 0x0000000080200000, 0x0000000080200000|100%|HC|  |TAMS 0x0000000080200000, 0x0000000080100000| Complete 
|   2|0x0000000080200000, 0x0000000080300000, 0x0000000080300000|100%|HC|  |TAMS 0x0000000080300000, 0x0000000080200000| Complete 
|   3|0x0000000080300000, 0x0000000080400000, 0x0000000080400000|100%|HC|  |TAMS 0x0000000080400000, 0x0000000080300000| Complete 
|   4|0x0000000080400000, 0x0000000080500000, 0x0000000080500000|100%| O|  |TAMS 0x0000000080500000, 0x0000000080400000| Untracked 
|   5|0x0000000080500000, 0x0000000080600000, 0x0000000080600000|100%| O|  |TAMS 0x0000000080600000, 0x0000000080500000| Untracked 
|   6|0x0000000080600000, 0x0000000080700000, 0x0000000080700000|100%| O|  |TAMS 0x0000000080700000, 0x0000000080600000| Untracked 
|   7|0x0000000080700000, 0x0000000080800000, 0x0000000080800000|100%| O|  |TAMS 0x0000000080800000, 0x0000000080700000| Untracked 
|   8|0x0000000080800000, 0x0000000080900000, 0x0000000080900000|100%| O|  |TAMS 0x0000000080800000, 0x0000000080800000| Untracked 
|   9|0x0000000080900000, 0x0000000080a00000, 0x0000000080a00000|100%| O|  |TAMS 0x0000000080a00000, 0x0000000080900000| Untracked 
|  10|0x0000000080a00000, 0x0000000080b00000, 0x0000000080b00000|100%| O|  |TAMS 0x0000000080b00000, 0x0000000080a00000| Untracked 
|  11|0x0000000080b00000, 0x0000000080c00000, 0x0000000080c00000|100%| O|  |TAMS 0x0000000080c00000, 0x0000000080b00000| Untracked 
|  12|0x0000000080c00000, 0x0000000080d00000, 0x0000000080d00000|100%|HS|  |TAMS 0x0000000080d00000, 0x0000000080c00000| Complete 
|  13|0x0000000080d00000, 0x0000000080e00000, 0x0000000080e00000|100%| O|  |TAMS 0x0000000080e00000, 0x0000000080d00000| Untracked 
|  14|0x0000000080e00000, 0x0000000080f00000, 0x0000000080f00000|100%| O|  |TAMS 0x0000000080f00000, 0x0000000080e00000| Untracked 
|  15|0x0000000080f00000, 0x0000000081000000, 0x0000000081000000|100%| O|  |TAMS 0x0000000081000000, 0x0000000080f00000| Untracked 
|  16|0x0000000081000000, 0x0000000081100000, 0x0000000081100000|100%| O|  |TAMS 0x0000000081100000, 0x0000000081000000| Untracked 
|  17|0x0000000081100000, 0x0000000081200000, 0x0000000081200000|100%| O|  |TAMS 0x0000000081200000, 0x0000000081100000| Untracked 
|  18|0x0000000081200000, 0x0000000081300000, 0x0000000081300000|100%| O|  |TAMS 0x0000000081300000, 0x0000000081200000| Untracked 
|  19|0x0000000081300000, 0x0000000081400000, 0x0000000081400000|100%| O|  |TAMS 0x0000000081400000, 0x0000000081300000| Untracked 
|  20|0x0000000081400000, 0x0000000081500000, 0x0000000081500000|100%| O|  |TAMS 0x0000000081500000, 0x0000000081400000| Untracked 
|  21|0x0000000081500000, 0x0000000081600000, 0x0000000081600000|100%| O|  |TAMS 0x0000000081600000, 0x0000000081500000| Untracked 
|  22|0x0000000081600000, 0x0000000081700000, 0x0000000081700000|100%| O|  |TAMS 0x0000000081700000, 0x0000000081600000| Untracked 
|  23|0x0000000081700000, 0x0000000081800000, 0x0000000081800000|100%| O|  |TAMS 0x0000000081800000, 0x0000000081700000| Untracked 
|  24|0x0000000081800000, 0x0000000081900000, 0x0000000081900000|100%| O|  |TAMS 0x0000000081900000, 0x0000000081800000| Untracked 
|  25|0x0000000081900000, 0x0000000081a00000, 0x0000000081a00000|100%| O|  |TAMS 0x0000000081a00000, 0x0000000081900000| Untracked 
|  26|0x0000000081a00000, 0x0000000081b00000, 0x0000000081b00000|100%| O|  |TAMS 0x0000000081b00000, 0x0000000081a00000| Untracked 
|  27|0x0000000081b00000, 0x0000000081c00000, 0x0000000081c00000|100%| O|  |TAMS 0x0000000081c00000, 0x0000000081b00000| Untracked 
|  28|0x0000000081c00000, 0x0000000081d00000, 0x0000000081d00000|100%| O|  |TAMS 0x0000000081d00000, 0x0000000081c00000| Untracked 
|  29|0x0000000081d00000, 0x0000000081e00000, 0x0000000081e00000|100%| O|  |TAMS 0x0000000081e00000, 0x0000000081d00000| Untracked 
|  30|0x0000000081e00000, 0x0000000081f00000, 0x0000000081f00000|100%| O|  |TAMS 0x0000000081f00000, 0x0000000081e00000| Untracked 
|  31|0x0000000081f00000, 0x0000000082000000, 0x0000000082000000|100%| O|  |TAMS 0x0000000082000000, 0x0000000081f00000| Untracked 
|  32|0x0000000082000000, 0x0000000082100000, 0x0000000082100000|100%| O|  |TAMS 0x0000000082100000, 0x0000000082000000| Untracked 
|  33|0x0000000082100000, 0x0000000082200000, 0x0000000082200000|100%| O|  |TAMS 0x0000000082200000, 0x0000000082100000| Untracked 
|  34|0x0000000082200000, 0x0000000082300000, 0x0000000082300000|100%| O|  |TAMS 0x0000000082300000, 0x0000000082200000| Untracked 
|  35|0x0000000082300000, 0x0000000082400000, 0x0000000082400000|100%|HS|  |TAMS 0x0000000082400000, 0x0000000082300000| Complete 
|  36|0x0000000082400000, 0x0000000082500000, 0x0000000082500000|100%|HC|  |TAMS 0x0000000082500000, 0x0000000082400000| Complete 
|  37|0x0000000082500000, 0x0000000082600000, 0x0000000082600000|100%| O|  |TAMS 0x0000000082600000, 0x0000000082500000| Untracked 
|  38|0x0000000082600000, 0x0000000082700000, 0x0000000082700000|100%| O|  |TAMS 0x0000000082700000, 0x0000000082600000| Untracked 
|  39|0x0000000082700000, 0x0000000082800000, 0x0000000082800000|100%| O|  |TAMS 0x0000000082800000, 0x0000000082700000| Untracked 
|  40|0x0000000082800000, 0x0000000082900000, 0x0000000082900000|100%| O|  |TAMS 0x0000000082900000, 0x0000000082800000| Untracked 
|  41|0x0000000082900000, 0x0000000082a00000, 0x0000000082a00000|100%| O|  |TAMS 0x0000000082a00000, 0x0000000082900000| Untracked 
|  42|0x0000000082a00000, 0x0000000082b00000, 0x0000000082b00000|100%| O|  |TAMS 0x0000000082b00000, 0x0000000082a00000| Untracked 
|  43|0x0000000082b00000, 0x0000000082c00000, 0x0000000082c00000|100%| O|  |TAMS 0x0000000082c00000, 0x0000000082b00000| Untracked 
|  44|0x0000000082c00000, 0x0000000082d00000, 0x0000000082d00000|100%| O|  |TAMS 0x0000000082d00000, 0x0000000082c00000| Untracked 
|  45|0x0000000082d00000, 0x0000000082e00000, 0x0000000082e00000|100%| O|  |TAMS 0x0000000082e00000, 0x0000000082d00000| Untracked 
|  46|0x0000000082e00000, 0x0000000082f00000, 0x0000000082f00000|100%| O|  |TAMS 0x0000000082f00000, 0x0000000082e00000| Untracked 
|  47|0x0000000082f00000, 0x0000000083000000, 0x0000000083000000|100%| O|  |TAMS 0x0000000083000000, 0x0000000082f00000| Untracked 
|  48|0x0000000083000000, 0x0000000083100000, 0x0000000083100000|100%| O|  |TAMS 0x0000000083100000, 0x0000000083000000| Untracked 
|  49|0x0000000083100000, 0x0000000083200000, 0x0000000083200000|100%| O|  |TAMS 0x0000000083200000, 0x0000000083100000| Untracked 
|  50|0x0000000083200000, 0x0000000083300000, 0x0000000083300000|100%|HS|  |TAMS 0x0000000083300000, 0x0000000083200000| Complete 
|  51|0x0000000083300000, 0x0000000083400000, 0x0000000083400000|100%|HS|  |TAMS 0x0000000083400000, 0x0000000083300000| Complete 
|  52|0x0000000083400000, 0x0000000083500000, 0x0000000083500000|100%|HS|  |TAMS 0x0000000083500000, 0x0000000083400000| Complete 
|  53|0x0000000083500000, 0x0000000083600000, 0x0000000083600000|100%|HC|  |TAMS 0x0000000083600000, 0x0000000083500000| Complete 
|  54|0x0000000083600000, 0x0000000083700000, 0x0000000083700000|100%| O|  |TAMS 0x0000000083700000, 0x0000000083600000| Untracked 
|  55|0x0000000083700000, 0x0000000083800000, 0x0000000083800000|100%| O|  |TAMS 0x0000000083800000, 0x0000000083700000| Untracked 
|  56|0x0000000083800000, 0x0000000083900000, 0x0000000083900000|100%|HS|  |TAMS 0x0000000083900000, 0x0000000083800000| Complete 
|  57|0x0000000083900000, 0x0000000083a00000, 0x0000000083a00000|100%|HS|  |TAMS 0x0000000083a00000, 0x0000000083900000| Complete 
|  58|0x0000000083a00000, 0x0000000083b00000, 0x0000000083b00000|100%|HS|  |TAMS 0x0000000083b00000, 0x0000000083a00000| Complete 
|  59|0x0000000083b00000, 0x0000000083c00000, 0x0000000083c00000|100%| O|  |TAMS 0x0000000083c00000, 0x0000000083b00000| Untracked 
|  60|0x0000000083c00000, 0x0000000083d00000, 0x0000000083d00000|100%| O|  |TAMS 0x0000000083d00000, 0x0000000083c00000| Untracked 
|  61|0x0000000083d00000, 0x0000000083e00000, 0x0000000083e00000|100%| O|  |TAMS 0x0000000083e00000, 0x0000000083d00000| Untracked 
|  62|0x0000000083e00000, 0x0000000083f00000, 0x0000000083f00000|100%| O|  |TAMS 0x0000000083f00000, 0x0000000083e00000| Untracked 
|  63|0x0000000083f00000, 0x0000000084000000, 0x0000000084000000|100%| O|  |TAMS 0x0000000084000000, 0x0000000083f00000| Untracked 
|  64|0x0000000084000000, 0x0000000084100000, 0x0000000084100000|100%| O|  |TAMS 0x0000000084100000, 0x0000000084000000| Untracked 
|  65|0x0000000084100000, 0x0000000084200000, 0x0000000084200000|100%| O|  |TAMS 0x0000000084200000, 0x0000000084100000| Untracked 
|  66|0x0000000084200000, 0x0000000084300000, 0x0000000084300000|100%|HS|  |TAMS 0x0000000084300000, 0x0000000084200000| Complete 
|  67|0x0000000084300000, 0x0000000084400000, 0x0000000084400000|100%| O|  |TAMS 0x0000000084400000, 0x0000000084300000| Untracked 
|  68|0x0000000084400000, 0x0000000084500000, 0x0000000084500000|100%| O|  |TAMS 0x0000000084500000, 0x0000000084400000| Untracked 
|  69|0x0000000084500000, 0x0000000084600000, 0x0000000084600000|100%| O|  |TAMS 0x0000000084600000, 0x0000000084500000| Untracked 
|  70|0x0000000084600000, 0x0000000084700000, 0x0000000084700000|100%|HS|  |TAMS 0x0000000084700000, 0x0000000084600000| Complete 
|  71|0x0000000084700000, 0x0000000084800000, 0x0000000084800000|100%|HC|  |TAMS 0x0000000084800000, 0x0000000084700000| Complete 
|  72|0x0000000084800000, 0x0000000084900000, 0x0000000084900000|100%| O|  |TAMS 0x0000000084900000, 0x0000000084800000| Untracked 
|  73|0x0000000084900000, 0x0000000084a00000, 0x0000000084a00000|100%| O|  |TAMS 0x0000000084a00000, 0x0000000084900000| Untracked 
|  74|0x0000000084a00000, 0x0000000084b00000, 0x0000000084b00000|100%| O|  |TAMS 0x0000000084b00000, 0x0000000084a00000| Untracked 
|  75|0x0000000084b00000, 0x0000000084c00000, 0x0000000084c00000|100%|HS|  |TAMS 0x0000000084c00000, 0x0000000084b00000| Complete 
|  76|0x0000000084c00000, 0x0000000084d00000, 0x0000000084d00000|100%| O|  |TAMS 0x0000000084d00000, 0x0000000084c00000| Untracked 
|  77|0x0000000084d00000, 0x0000000084e00000, 0x0000000084e00000|100%| O|  |TAMS 0x0000000084e00000, 0x0000000084d00000| Untracked 
|  78|0x0000000084e00000, 0x0000000084f00000, 0x0000000084f00000|100%| O|  |TAMS 0x0000000084f00000, 0x0000000084e00000| Untracked 
|  79|0x0000000084f00000, 0x0000000085000000, 0x0000000085000000|100%| O|  |TAMS 0x0000000085000000, 0x0000000084f00000| Untracked 
|  80|0x0000000085000000, 0x0000000085100000, 0x0000000085100000|100%| O|  |TAMS 0x0000000085100000, 0x0000000085000000| Untracked 
|  81|0x0000000085100000, 0x0000000085200000, 0x0000000085200000|100%| O|  |TAMS 0x0000000085200000, 0x0000000085100000| Untracked 
|  82|0x0000000085200000, 0x0000000085300000, 0x0000000085300000|100%| O|  |TAMS 0x0000000085300000, 0x0000000085200000| Untracked 
|  83|0x0000000085300000, 0x0000000085400000, 0x0000000085400000|100%| O|  |TAMS 0x0000000085400000, 0x0000000085300000| Untracked 
|  84|0x0000000085400000, 0x0000000085500000, 0x0000000085500000|100%| O|  |TAMS 0x0000000085500000, 0x0000000085400000| Untracked 
|  85|0x0000000085500000, 0x0000000085600000, 0x0000000085600000|100%| O|  |TAMS 0x0000000085600000, 0x0000000085500000| Untracked 
|  86|0x0000000085600000, 0x0000000085700000, 0x0000000085700000|100%| O|  |TAMS 0x0000000085700000, 0x0000000085600000| Untracked 
|  87|0x0000000085700000, 0x0000000085800000, 0x0000000085800000|100%| O|  |TAMS 0x0000000085800000, 0x0000000085700000| Untracked 
|  88|0x0000000085800000, 0x0000000085900000, 0x0000000085900000|100%| O|  |TAMS 0x0000000085900000, 0x0000000085800000| Untracked 
|  89|0x0000000085900000, 0x0000000085a00000, 0x0000000085a00000|100%| O|  |TAMS 0x0000000085a00000, 0x0000000085900000| Untracked 
|  90|0x0000000085a00000, 0x0000000085b00000, 0x0000000085b00000|100%| O|  |TAMS 0x0000000085b00000, 0x0000000085a00000| Untracked 
|  91|0x0000000085b00000, 0x0000000085c00000, 0x0000000085c00000|100%| O|  |TAMS 0x0000000085c00000, 0x0000000085b00000| Untracked 
|  92|0x0000000085c00000, 0x0000000085d00000, 0x0000000085d00000|100%| O|  |TAMS 0x0000000085d00000, 0x0000000085c00000| Untracked 
|  93|0x0000000085d00000, 0x0000000085e00000, 0x0000000085e00000|100%| O|  |TAMS 0x0000000085e00000, 0x0000000085d00000| Untracked 
|  94|0x0000000085e00000, 0x0000000085f00000, 0x0000000085f00000|100%| O|  |TAMS 0x0000000085f00000, 0x0000000085e00000| Untracked 
|  95|0x0000000085f00000, 0x0000000086000000, 0x0000000086000000|100%| O|  |TAMS 0x0000000086000000, 0x0000000085f00000| Untracked 
|  96|0x0000000086000000, 0x0000000086100000, 0x0000000086100000|100%| O|  |TAMS 0x0000000086100000, 0x0000000086000000| Untracked 
|  97|0x0000000086100000, 0x0000000086200000, 0x0000000086200000|100%| O|  |TAMS 0x0000000086200000, 0x0000000086100000| Untracked 
|  98|0x0000000086200000, 0x0000000086300000, 0x0000000086300000|100%| O|  |TAMS 0x0000000086300000, 0x0000000086200000| Untracked 
|  99|0x0000000086300000, 0x0000000086400000, 0x0000000086400000|100%| O|  |TAMS 0x0000000086400000, 0x0000000086300000| Untracked 
| 100|0x0000000086400000, 0x0000000086500000, 0x0000000086500000|100%| O|  |TAMS 0x0000000086500000, 0x0000000086400000| Untracked 
| 101|0x0000000086500000, 0x0000000086600000, 0x0000000086600000|100%| O|  |TAMS 0x0000000086600000, 0x0000000086500000| Untracked 
| 102|0x0000000086600000, 0x0000000086700000, 0x0000000086700000|100%| O|  |TAMS 0x0000000086700000, 0x0000000086600000| Untracked 
| 103|0x0000000086700000, 0x0000000086800000, 0x0000000086800000|100%| O|  |TAMS 0x0000000086800000, 0x0000000086700000| Untracked 
| 104|0x0000000086800000, 0x0000000086900000, 0x0000000086900000|100%| O|  |TAMS 0x0000000086900000, 0x0000000086800000| Untracked 
| 105|0x0000000086900000, 0x0000000086a00000, 0x0000000086a00000|100%| O|  |TAMS 0x0000000086a00000, 0x0000000086900000| Untracked 
| 106|0x0000000086a00000, 0x0000000086b00000, 0x0000000086b00000|100%| O|  |TAMS 0x0000000086b00000, 0x0000000086a00000| Untracked 
| 107|0x0000000086b00000, 0x0000000086c00000, 0x0000000086c00000|100%| O|  |TAMS 0x0000000086c00000, 0x0000000086b00000| Untracked 
| 108|0x0000000086c00000, 0x0000000086d00000, 0x0000000086d00000|100%| O|  |TAMS 0x0000000086d00000, 0x0000000086c00000| Untracked 
| 109|0x0000000086d00000, 0x0000000086e00000, 0x0000000086e00000|100%| O|  |TAMS 0x0000000086e00000, 0x0000000086d00000| Untracked 
| 110|0x0000000086e00000, 0x0000000086f00000, 0x0000000086f00000|100%| O|  |TAMS 0x0000000086f00000, 0x0000000086e00000| Untracked 
| 111|0x0000000086f00000, 0x0000000087000000, 0x0000000087000000|100%| O|  |TAMS 0x0000000086f00000, 0x0000000086f00000| Untracked 
| 112|0x0000000087000000, 0x0000000087100000, 0x0000000087100000|100%| O|  |TAMS 0x0000000087100000, 0x0000000087000000| Untracked 
| 113|0x0000000087100000, 0x0000000087200000, 0x0000000087200000|100%| O|  |TAMS 0x0000000087200000, 0x0000000087100000| Untracked 
| 114|0x0000000087200000, 0x0000000087300000, 0x0000000087300000|100%| O|  |TAMS 0x0000000087300000, 0x0000000087200000| Untracked 
| 115|0x0000000087300000, 0x0000000087400000, 0x0000000087400000|100%| O|  |TAMS 0x0000000087300000, 0x0000000087300000| Untracked 
| 116|0x0000000087400000, 0x0000000087500000, 0x0000000087500000|100%| O|  |TAMS 0x0000000087500000, 0x0000000087400000| Untracked 
| 117|0x0000000087500000, 0x0000000087600000, 0x0000000087600000|100%| O|  |TAMS 0x0000000087600000, 0x0000000087500000| Untracked 
| 118|0x0000000087600000, 0x0000000087700000, 0x0000000087700000|100%| O|  |TAMS 0x0000000087600000, 0x0000000087600000| Untracked 
| 119|0x0000000087700000, 0x0000000087800000, 0x0000000087800000|100%| O|  |TAMS 0x0000000087800000, 0x0000000087700000| Untracked 
| 120|0x0000000087800000, 0x0000000087900000, 0x0000000087900000|100%| O|  |TAMS 0x0000000087900000, 0x0000000087800000| Untracked 
| 121|0x0000000087900000, 0x0000000087a00000, 0x0000000087a00000|100%| O|  |TAMS 0x0000000087900000, 0x0000000087900000| Untracked 
| 122|0x0000000087a00000, 0x0000000087a00000, 0x0000000087b00000|  0%| F|  |TAMS 0x0000000087a00000, 0x0000000087a00000| Untracked 
| 123|0x0000000087b00000, 0x0000000087b00000, 0x0000000087c00000|  0%| F|  |TAMS 0x0000000087b00000, 0x0000000087b00000| Untracked 
| 124|0x0000000087c00000, 0x0000000087d00000, 0x0000000087d00000|100%| O|  |TAMS 0x0000000087c00000, 0x0000000087c00000| Untracked 
| 125|0x0000000087d00000, 0x0000000087e00000, 0x0000000087e00000|100%| O|  |TAMS 0x0000000087d00000, 0x0000000087d00000| Untracked 
| 126|0x0000000087e00000, 0x0000000087f00000, 0x0000000087f00000|100%|HS|  |TAMS 0x0000000087e00000, 0x0000000087e00000| Complete 
| 127|0x0000000087f00000, 0x0000000088000000, 0x0000000088000000|100%|HC|  |TAMS 0x0000000087f00000, 0x0000000087f00000| Complete 
| 128|0x0000000088000000, 0x0000000088100000, 0x0000000088100000|100%|HS|  |TAMS 0x0000000088000000, 0x0000000088000000| Complete 
| 129|0x0000000088100000, 0x0000000088200000, 0x0000000088200000|100%|HC|  |TAMS 0x0000000088100000, 0x0000000088100000| Complete 
| 130|0x0000000088200000, 0x0000000088300000, 0x0000000088300000|100%| O|  |TAMS 0x0000000088200000, 0x0000000088200000| Untracked 
| 131|0x0000000088300000, 0x0000000088400000, 0x0000000088400000|100%| O|  |TAMS 0x0000000088400000, 0x0000000088300000| Untracked 
| 132|0x0000000088400000, 0x0000000088500000, 0x0000000088500000|100%| O|  |TAMS 0x0000000088500000, 0x0000000088400000| Untracked 
| 133|0x0000000088500000, 0x0000000088600000, 0x0000000088600000|100%| O|  |TAMS 0x000000008858b800, 0x0000000088500000| Untracked 
| 134|0x0000000088600000, 0x0000000088700000, 0x0000000088700000|100%| O|  |TAMS 0x0000000088600000, 0x0000000088600000| Untracked 
| 135|0x0000000088700000, 0x0000000088800000, 0x0000000088800000|100%| O|  |TAMS 0x0000000088700000, 0x0000000088700000| Untracked 
| 136|0x0000000088800000, 0x0000000088900000, 0x0000000088900000|100%| O|  |TAMS 0x0000000088800000, 0x0000000088800000| Untracked 
| 137|0x0000000088900000, 0x0000000088a00000, 0x0000000088a00000|100%| O|  |TAMS 0x0000000088900000, 0x0000000088900000| Untracked 
| 138|0x0000000088a00000, 0x0000000088b00000, 0x0000000088b00000|100%| O|  |TAMS 0x0000000088a00000, 0x0000000088a00000| Untracked 
| 139|0x0000000088b00000, 0x0000000088c00000, 0x0000000088c00000|100%| O|  |TAMS 0x0000000088b00000, 0x0000000088b00000| Untracked 
| 140|0x0000000088c00000, 0x0000000088d00000, 0x0000000088d00000|100%| O|  |TAMS 0x0000000088c00000, 0x0000000088c00000| Untracked 
| 141|0x0000000088d00000, 0x0000000088e00000, 0x0000000088e00000|100%| O|  |TAMS 0x0000000088d00000, 0x0000000088d00000| Untracked 
| 142|0x0000000088e00000, 0x0000000088f00000, 0x0000000088f00000|100%| O|  |TAMS 0x0000000088e00000, 0x0000000088e00000| Untracked 
| 143|0x0000000088f00000, 0x0000000089000000, 0x0000000089000000|100%| O|  |TAMS 0x0000000088f00000, 0x0000000088f00000| Untracked 
| 144|0x0000000089000000, 0x0000000089100000, 0x0000000089100000|100%| O|  |TAMS 0x0000000089000000, 0x0000000089000000| Untracked 
| 145|0x0000000089100000, 0x0000000089200000, 0x0000000089200000|100%| O|  |TAMS 0x0000000089100000, 0x0000000089100000| Untracked 
| 146|0x0000000089200000, 0x0000000089300000, 0x0000000089300000|100%| O|  |TAMS 0x0000000089200000, 0x0000000089200000| Untracked 
| 147|0x0000000089300000, 0x0000000089400000, 0x0000000089400000|100%| O|  |TAMS 0x0000000089300000, 0x0000000089300000| Untracked 
| 148|0x0000000089400000, 0x0000000089500000, 0x0000000089500000|100%| O|  |TAMS 0x0000000089500000, 0x0000000089400000| Untracked 
| 149|0x0000000089500000, 0x0000000089500000, 0x0000000089600000|  0%| F|  |TAMS 0x0000000089500000, 0x0000000089500000| Untracked 
| 150|0x0000000089600000, 0x0000000089700000, 0x0000000089700000|100%| O|  |TAMS 0x0000000089700000, 0x0000000089600000| Untracked 
| 151|0x0000000089700000, 0x0000000089800000, 0x0000000089800000|100%| O|  |TAMS 0x0000000089800000, 0x0000000089700000| Untracked 
| 152|0x0000000089800000, 0x0000000089900000, 0x0000000089900000|100%| O|  |TAMS 0x0000000089900000, 0x0000000089800000| Untracked 
| 153|0x0000000089900000, 0x0000000089a00000, 0x0000000089a00000|100%| O|  |TAMS 0x0000000089a00000, 0x0000000089900000| Untracked 
| 154|0x0000000089a00000, 0x0000000089b00000, 0x0000000089b00000|100%| O|  |TAMS 0x0000000089b00000, 0x0000000089a00000| Untracked 
| 155|0x0000000089b00000, 0x0000000089c00000, 0x0000000089c00000|100%| O|  |TAMS 0x0000000089c00000, 0x0000000089b00000| Untracked 
| 156|0x0000000089c00000, 0x0000000089d00000, 0x0000000089d00000|100%| O|  |TAMS 0x0000000089d00000, 0x0000000089c00000| Untracked 
| 157|0x0000000089d00000, 0x0000000089d00000, 0x0000000089e00000|  0%| F|  |TAMS 0x0000000089d00000, 0x0000000089d00000| Untracked 
| 158|0x0000000089e00000, 0x0000000089e00000, 0x0000000089f00000|  0%| F|  |TAMS 0x0000000089e00000, 0x0000000089e00000| Untracked 
| 159|0x0000000089f00000, 0x000000008a000000, 0x000000008a000000|100%| O|  |TAMS 0x0000000089f00000, 0x0000000089f00000| Untracked 
| 160|0x000000008a000000, 0x000000008a082e00, 0x000000008a100000| 51%| O|  |TAMS 0x000000008a000000, 0x000000008a000000| Untracked 
| 161|0x000000008a100000, 0x000000008a100000, 0x000000008a200000|  0%| F|  |TAMS 0x000000008a100000, 0x000000008a100000| Untracked 
| 162|0x000000008a200000, 0x000000008a200000, 0x000000008a300000|  0%| F|  |TAMS 0x000000008a200000, 0x000000008a200000| Untracked 
| 163|0x000000008a300000, 0x000000008a300000, 0x000000008a400000|  0%| F|  |TAMS 0x000000008a300000, 0x000000008a300000| Untracked 
| 164|0x000000008a400000, 0x000000008a400000, 0x000000008a500000|  0%| F|  |TAMS 0x000000008a400000, 0x000000008a400000| Untracked 
| 165|0x000000008a500000, 0x000000008a500000, 0x000000008a600000|  0%| F|  |TAMS 0x000000008a500000, 0x000000008a500000| Untracked 
| 166|0x000000008a600000, 0x000000008a600000, 0x000000008a700000|  0%| F|  |TAMS 0x000000008a600000, 0x000000008a600000| Untracked 
| 167|0x000000008a700000, 0x000000008a700000, 0x000000008a800000|  0%| F|  |TAMS 0x000000008a700000, 0x000000008a700000| Untracked 
| 168|0x000000008a800000, 0x000000008a800000, 0x000000008a900000|  0%| F|  |TAMS 0x000000008a800000, 0x000000008a800000| Untracked 
| 169|0x000000008a900000, 0x000000008a900000, 0x000000008aa00000|  0%| F|  |TAMS 0x000000008a900000, 0x000000008a900000| Untracked 
| 170|0x000000008aa00000, 0x000000008aa00000, 0x000000008ab00000|  0%| F|  |TAMS 0x000000008aa00000, 0x000000008aa00000| Untracked 
| 171|0x000000008ab00000, 0x000000008ab00000, 0x000000008ac00000|  0%| F|  |TAMS 0x000000008ab00000, 0x000000008ab00000| Untracked 
| 172|0x000000008ac00000, 0x000000008ac00000, 0x000000008ad00000|  0%| F|  |TAMS 0x000000008ac00000, 0x000000008ac00000| Untracked 
| 173|0x000000008ad00000, 0x000000008ad00000, 0x000000008ae00000|  0%| F|  |TAMS 0x000000008ad00000, 0x000000008ad00000| Untracked 
| 174|0x000000008ae00000, 0x000000008ae00000, 0x000000008af00000|  0%| F|  |TAMS 0x000000008ae00000, 0x000000008ae00000| Untracked 
| 175|0x000000008af00000, 0x000000008af00000, 0x000000008b000000|  0%| F|  |TAMS 0x000000008af00000, 0x000000008af00000| Untracked 
| 176|0x000000008b000000, 0x000000008b000000, 0x000000008b100000|  0%| F|  |TAMS 0x000000008b000000, 0x000000008b000000| Untracked 
| 177|0x000000008b100000, 0x000000008b100000, 0x000000008b200000|  0%| F|  |TAMS 0x000000008b100000, 0x000000008b100000| Untracked 
| 178|0x000000008b200000, 0x000000008b200000, 0x000000008b300000|  0%| F|  |TAMS 0x000000008b200000, 0x000000008b200000| Untracked 
| 179|0x000000008b300000, 0x000000008b300000, 0x000000008b400000|  0%| F|  |TAMS 0x000000008b300000, 0x000000008b300000| Untracked 
| 180|0x000000008b400000, 0x000000008b400000, 0x000000008b500000|  0%| F|  |TAMS 0x000000008b400000, 0x000000008b400000| Untracked 
| 181|0x000000008b500000, 0x000000008b500000, 0x000000008b600000|  0%| F|  |TAMS 0x000000008b500000, 0x000000008b500000| Untracked 
| 182|0x000000008b600000, 0x000000008b600000, 0x000000008b700000|  0%| F|  |TAMS 0x000000008b600000, 0x000000008b600000| Untracked 
| 183|0x000000008b700000, 0x000000008b700000, 0x000000008b800000|  0%| F|  |TAMS 0x000000008b700000, 0x000000008b700000| Untracked 
| 184|0x000000008b800000, 0x000000008b800000, 0x000000008b900000|  0%| F|  |TAMS 0x000000008b800000, 0x000000008b800000| Untracked 
| 185|0x000000008b900000, 0x000000008b900000, 0x000000008ba00000|  0%| F|  |TAMS 0x000000008b900000, 0x000000008b900000| Untracked 
| 186|0x000000008ba00000, 0x000000008ba00000, 0x000000008bb00000|  0%| F|  |TAMS 0x000000008ba00000, 0x000000008ba00000| Untracked 
| 187|0x000000008bb00000, 0x000000008bb00000, 0x000000008bc00000|  0%| F|  |TAMS 0x000000008bb00000, 0x000000008bb00000| Untracked 
| 188|0x000000008bc00000, 0x000000008bc00000, 0x000000008bd00000|  0%| F|  |TAMS 0x000000008bc00000, 0x000000008bc00000| Untracked 
| 189|0x000000008bd00000, 0x000000008bd00000, 0x000000008be00000|  0%| F|  |TAMS 0x000000008bd00000, 0x000000008bd00000| Untracked 
| 190|0x000000008be00000, 0x000000008be00000, 0x000000008bf00000|  0%| F|  |TAMS 0x000000008be00000, 0x000000008be00000| Untracked 
| 191|0x000000008bf00000, 0x000000008bf00000, 0x000000008c000000|  0%| F|  |TAMS 0x000000008bf00000, 0x000000008bf00000| Untracked 
| 192|0x000000008c000000, 0x000000008c000000, 0x000000008c100000|  0%| F|  |TAMS 0x000000008c000000, 0x000000008c000000| Untracked 
| 193|0x000000008c100000, 0x000000008c100000, 0x000000008c200000|  0%| F|  |TAMS 0x000000008c100000, 0x000000008c100000| Untracked 
| 194|0x000000008c200000, 0x000000008c200000, 0x000000008c300000|  0%| F|  |TAMS 0x000000008c200000, 0x000000008c200000| Untracked 
| 195|0x000000008c300000, 0x000000008c300000, 0x000000008c400000|  0%| F|  |TAMS 0x000000008c300000, 0x000000008c300000| Untracked 
| 196|0x000000008c400000, 0x000000008c400000, 0x000000008c500000|  0%| F|  |TAMS 0x000000008c400000, 0x000000008c400000| Untracked 
| 197|0x000000008c500000, 0x000000008c500000, 0x000000008c600000|  0%| F|  |TAMS 0x000000008c500000, 0x000000008c500000| Untracked 
| 198|0x000000008c600000, 0x000000008c600000, 0x000000008c700000|  0%| F|  |TAMS 0x000000008c600000, 0x000000008c600000| Untracked 
| 199|0x000000008c700000, 0x000000008c700000, 0x000000008c800000|  0%| F|  |TAMS 0x000000008c700000, 0x000000008c700000| Untracked 
| 200|0x000000008c800000, 0x000000008c800000, 0x000000008c900000|  0%| F|  |TAMS 0x000000008c800000, 0x000000008c800000| Untracked 
| 201|0x000000008c900000, 0x000000008c900000, 0x000000008ca00000|  0%| F|  |TAMS 0x000000008c900000, 0x000000008c900000| Untracked 
| 202|0x000000008ca00000, 0x000000008ca00000, 0x000000008cb00000|  0%| F|  |TAMS 0x000000008ca00000, 0x000000008ca00000| Untracked 
| 203|0x000000008cb00000, 0x000000008cb00000, 0x000000008cc00000|  0%| F|  |TAMS 0x000000008cb00000, 0x000000008cb00000| Untracked 
| 204|0x000000008cc00000, 0x000000008cc00000, 0x000000008cd00000|  0%| F|  |TAMS 0x000000008cc00000, 0x000000008cc00000| Untracked 
| 205|0x000000008cd00000, 0x000000008cd00000, 0x000000008ce00000|  0%| F|  |TAMS 0x000000008cd00000, 0x000000008cd00000| Untracked 
| 206|0x000000008ce00000, 0x000000008ce00000, 0x000000008cf00000|  0%| F|  |TAMS 0x000000008ce00000, 0x000000008ce00000| Untracked 
| 207|0x000000008cf00000, 0x000000008cf00000, 0x000000008d000000|  0%| F|  |TAMS 0x000000008cf00000, 0x000000008cf00000| Untracked 
| 208|0x000000008d000000, 0x000000008d000000, 0x000000008d100000|  0%| F|  |TAMS 0x000000008d000000, 0x000000008d000000| Untracked 
| 209|0x000000008d100000, 0x000000008d200000, 0x000000008d200000|100%| S|CS|TAMS 0x000000008d100000, 0x000000008d100000| Complete 
| 210|0x000000008d200000, 0x000000008d300000, 0x000000008d300000|100%| S|CS|TAMS 0x000000008d200000, 0x000000008d200000| Complete 
| 211|0x000000008d300000, 0x000000008d400000, 0x000000008d400000|100%| S|CS|TAMS 0x000000008d300000, 0x000000008d300000| Complete 
| 212|0x000000008d400000, 0x000000008d500000, 0x000000008d500000|100%| S|CS|TAMS 0x000000008d400000, 0x000000008d400000| Complete 
| 213|0x000000008d500000, 0x000000008d600000, 0x000000008d600000|100%| S|CS|TAMS 0x000000008d500000, 0x000000008d500000| Complete 
| 214|0x000000008d600000, 0x000000008d700000, 0x000000008d700000|100%| S|CS|TAMS 0x000000008d600000, 0x000000008d600000| Complete 
| 215|0x000000008d700000, 0x000000008d700000, 0x000000008d800000|  0%| F|  |TAMS 0x000000008d700000, 0x000000008d700000| Untracked 
| 216|0x000000008d800000, 0x000000008d800000, 0x000000008d900000|  0%| F|  |TAMS 0x000000008d800000, 0x000000008d800000| Untracked 
| 217|0x000000008d900000, 0x000000008d900000, 0x000000008da00000|  0%| F|  |TAMS 0x000000008d900000, 0x000000008d900000| Untracked 
| 218|0x000000008da00000, 0x000000008da00000, 0x000000008db00000|  0%| F|  |TAMS 0x000000008da00000, 0x000000008da00000| Untracked 
| 219|0x000000008db00000, 0x000000008db00000, 0x000000008dc00000|  0%| F|  |TAMS 0x000000008db00000, 0x000000008db00000| Untracked 
| 220|0x000000008dc00000, 0x000000008dc00000, 0x000000008dd00000|  0%| F|  |TAMS 0x000000008dc00000, 0x000000008dc00000| Untracked 
| 221|0x000000008dd00000, 0x000000008dd00000, 0x000000008de00000|  0%| F|  |TAMS 0x000000008dd00000, 0x000000008dd00000| Untracked 
| 222|0x000000008de00000, 0x000000008de00000, 0x000000008df00000|  0%| F|  |TAMS 0x000000008de00000, 0x000000008de00000| Untracked 
| 223|0x000000008df00000, 0x000000008df00000, 0x000000008e000000|  0%| F|  |TAMS 0x000000008df00000, 0x000000008df00000| Untracked 
| 224|0x000000008e000000, 0x000000008e000000, 0x000000008e100000|  0%| F|  |TAMS 0x000000008e000000, 0x000000008e000000| Untracked 
| 225|0x000000008e100000, 0x000000008e100000, 0x000000008e200000|  0%| F|  |TAMS 0x000000008e100000, 0x000000008e100000| Untracked 
| 226|0x000000008e200000, 0x000000008e200000, 0x000000008e300000|  0%| F|  |TAMS 0x000000008e200000, 0x000000008e200000| Untracked 
| 227|0x000000008e300000, 0x000000008e300000, 0x000000008e400000|  0%| F|  |TAMS 0x000000008e300000, 0x000000008e300000| Untracked 
| 228|0x000000008e400000, 0x000000008e400000, 0x000000008e500000|  0%| F|  |TAMS 0x000000008e400000, 0x000000008e400000| Untracked 
| 229|0x000000008e500000, 0x000000008e500000, 0x000000008e600000|  0%| F|  |TAMS 0x000000008e500000, 0x000000008e500000| Untracked 
| 230|0x000000008e600000, 0x000000008e600000, 0x000000008e700000|  0%| F|  |TAMS 0x000000008e600000, 0x000000008e600000| Untracked 
| 231|0x000000008e700000, 0x000000008e700000, 0x000000008e800000|  0%| F|  |TAMS 0x000000008e700000, 0x000000008e700000| Untracked 
| 232|0x000000008e800000, 0x000000008e800000, 0x000000008e900000|  0%| F|  |TAMS 0x000000008e800000, 0x000000008e800000| Untracked 
| 233|0x000000008e900000, 0x000000008e900000, 0x000000008ea00000|  0%| F|  |TAMS 0x000000008e900000, 0x000000008e900000| Untracked 
| 234|0x000000008ea00000, 0x000000008ea00000, 0x000000008eb00000|  0%| F|  |TAMS 0x000000008ea00000, 0x000000008ea00000| Untracked 
| 235|0x000000008eb00000, 0x000000008eb00000, 0x000000008ec00000|  0%| F|  |TAMS 0x000000008eb00000, 0x000000008eb00000| Untracked 
| 236|0x000000008ec00000, 0x000000008ec00000, 0x000000008ed00000|  0%| F|  |TAMS 0x000000008ec00000, 0x000000008ec00000| Untracked 
| 237|0x000000008ed00000, 0x000000008ed00000, 0x000000008ee00000|  0%| F|  |TAMS 0x000000008ed00000, 0x000000008ed00000| Untracked 
| 238|0x000000008ee00000, 0x000000008ee00000, 0x000000008ef00000|  0%| F|  |TAMS 0x000000008ee00000, 0x000000008ee00000| Untracked 
| 239|0x000000008ef00000, 0x000000008ef00000, 0x000000008f000000|  0%| F|  |TAMS 0x000000008ef00000, 0x000000008ef00000| Untracked 
| 240|0x000000008f000000, 0x000000008f000000, 0x000000008f100000|  0%| F|  |TAMS 0x000000008f000000, 0x000000008f000000| Untracked 
| 241|0x000000008f100000, 0x000000008f100000, 0x000000008f200000|  0%| F|  |TAMS 0x000000008f100000, 0x000000008f100000| Untracked 
| 242|0x000000008f200000, 0x000000008f200000, 0x000000008f300000|  0%| F|  |TAMS 0x000000008f200000, 0x000000008f200000| Untracked 
| 243|0x000000008f300000, 0x000000008f300000, 0x000000008f400000|  0%| F|  |TAMS 0x000000008f300000, 0x000000008f300000| Untracked 
| 244|0x000000008f400000, 0x000000008f400000, 0x000000008f500000|  0%| F|  |TAMS 0x000000008f400000, 0x000000008f400000| Untracked 
| 245|0x000000008f500000, 0x000000008f500000, 0x000000008f600000|  0%| F|  |TAMS 0x000000008f500000, 0x000000008f500000| Untracked 
| 246|0x000000008f600000, 0x000000008f600000, 0x000000008f700000|  0%| F|  |TAMS 0x000000008f600000, 0x000000008f600000| Untracked 
| 247|0x000000008f700000, 0x000000008f700000, 0x000000008f800000|  0%| F|  |TAMS 0x000000008f700000, 0x000000008f700000| Untracked 
| 248|0x000000008f800000, 0x000000008f800000, 0x000000008f900000|  0%| F|  |TAMS 0x000000008f800000, 0x000000008f800000| Untracked 
| 249|0x000000008f900000, 0x000000008f900000, 0x000000008fa00000|  0%| F|  |TAMS 0x000000008f900000, 0x000000008f900000| Untracked 
| 250|0x000000008fa00000, 0x000000008fa00000, 0x000000008fb00000|  0%| F|  |TAMS 0x000000008fa00000, 0x000000008fa00000| Untracked 
| 251|0x000000008fb00000, 0x000000008fb00000, 0x000000008fc00000|  0%| F|  |TAMS 0x000000008fb00000, 0x000000008fb00000| Untracked 
| 252|0x000000008fc00000, 0x000000008fc00000, 0x000000008fd00000|  0%| F|  |TAMS 0x000000008fc00000, 0x000000008fc00000| Untracked 
| 253|0x000000008fd00000, 0x000000008fd00000, 0x000000008fe00000|  0%| F|  |TAMS 0x000000008fd00000, 0x000000008fd00000| Untracked 
| 254|0x000000008fe00000, 0x000000008fe00000, 0x000000008ff00000|  0%| F|  |TAMS 0x000000008fe00000, 0x000000008fe00000| Untracked 
| 255|0x000000008ff00000, 0x000000008ff00000, 0x0000000090000000|  0%| F|  |TAMS 0x000000008ff00000, 0x000000008ff00000| Untracked 
| 256|0x0000000090000000, 0x0000000090000000, 0x0000000090100000|  0%| F|  |TAMS 0x0000000090000000, 0x0000000090000000| Untracked 
| 257|0x0000000090100000, 0x0000000090100000, 0x0000000090200000|  0%| F|  |TAMS 0x0000000090100000, 0x0000000090100000| Untracked 
| 258|0x0000000090200000, 0x0000000090200000, 0x0000000090300000|  0%| F|  |TAMS 0x0000000090200000, 0x0000000090200000| Untracked 
| 259|0x0000000090300000, 0x0000000090300000, 0x0000000090400000|  0%| F|  |TAMS 0x0000000090300000, 0x0000000090300000| Untracked 
| 260|0x0000000090400000, 0x0000000090400000, 0x0000000090500000|  0%| F|  |TAMS 0x0000000090400000, 0x0000000090400000| Untracked 
| 261|0x0000000090500000, 0x0000000090500000, 0x0000000090600000|  0%| F|  |TAMS 0x0000000090500000, 0x0000000090500000| Untracked 
| 262|0x0000000090600000, 0x0000000090600000, 0x0000000090700000|  0%| F|  |TAMS 0x0000000090600000, 0x0000000090600000| Untracked 
| 263|0x0000000090700000, 0x0000000090700000, 0x0000000090800000|  0%| F|  |TAMS 0x0000000090700000, 0x0000000090700000| Untracked 
| 264|0x0000000090800000, 0x0000000090800000, 0x0000000090900000|  0%| F|  |TAMS 0x0000000090800000, 0x0000000090800000| Untracked 
| 265|0x0000000090900000, 0x0000000090900000, 0x0000000090a00000|  0%| F|  |TAMS 0x0000000090900000, 0x0000000090900000| Untracked 
| 266|0x0000000090a00000, 0x0000000090a00000, 0x0000000090b00000|  0%| F|  |TAMS 0x0000000090a00000, 0x0000000090a00000| Untracked 
| 267|0x0000000090b00000, 0x0000000090b00000, 0x0000000090c00000|  0%| F|  |TAMS 0x0000000090b00000, 0x0000000090b00000| Untracked 
| 268|0x0000000090c00000, 0x0000000090c00000, 0x0000000090d00000|  0%| F|  |TAMS 0x0000000090c00000, 0x0000000090c00000| Untracked 
| 269|0x0000000090d00000, 0x0000000090d00000, 0x0000000090e00000|  0%| F|  |TAMS 0x0000000090d00000, 0x0000000090d00000| Untracked 
| 270|0x0000000090e00000, 0x0000000090e00000, 0x0000000090f00000|  0%| F|  |TAMS 0x0000000090e00000, 0x0000000090e00000| Untracked 
| 271|0x0000000090f00000, 0x0000000090f00000, 0x0000000091000000|  0%| F|  |TAMS 0x0000000090f00000, 0x0000000090f00000| Untracked 
| 272|0x0000000091000000, 0x0000000091000000, 0x0000000091100000|  0%| F|  |TAMS 0x0000000091000000, 0x0000000091000000| Untracked 
| 273|0x0000000091100000, 0x0000000091100000, 0x0000000091200000|  0%| F|  |TAMS 0x0000000091100000, 0x0000000091100000| Untracked 

Card table byte_map: [0x000001bc722f0000,0x000001bc726f0000] _byte_map_base: 0x000001bc71ef0000

Marking Bits (Prev, Next): (CMBitMap*) 0x000001bc6a0ac240, (CMBitMap*) 0x000001bc6a0ac200
 Prev Bits: [0x000001bc74af0000, 0x000001bc76af0000)
 Next Bits: [0x000001bc72af0000, 0x000001bc74af0000)

Polling page: 0x000001bc67f70000

Metaspace:

Usage:
  Non-class:     98.41 MB used.
      Class:     15.20 MB used.
       Both:    113.62 MB used.

Virtual space:
  Non-class space:      128.00 MB reserved,      99.00 MB ( 77%) committed,  2 nodes.
      Class space:        1.00 GB reserved,      15.75 MB (  2%) committed,  1 nodes.
             Both:        1.12 GB reserved,     114.75 MB ( 10%) committed. 

Chunk freelists:
   Non-Class:  13.02 MB
       Class:  295.00 KB
        Both:  13.30 MB

MaxMetaspaceSize: unlimited
CompressedClassSpaceSize: 1.00 GB
Initial GC threshold: 21.00 MB
Current GC threshold: 173.44 MB
CDS: on
MetaspaceReclaimPolicy: balanced
 - commit_granule_bytes: 65536.
 - commit_granule_words: 8192.
 - virtual_space_node_default_size: 8388608.
 - enlarge_chunks_in_place: 1.
 - new_chunks_are_fully_committed: 0.
 - uncommit_free_chunks: 1.
 - use_allocation_guard: 0.
 - handle_deallocations: 1.


Internal statistics:

num_allocs_failed_limit: 6.
num_arena_births: 1770.
num_arena_deaths: 0.
num_vsnodes_births: 3.
num_vsnodes_deaths: 0.
num_space_committed: 1833.
num_space_uncommitted: 0.
num_chunks_returned_to_freelist: 6.
num_chunks_taken_from_freelist: 6898.
num_chunk_merges: 6.
num_chunk_splits: 4488.
num_chunks_enlarged: 2912.
num_inconsistent_stats: 0.

CodeHeap 'non-profiled nmethods': size=120000Kb used=8202Kb max_used=8298Kb free=111797Kb
 bounds [0x000001bc07ad0000, 0x000001bc08300000, 0x000001bc0f000000]
CodeHeap 'profiled nmethods': size=120000Kb used=30127Kb max_used=30127Kb free=89872Kb
 bounds [0x000001bc00000000, 0x000001bc01d70000, 0x000001bc07530000]
CodeHeap 'non-nmethods': size=5760Kb used=1790Kb max_used=1843Kb free=3969Kb
 bounds [0x000001bc07530000, 0x000001bc077a0000, 0x000001bc07ad0000]
 total_blobs=16310 nmethods=15428 adapters=792
 compilation: enabled
              stopped_count=0, restarted_count=0
 full_count=0

Compilation events (20 events):
Event: 104.656 Thread 0x000001bc794f78d0 18983       2       com.sun.tools.javac.tree.TreeCopier::visitMemberSelect (7 bytes)
Event: 104.656 Thread 0x000001bc794f78d0 nmethod 18983 0x000001bc01d66310 code [0x000001bc01d664c0, 0x000001bc01d665e8]
Event: 104.656 Thread 0x000001bc794f78d0 18984       2       com.sun.tools.javac.tree.TreeCopier::visitMemberSelect (40 bytes)
Event: 104.657 Thread 0x000001bc794f78d0 nmethod 18984 0x000001bc01d66690 code [0x000001bc01d66860, 0x000001bc01d66ab8]
Event: 104.660 Thread 0x000001bc794f78d0 18985       3       com.sun.tools.javac.util.JCDiagnostic::<init> (67 bytes)
Event: 104.661 Thread 0x000001bc794f78d0 nmethod 18985 0x000001bc01d66c90 code [0x000001bc01d66e80, 0x000001bc01d67478]
Event: 104.663 Thread 0x000001bc794f78d0 18986       3       com.sun.tools.javac.util.JCDiagnostic$Factory::normalize (39 bytes)
Event: 104.665 Thread 0x000001bc794f78d0 nmethod 18986 0x000001bc01d67610 code [0x000001bc01d678c0, 0x000001bc01d685f8]
Event: 104.665 Thread 0x000001bc794f78d0 18987       1       com.sun.tools.javac.code.Type::isParameterized (2 bytes)
Event: 104.665 Thread 0x000001bc794f78d0 nmethod 18987 0x000001bc07cc7210 code [0x000001bc07cc73a0, 0x000001bc07cc7478]
Event: 104.695 Thread 0x000001bc794f78d0 18989       3       com.sun.tools.javac.comp.Attr::enclosingInitEnv (118 bytes)
Event: 104.697 Thread 0x000001bc794f78d0 nmethod 18989 0x000001bc01d68b90 code [0x000001bc01d68dc0, 0x000001bc01d69708]
Event: 104.697 Thread 0x000001bc794f78d0 18990       3       com.sun.tools.javac.comp.Attr::checkEnumInitializer (95 bytes)
Event: 104.698 Thread 0x000001bc794f78d0 nmethod 18990 0x000001bc01d69a90 code [0x000001bc01d69cc0, 0x000001bc01d6a468]
Event: 104.698 Thread 0x000001bc794f78d0 18991       3       com.sun.tools.javac.comp.Attr::isStaticEnumField (44 bytes)
Event: 104.700 Thread 0x000001bc794f78d0 nmethod 18991 0x000001bc01d6a790 code [0x000001bc01d6a980, 0x000001bc01d6aff8]
Event: 104.702 Thread 0x000001bc794f78d0 18992       2       com.sun.tools.javac.tree.TreeCopier::visitMethodInvocation (7 bytes)
Event: 104.703 Thread 0x000001bc794f78d0 nmethod 18992 0x000001bc01d6b210 code [0x000001bc01d6b3c0, 0x000001bc01d6b4e8]
Event: 104.703 Thread 0x000001bc794f78d0 18993       2       com.sun.tools.javac.tree.TreeCopier::visitMethodInvocation (62 bytes)
Event: 104.704 Thread 0x000001bc794f78d0 nmethod 18993 0x000001bc01d6b590 code [0x000001bc01d6b760, 0x000001bc01d6ba38]

GC Heap History (20 events):
Event: 74.246 GC heap after
{Heap after GC invocations=61 (full 0):
 garbage-first heap   total 206848K, used 114241K [0x0000000080000000, 0x0000000100000000)
  region size 1024K, 5 young (5120K), 5 survivors (5120K)
 Metaspace       used 97701K, committed 98880K, reserved 1179648K
  class space    used 13441K, committed 14016K, reserved 1048576K
}
Event: 78.137 GC heap before
{Heap before GC invocations=62 (full 0):
 garbage-first heap   total 220160K, used 167489K [0x0000000080000000, 0x0000000100000000)
  region size 1024K, 58 young (59392K), 5 survivors (5120K)
 Metaspace       used 98920K, committed 100096K, reserved 1179648K
  class space    used 13652K, committed 14208K, reserved 1048576K
}
Event: 78.253 GC heap after
{Heap after GC invocations=63 (full 0):
 garbage-first heap   total 220160K, used 117938K [0x0000000080000000, 0x0000000100000000)
  region size 1024K, 4 young (4096K), 4 survivors (4096K)
 Metaspace       used 98920K, committed 100096K, reserved 1179648K
  class space    used 13652K, committed 14208K, reserved 1048576K
}
Event: 79.324 GC heap before
{Heap before GC invocations=63 (full 0):
 garbage-first heap   total 220160K, used 123058K [0x0000000080000000, 0x0000000100000000)
  region size 1024K, 10 young (10240K), 4 survivors (4096K)
 Metaspace       used 98972K, committed 100160K, reserved 1179648K
  class space    used 13652K, committed 14208K, reserved 1048576K
}
Event: 79.353 GC heap after
{Heap after GC invocations=64 (full 0):
 garbage-first heap   total 264192K, used 118424K [0x0000000080000000, 0x0000000100000000)
  region size 1024K, 1 young (1024K), 1 survivors (1024K)
 Metaspace       used 98972K, committed 100160K, reserved 1179648K
  class space    used 13652K, committed 14208K, reserved 1048576K
}
Event: 84.899 GC heap before
{Heap before GC invocations=64 (full 0):
 garbage-first heap   total 264192K, used 176792K [0x0000000080000000, 0x0000000100000000)
  region size 1024K, 60 young (61440K), 1 survivors (1024K)
 Metaspace       used 99639K, committed 100736K, reserved 1179648K
  class space    used 13724K, committed 14272K, reserved 1048576K
}
Event: 84.928 GC heap after
{Heap after GC invocations=65 (full 0):
 garbage-first heap   total 264192K, used 121414K [0x0000000080000000, 0x0000000100000000)
  region size 1024K, 4 young (4096K), 4 survivors (4096K)
 Metaspace       used 99639K, committed 100736K, reserved 1179648K
  class space    used 13724K, committed 14272K, reserved 1048576K
}
Event: 88.257 GC heap before
{Heap before GC invocations=65 (full 0):
 garbage-first heap   total 264192K, used 180806K [0x0000000080000000, 0x0000000100000000)
  region size 1024K, 62 young (63488K), 4 survivors (4096K)
 Metaspace       used 100777K, committed 101952K, reserved 1179648K
  class space    used 13841K, committed 14400K, reserved 1048576K
}
Event: 88.503 GC heap after
{Heap after GC invocations=66 (full 0):
 garbage-first heap   total 264192K, used 144957K [0x0000000080000000, 0x0000000100000000)
  region size 1024K, 12 young (12288K), 12 survivors (12288K)
 Metaspace       used 100777K, committed 101952K, reserved 1179648K
  class space    used 13841K, committed 14400K, reserved 1048576K
}
Event: 91.879 GC heap before
{Heap before GC invocations=67 (full 0):
 garbage-first heap   total 280576K, used 191037K [0x0000000080000000, 0x0000000100000000)
  region size 1024K, 41 young (41984K), 12 survivors (12288K)
 Metaspace       used 102669K, committed 103872K, reserved 1179648K
  class space    used 14034K, committed 14592K, reserved 1048576K
}
Event: 91.919 GC heap after
{Heap after GC invocations=68 (full 0):
 garbage-first heap   total 280576K, used 147929K [0x0000000080000000, 0x0000000100000000)
  region size 1024K, 3 young (3072K), 3 survivors (3072K)
 Metaspace       used 102669K, committed 103872K, reserved 1179648K
  class space    used 14034K, committed 14592K, reserved 1048576K
}
Event: 92.471 GC heap before
{Heap before GC invocations=68 (full 0):
 garbage-first heap   total 280576K, used 157145K [0x0000000080000000, 0x0000000100000000)
  region size 1024K, 13 young (13312K), 3 survivors (3072K)
 Metaspace       used 102674K, committed 103872K, reserved 1179648K
  class space    used 14034K, committed 14592K, reserved 1048576K
}
Event: 92.484 GC heap after
{Heap after GC invocations=69 (full 0):
 garbage-first heap   total 280576K, used 147385K [0x0000000080000000, 0x0000000100000000)
  region size 1024K, 2 young (2048K), 2 survivors (2048K)
 Metaspace       used 102674K, committed 103872K, reserved 1179648K
  class space    used 14034K, committed 14592K, reserved 1048576K
}
Event: 95.567 GC heap before
{Heap before GC invocations=69 (full 0):
 garbage-first heap   total 280576K, used 217017K [0x0000000080000000, 0x0000000100000000)
  region size 1024K, 71 young (72704K), 2 survivors (2048K)
 Metaspace       used 105352K, committed 106560K, reserved 1179648K
  class space    used 14378K, committed 14976K, reserved 1048576K
}
Event: 95.600 GC heap after
{Heap after GC invocations=70 (full 0):
 garbage-first heap   total 280576K, used 154723K [0x0000000080000000, 0x0000000100000000)
  region size 1024K, 9 young (9216K), 9 survivors (9216K)
 Metaspace       used 105352K, committed 106560K, reserved 1179648K
  class space    used 14378K, committed 14976K, reserved 1048576K
}
Event: 99.674 GC heap before
{Heap before GC invocations=71 (full 0):
 garbage-first heap   total 280576K, used 216163K [0x0000000080000000, 0x0000000100000000)
  region size 1024K, 74 young (75776K), 9 survivors (9216K)
 Metaspace       used 113547K, committed 114688K, reserved 1179648K
  class space    used 15324K, committed 15872K, reserved 1048576K
}
Event: 99.714 GC heap after
{Heap after GC invocations=72 (full 0):
 garbage-first heap   total 280576K, used 163391K [0x0000000080000000, 0x0000000100000000)
  region size 1024K, 10 young (10240K), 10 survivors (10240K)
 Metaspace       used 113547K, committed 114688K, reserved 1179648K
  class space    used 15324K, committed 15872K, reserved 1048576K
}
Event: 99.783 GC heap before
{Heap before GC invocations=72 (full 0):
 garbage-first heap   total 280576K, used 166463K [0x0000000080000000, 0x0000000100000000)
  region size 1024K, 13 young (13312K), 10 survivors (10240K)
 Metaspace       used 113563K, committed 114752K, reserved 1179648K
  class space    used 15324K, committed 15872K, reserved 1048576K
}
Event: 99.814 GC heap after
{Heap after GC invocations=73 (full 0):
 garbage-first heap   total 280576K, used 161109K [0x0000000080000000, 0x0000000100000000)
  region size 1024K, 2 young (2048K), 2 survivors (2048K)
 Metaspace       used 113563K, committed 114752K, reserved 1179648K
  class space    used 15324K, committed 15872K, reserved 1048576K
}
Event: 104.723 GC heap before
{Heap before GC invocations=73 (full 0):
 garbage-first heap   total 280576K, used 219477K [0x0000000080000000, 0x0000000100000000)
  region size 1024K, 59 young (60416K), 2 survivors (2048K)
 Metaspace       used 116342K, committed 117504K, reserved 1179648K
  class space    used 15567K, committed 16128K, reserved 1048576K
}

Dll operation events (15 events):
Event: 0.137 Loaded shared library C:\Users\welcome\.gradle\jdks\eclipse_adoptium-17-amd64-windows.2\bin\java.dll
Event: 0.243 Loaded shared library C:\Users\welcome\.gradle\jdks\eclipse_adoptium-17-amd64-windows.2\bin\jsvml.dll
Event: 0.500 Loaded shared library C:\Users\welcome\.gradle\jdks\eclipse_adoptium-17-amd64-windows.2\bin\zip.dll
Event: 0.505 Loaded shared library C:\Users\welcome\.gradle\jdks\eclipse_adoptium-17-amd64-windows.2\bin\instrument.dll
Event: 0.526 Loaded shared library C:\Users\welcome\.gradle\jdks\eclipse_adoptium-17-amd64-windows.2\bin\net.dll
Event: 0.536 Loaded shared library C:\Users\welcome\.gradle\jdks\eclipse_adoptium-17-amd64-windows.2\bin\nio.dll
Event: 0.544 Loaded shared library C:\Users\welcome\.gradle\jdks\eclipse_adoptium-17-amd64-windows.2\bin\zip.dll
Event: 1.638 Loaded shared library C:\Users\welcome\.gradle\jdks\eclipse_adoptium-17-amd64-windows.2\bin\jimage.dll
Event: 2.600 Loaded shared library C:\Users\welcome\.gradle\jdks\eclipse_adoptium-17-amd64-windows.2\bin\verify.dll
Event: 2.720 Loaded shared library C:\Users\welcome\.gradle\native\660c5614fbf4a5f2a75b1949f50a0caf5cd603558e7d8a26e50b933a0cfb79d1\windows-amd64\native-platform.dll
Event: 2.797 Loaded shared library C:\Users\welcome\.gradle\native\0.2.8\x86_64-windows-gnu\gradle-fileevents.dll
Event: 5.652 Loaded shared library C:\Users\welcome\.gradle\jdks\eclipse_adoptium-17-amd64-windows.2\bin\management.dll
Event: 5.658 Loaded shared library C:\Users\welcome\.gradle\jdks\eclipse_adoptium-17-amd64-windows.2\bin\management_ext.dll
Event: 5.998 Loaded shared library C:\Users\welcome\.gradle\jdks\eclipse_adoptium-17-amd64-windows.2\bin\extnet.dll
Event: 6.382 Loaded shared library C:\Users\welcome\.gradle\jdks\eclipse_adoptium-17-amd64-windows.2\bin\sunmscapi.dll

Deoptimization events (20 events):
Event: 101.154 Thread 0x000001bc520a6fe0 DEOPT PACKING pc=0x000001bc011b2e99 sp=0x0000001db09f8010
Event: 101.154 Thread 0x000001bc520a6fe0 DEOPT UNPACKING pc=0x000001bc0758ace3 sp=0x0000001db09f7488 mode 0
Event: 101.385 Thread 0x000001bc520a6fe0 Uncommon trap: trap_request=0xffffffbe fr.pc=0x000001bc08122490 relative=0x0000000000000db0
Event: 101.385 Thread 0x000001bc520a6fe0 Uncommon trap: reason=profile_predicate action=maybe_recompile pc=0x000001bc08122490 method=com.sun.tools.javac.util.UnsharedNameTable.fromUtf([BII)Lcom/sun/tools/javac/util/Name; @ 34 c2
Event: 101.385 Thread 0x000001bc520a6fe0 DEOPT PACKING pc=0x000001bc08122490 sp=0x0000001db09f8530
Event: 101.385 Thread 0x000001bc520a6fe0 DEOPT UNPACKING pc=0x000001bc0758a1a3 sp=0x0000001db09f84e8 mode 2
Event: 101.445 Thread 0x000001bc520a6fe0 Uncommon trap: trap_request=0xffffffbe fr.pc=0x000001bc08122490 relative=0x0000000000000db0
Event: 101.446 Thread 0x000001bc520a6fe0 Uncommon trap: reason=profile_predicate action=maybe_recompile pc=0x000001bc08122490 method=com.sun.tools.javac.util.UnsharedNameTable.fromUtf([BII)Lcom/sun/tools/javac/util/Name; @ 34 c2
Event: 101.446 Thread 0x000001bc520a6fe0 DEOPT PACKING pc=0x000001bc08122490 sp=0x0000001db09f8530
Event: 101.446 Thread 0x000001bc520a6fe0 DEOPT UNPACKING pc=0x000001bc0758a1a3 sp=0x0000001db09f84e8 mode 2
Event: 101.793 Thread 0x000001bc520a6fe0 Uncommon trap: trap_request=0xffffffbe fr.pc=0x000001bc08122490 relative=0x0000000000000db0
Event: 101.793 Thread 0x000001bc520a6fe0 Uncommon trap: reason=profile_predicate action=maybe_recompile pc=0x000001bc08122490 method=com.sun.tools.javac.util.UnsharedNameTable.fromUtf([BII)Lcom/sun/tools/javac/util/Name; @ 34 c2
Event: 101.793 Thread 0x000001bc520a6fe0 DEOPT PACKING pc=0x000001bc08122490 sp=0x0000001db09f84a0
Event: 101.793 Thread 0x000001bc520a6fe0 DEOPT UNPACKING pc=0x000001bc0758a1a3 sp=0x0000001db09f8458 mode 2
Event: 102.360 Thread 0x000001bc520a6fe0 DEOPT PACKING pc=0x000001bc01691730 sp=0x0000001db09f5ff0
Event: 102.360 Thread 0x000001bc520a6fe0 DEOPT UNPACKING pc=0x000001bc0758ace3 sp=0x0000001db09f54d0 mode 0
Event: 104.499 Thread 0x000001bc520a6fe0 DEOPT PACKING pc=0x000001bc015a5ddc sp=0x0000001db09f7460
Event: 104.500 Thread 0x000001bc520a6fe0 DEOPT UNPACKING pc=0x000001bc0758ace3 sp=0x0000001db09f69a8 mode 0
Event: 104.500 Thread 0x000001bc520a6fe0 DEOPT PACKING pc=0x000001bc017168e4 sp=0x0000001db09f75c0
Event: 104.500 Thread 0x000001bc520a6fe0 DEOPT UNPACKING pc=0x000001bc0758ace3 sp=0x0000001db09f6ad0 mode 0

Classes loaded (20 events):
Event: 98.660 Loading class java/time/DateTimeException
Event: 98.661 Loading class java/time/DateTimeException done
Event: 98.661 Loading class java/util/regex/PatternSyntaxException
Event: 98.661 Loading class java/util/regex/PatternSyntaxException done
Event: 98.663 Loading class java/nio/file/SimpleFileVisitor
Event: 98.663 Loading class java/nio/file/SimpleFileVisitor done
Event: 98.664 Loading class java/nio/file/DirectoryIteratorException
Event: 98.664 Loading class java/nio/file/DirectoryIteratorException done
Event: 99.103 Loading class java/util/ImmutableCollections$Access
Event: 99.103 Loading class java/util/ImmutableCollections$Access done
Event: 99.103 Loading class java/util/ImmutableCollections$Access$1
Event: 99.103 Loading class jdk/internal/access/JavaUtilCollectionAccess
Event: 99.103 Loading class jdk/internal/access/JavaUtilCollectionAccess done
Event: 99.103 Loading class java/util/ImmutableCollections$Access$1 done
Event: 100.231 Loading class java/text/BreakIterator
Event: 100.232 Loading class java/text/BreakIterator done
Event: 100.302 Loading class java/util/regex/Pattern$Pos
Event: 100.302 Loading class java/util/regex/Pattern$Pos done
Event: 100.311 Loading class java/util/function/ToIntBiFunction
Event: 100.311 Loading class java/util/function/ToIntBiFunction done

Classes unloaded (0 events):
No events

Classes redefined (0 events):
No events

Internal exceptions (20 events):
Event: 103.958 Thread 0x000001bc520a6fe0 Exception <a 'sun/nio/fs/WindowsException'{0x000000008e29ce30}> (0x000000008e29ce30) 
thrown [s\src\hotspot\share\prims\jni.cpp, line 516]
Event: 103.965 Thread 0x000001bc520a6fe0 Exception <a 'sun/nio/fs/WindowsException'{0x000000008e2ae518}> (0x000000008e2ae518) 
thrown [s\src\hotspot\share\prims\jni.cpp, line 516]
Event: 103.976 Thread 0x000001bc520a6fe0 Exception <a 'sun/nio/fs/WindowsException'{0x000000008e2c8b68}> (0x000000008e2c8b68) 
thrown [s\src\hotspot\share\prims\jni.cpp, line 516]
Event: 104.000 Thread 0x000001bc520a6fe0 Exception <a 'sun/nio/fs/WindowsException'{0x000000008e1cc720}> (0x000000008e1cc720) 
thrown [s\src\hotspot\share\prims\jni.cpp, line 516]
Event: 104.105 Thread 0x000001bc520a6fe0 Exception <a 'sun/nio/fs/WindowsException'{0x000000008dd345a8}> (0x000000008dd345a8) 
thrown [s\src\hotspot\share\prims\jni.cpp, line 516]
Event: 104.145 Thread 0x000001bc520a6fe0 Exception <a 'sun/nio/fs/WindowsException'{0x000000008dd3da18}> (0x000000008dd3da18) 
thrown [s\src\hotspot\share\prims\jni.cpp, line 516]
Event: 104.154 Thread 0x000001bc520a6fe0 Exception <a 'sun/nio/fs/WindowsException'{0x000000008dd48b08}> (0x000000008dd48b08) 
thrown [s\src\hotspot\share\prims\jni.cpp, line 516]
Event: 104.177 Thread 0x000001bc520a6fe0 Exception <a 'sun/nio/fs/WindowsException'{0x000000008dd73e88}> (0x000000008dd73e88) 
thrown [s\src\hotspot\share\prims\jni.cpp, line 516]
Event: 104.179 Thread 0x000001bc520a6fe0 Exception <a 'sun/nio/fs/WindowsException'{0x000000008dd7a500}> (0x000000008dd7a500) 
thrown [s\src\hotspot\share\prims\jni.cpp, line 516]
Event: 104.296 Thread 0x000001bc520a6fe0 Exception <a 'sun/nio/fs/WindowsException'{0x000000008da491e0}> (0x000000008da491e0) 
thrown [s\src\hotspot\share\prims\jni.cpp, line 516]
Event: 104.302 Thread 0x000001bc520a6fe0 Exception <a 'sun/nio/fs/WindowsException'{0x000000008da51cc0}> (0x000000008da51cc0) 
thrown [s\src\hotspot\share\prims\jni.cpp, line 516]
Event: 104.318 Thread 0x000001bc520a6fe0 Exception <a 'sun/nio/fs/WindowsException'{0x000000008da84678}> (0x000000008da84678) 
thrown [s\src\hotspot\share\prims\jni.cpp, line 516]
Event: 104.399 Thread 0x000001bc520a6fe0 Exception <a 'sun/nio/fs/WindowsException'{0x000000008d9fd438}> (0x000000008d9fd438) 
thrown [s\src\hotspot\share\prims\jni.cpp, line 516]
Event: 104.404 Thread 0x000001bc520a6fe0 Exception <a 'sun/nio/fs/WindowsException'{0x000000008d802bd8}> (0x000000008d802bd8) 
thrown [s\src\hotspot\share\prims\jni.cpp, line 516]
Event: 104.414 Thread 0x000001bc520a6fe0 Exception <a 'sun/nio/fs/WindowsException'{0x000000008d81e368}> (0x000000008d81e368) 
thrown [s\src\hotspot\share\prims\jni.cpp, line 516]
Event: 104.538 Thread 0x000001bc520a6fe0 Exception <a 'sun/nio/fs/WindowsException'{0x000000008d8de770}> (0x000000008d8de770) 
thrown [s\src\hotspot\share\prims\jni.cpp, line 516]
Event: 104.551 Thread 0x000001bc520a6fe0 Exception <a 'sun/nio/fs/WindowsException'{0x000000008d8e28e0}> (0x000000008d8e28e0) 
thrown [s\src\hotspot\share\prims\jni.cpp, line 516]
Event: 104.564 Thread 0x000001bc520a6fe0 Exception <a 'sun/nio/fs/WindowsException'{0x000000008d8e66e0}> (0x000000008d8e66e0) 
thrown [s\src\hotspot\share\prims\jni.cpp, line 516]
Event: 104.579 Thread 0x000001bc520a6fe0 Exception <a 'sun/nio/fs/WindowsException'{0x000000008d8ecf90}> (0x000000008d8ecf90) 
thrown [s\src\hotspot\share\prims\jni.cpp, line 516]
Event: 104.606 Thread 0x000001bc520a6fe0 Exception <a 'sun/nio/fs/WindowsException'{0x000000008d8ffb68}> (0x000000008d8ffb68) 
thrown [s\src\hotspot\share\prims\jni.cpp, line 516]

VM Operations (20 events):
Event: 102.215 Executing VM operation: ICBufferFull done
Event: 103.217 Executing VM operation: Cleanup
Event: 103.217 Executing VM operation: Cleanup done
Event: 103.497 Executing VM operation: ICBufferFull
Event: 103.497 Executing VM operation: ICBufferFull done
Event: 103.548 Executing VM operation: ICBufferFull
Event: 103.548 Executing VM operation: ICBufferFull done
Event: 103.763 Executing VM operation: ICBufferFull
Event: 103.763 Executing VM operation: ICBufferFull done
Event: 104.381 Executing VM operation: ICBufferFull
Event: 104.381 Executing VM operation: ICBufferFull done
Event: 104.470 Executing VM operation: HandshakeAllThreads
Event: 104.471 Executing VM operation: HandshakeAllThreads done
Event: 104.483 Executing VM operation: HandshakeAllThreads
Event: 104.484 Executing VM operation: HandshakeAllThreads done
Event: 104.491 Executing VM operation: HandshakeAllThreads
Event: 104.492 Executing VM operation: HandshakeAllThreads done
Event: 104.498 Executing VM operation: HandshakeAllThreads
Event: 104.499 Executing VM operation: HandshakeAllThreads done
Event: 104.722 Executing VM operation: G1CollectForAllocation

Memory protections (0 events):
No events

Nmethod flushes (20 events):
Event: 99.559 Thread 0x000001bc794f81e0 flushing  nmethod 0x000001bc01998290
Event: 99.559 Thread 0x000001bc794f81e0 flushing  nmethod 0x000001bc019a6610
Event: 99.559 Thread 0x000001bc794f81e0 flushing  nmethod 0x000001bc019a6b90
Event: 99.559 Thread 0x000001bc794f81e0 flushing  nmethod 0x000001bc019a7290
Event: 99.559 Thread 0x000001bc794f81e0 flushing  nmethod 0x000001bc019a7610
Event: 99.559 Thread 0x000001bc794f81e0 flushing  nmethod 0x000001bc019a8410
Event: 99.559 Thread 0x000001bc794f81e0 flushing  nmethod 0x000001bc019a8990
Event: 99.559 Thread 0x000001bc794f81e0 flushing  nmethod 0x000001bc019aa690
Event: 99.559 Thread 0x000001bc794f81e0 flushing  nmethod 0x000001bc019b5590
Event: 99.559 Thread 0x000001bc794f81e0 flushing  nmethod 0x000001bc019c0190
Event: 99.559 Thread 0x000001bc794f81e0 flushing  nmethod 0x000001bc019c1b90
Event: 99.559 Thread 0x000001bc794f81e0 flushing  nmethod 0x000001bc019c5e90
Event: 99.559 Thread 0x000001bc794f81e0 flushing  nmethod 0x000001bc019c7210
Event: 99.559 Thread 0x000001bc794f81e0 flushing  nmethod 0x000001bc019d1210
Event: 99.559 Thread 0x000001bc794f81e0 flushing  nmethod 0x000001bc019d2890
Event: 99.559 Thread 0x000001bc794f81e0 flushing  nmethod 0x000001bc019db190
Event: 99.559 Thread 0x000001bc794f81e0 flushing  nmethod 0x000001bc019db610
Event: 99.559 Thread 0x000001bc794f81e0 flushing  nmethod 0x000001bc019dd290
Event: 99.559 Thread 0x000001bc794f81e0 flushing  nmethod 0x000001bc019dfb90
Event: 99.559 Thread 0x000001bc794f81e0 flushing  nmethod 0x000001bc019e6810

Events (20 events):
Event: 80.600 Thread 0x000001bc520a1ee0 Thread added: 0x000001bc5014a5a0
Event: 80.617 Thread 0x000001bc520a1ee0 Thread added: 0x000001bc50144a80
Event: 80.622 Thread 0x000001bc520a1ee0 Thread added: 0x000001bc501463d0
Event: 80.632 Thread 0x000001bc520a1ee0 Thread added: 0x000001bc50146df0
Event: 83.127 Thread 0x000001bc520a1ee0 Thread added: 0x000001bc5073f4e0
Event: 83.128 Thread 0x000001bc520a1ee0 Thread added: 0x000001bc5073f9f0
Event: 83.129 Thread 0x000001bc520a1ee0 Thread added: 0x000001bc5073eac0
Event: 83.132 Thread 0x000001bc520a1ee0 Thread added: 0x000001bc5073db90
Event: 83.133 Thread 0x000001bc520a1ee0 Thread added: 0x000001bc5073ff00
Event: 83.133 Thread 0x000001bc520a1ee0 Thread added: 0x000001bc50739ed0
Event: 90.631 Thread 0x000001bc520a6fe0 Thread added: 0x000001bc5073e5b0
Event: 91.188 Thread 0x000001bc520a4250 Thread added: 0x000001bc5073b820
Event: 95.070 Thread 0x000001bc520a6fe0 Thread added: 0x000001bc5073efd0
Event: 95.233 Thread 0x000001bc520a6fe0 Thread added: 0x000001bc5073bd30
Event: 95.233 Thread 0x000001bc520a6fe0 Thread added: 0x000001bc50740e30
Event: 95.234 Thread 0x000001bc520a6fe0 Thread added: 0x000001bc50741340
Event: 95.234 Thread 0x000001bc520a6fe0 Thread added: 0x000001bc5073c240
Event: 95.234 Thread 0x000001bc520a6fe0 Thread added: 0x000001bc50741850
Event: 95.234 Thread 0x000001bc520a6fe0 Thread added: 0x000001bc5073a8f0
Event: 95.234 Thread 0x000001bc520a6fe0 Thread added: 0x000001bc5073ae00


Dynamic libraries:
0x00007ff71fb10000 - 0x00007ff71fb1e000 	C:\Users\welcome\.gradle\jdks\eclipse_adoptium-17-amd64-windows.2\bin\java.exe
0x00007ffd5ed30000 - 0x00007ffd5ef28000 	C:\Windows\SYSTEM32\ntdll.dll
0x00007ffd5d0a0000 - 0x00007ffd5d162000 	C:\Windows\System32\KERNEL32.DLL
0x00007ffd5c6b0000 - 0x00007ffd5c9a7000 	C:\Windows\System32\KERNELBASE.dll
0x00007ffd5c9b0000 - 0x00007ffd5cab0000 	C:\Windows\System32\ucrtbase.dll
0x00007ffd55030000 - 0x00007ffd55048000 	C:\Users\welcome\.gradle\jdks\eclipse_adoptium-17-amd64-windows.2\bin\jli.dll
0x00007ffd5e140000 - 0x00007ffd5e2dd000 	C:\Windows\System32\USER32.dll
0x00007ffd5cd10000 - 0x00007ffd5cd32000 	C:\Windows\System32\win32u.dll
0x00007ffd5ec30000 - 0x00007ffd5ec5b000 	C:\Windows\System32\GDI32.dll
0x00007ffd5c450000 - 0x00007ffd5c569000 	C:\Windows\System32\gdi32full.dll
0x00007ffd5c3b0000 - 0x00007ffd5c44d000 	C:\Windows\System32\msvcp_win.dll
0x00007ffd3e2e0000 - 0x00007ffd3e2fe000 	C:\Users\welcome\.gradle\jdks\eclipse_adoptium-17-amd64-windows.2\bin\VCRUNTIME140.dll
0x00007ffd5b750000 - 0x00007ffd5b9eb000 	C:\Windows\WinSxS\amd64_microsoft.windows.common-controls_6595b64144ccf1df_6.0.19041.6926_none_60b5a53971f8f7e6\COMCTL32.dll
0x00007ffd5eb90000 - 0x00007ffd5ec2e000 	C:\Windows\System32\msvcrt.dll
0x00007ffd5ecc0000 - 0x00007ffd5ecef000 	C:\Windows\System32\IMM32.DLL
0x00007ffd5bf60000 - 0x00007ffd5bf6c000 	C:\Users\welcome\.gradle\jdks\eclipse_adoptium-17-amd64-windows.2\bin\vcruntime140_1.dll
0x00007ffd213b0000 - 0x00007ffd2143d000 	C:\Users\welcome\.gradle\jdks\eclipse_adoptium-17-amd64-windows.2\bin\msvcp140.dll
0x00007ffcc8d90000 - 0x00007ffcc99fb000 	C:\Users\welcome\.gradle\jdks\eclipse_adoptium-17-amd64-windows.2\bin\server\jvm.dll
0x00007ffd5e2e0000 - 0x00007ffd5e391000 	C:\Windows\System32\ADVAPI32.dll
0x00007ffd5e9d0000 - 0x00007ffd5ea6f000 	C:\Windows\System32\sechost.dll
0x00007ffd5cf70000 - 0x00007ffd5d096000 	C:\Windows\System32\RPCRT4.dll
0x00007ffd5cb80000 - 0x00007ffd5cba7000 	C:\Windows\System32\bcrypt.dll
0x00007ffd5ea70000 - 0x00007ffd5eadb000 	C:\Windows\System32\WS2_32.dll
0x00007ffd5bfa0000 - 0x00007ffd5bfeb000 	C:\Windows\SYSTEM32\POWRPROF.dll
0x00007ffd426e0000 - 0x00007ffd42707000 	C:\Windows\SYSTEM32\WINMM.dll
0x00007ffd52750000 - 0x00007ffd5275a000 	C:\Windows\SYSTEM32\VERSION.dll
0x00007ffd5bae0000 - 0x00007ffd5baf2000 	C:\Windows\SYSTEM32\UMPDC.dll
0x00007ffd5a530000 - 0x00007ffd5a542000 	C:\Windows\SYSTEM32\kernel.appcore.dll
0x00007ffd55020000 - 0x00007ffd5502a000 	C:\Users\welcome\.gradle\jdks\eclipse_adoptium-17-amd64-windows.2\bin\jimage.dll
0x00007ffd5bd10000 - 0x00007ffd5bf11000 	C:\Windows\SYSTEM32\DBGHELP.DLL
0x00007ffd5bb20000 - 0x00007ffd5bb54000 	C:\Windows\SYSTEM32\dbgcore.DLL
0x00007ffd5c620000 - 0x00007ffd5c6a2000 	C:\Windows\System32\bcryptPrimitives.dll
0x00007ffd3e060000 - 0x00007ffd3e06e000 	C:\Users\welcome\.gradle\jdks\eclipse_adoptium-17-amd64-windows.2\bin\instrument.dll
0x00007ffd3dd60000 - 0x00007ffd3dd85000 	C:\Users\welcome\.gradle\jdks\eclipse_adoptium-17-amd64-windows.2\bin\java.dll
0x00007ffd21120000 - 0x00007ffd211f7000 	C:\Users\welcome\.gradle\jdks\eclipse_adoptium-17-amd64-windows.2\bin\jsvml.dll
0x00007ffd5d190000 - 0x00007ffd5d902000 	C:\Windows\System32\SHELL32.dll
0x00007ffd59d70000 - 0x00007ffd5a516000 	C:\Windows\SYSTEM32\windows.storage.dll
0x00007ffd5e400000 - 0x00007ffd5e753000 	C:\Windows\System32\combase.dll
0x00007ffd5b6b0000 - 0x00007ffd5b6db000 	C:\Windows\SYSTEM32\Wldp.dll
0x00007ffd5e010000 - 0x00007ffd5e0dd000 	C:\Windows\System32\OLEAUT32.dll
0x00007ffd5eae0000 - 0x00007ffd5eb8d000 	C:\Windows\System32\SHCORE.dll
0x00007ffd5e0e0000 - 0x00007ffd5e13b000 	C:\Windows\System32\shlwapi.dll
0x00007ffd5c2e0000 - 0x00007ffd5c304000 	C:\Windows\SYSTEM32\profapi.dll
0x00007ffd3a4c0000 - 0x00007ffd3a4d8000 	C:\Users\welcome\.gradle\jdks\eclipse_adoptium-17-amd64-windows.2\bin\zip.dll
0x00007ffd30450000 - 0x00007ffd3046a000 	C:\Users\welcome\.gradle\jdks\eclipse_adoptium-17-amd64-windows.2\bin\net.dll
0x00007ffd55550000 - 0x00007ffd5565a000 	C:\Windows\SYSTEM32\WINHTTP.dll
0x00007ffd5b580000 - 0x00007ffd5b5ea000 	C:\Windows\system32\mswsock.dll
0x00007ffd25990000 - 0x00007ffd259a6000 	C:\Users\welcome\.gradle\jdks\eclipse_adoptium-17-amd64-windows.2\bin\nio.dll
0x00007ffd3e050000 - 0x00007ffd3e060000 	C:\Users\welcome\.gradle\jdks\eclipse_adoptium-17-amd64-windows.2\bin\verify.dll
0x00007ffd1de00000 - 0x00007ffd1de27000 	C:\Users\welcome\.gradle\native\660c5614fbf4a5f2a75b1949f50a0caf5cd603558e7d8a26e50b933a0cfb79d1\windows-amd64\native-platform.dll
0x00007ffd20f50000 - 0x00007ffd20fc7000 	C:\Users\welcome\.gradle\native\0.2.8\x86_64-windows-gnu\gradle-fileevents.dll
0x00007ffd3dc80000 - 0x00007ffd3dc8a000 	C:\Users\welcome\.gradle\jdks\eclipse_adoptium-17-amd64-windows.2\bin\management.dll
0x00007ffd3c690000 - 0x00007ffd3c69c000 	C:\Users\welcome\.gradle\jdks\eclipse_adoptium-17-amd64-windows.2\bin\management_ext.dll
0x00007ffd5cf50000 - 0x00007ffd5cf58000 	C:\Windows\System32\PSAPI.DLL
0x00007ffd5b0f0000 - 0x00007ffd5b12b000 	C:\Windows\SYSTEM32\IPHLPAPI.DLL
0x00007ffd5e890000 - 0x00007ffd5e898000 	C:\Windows\System32\NSI.dll
0x00007ffd527d0000 - 0x00007ffd527e7000 	C:\Windows\SYSTEM32\dhcpcsvc6.DLL
0x00007ffd52790000 - 0x00007ffd527ad000 	C:\Windows\SYSTEM32\dhcpcsvc.DLL
0x00007ffd5b130000 - 0x00007ffd5b1fa000 	C:\Windows\SYSTEM32\DNSAPI.dll
0x00007ffd3a4b0000 - 0x00007ffd3a4b9000 	C:\Users\welcome\.gradle\jdks\eclipse_adoptium-17-amd64-windows.2\bin\extnet.dll
0x00007ffd5c120000 - 0x00007ffd5c138000 	C:\Windows\SYSTEM32\CRYPTSP.dll
0x00007ffd5ad90000 - 0x00007ffd5adc8000 	C:\Windows\system32\rsaenh.dll
0x00007ffd5c2a0000 - 0x00007ffd5c2ce000 	C:\Windows\SYSTEM32\USERENV.dll
0x00007ffd5b670000 - 0x00007ffd5b67c000 	C:\Windows\SYSTEM32\CRYPTBASE.dll
0x00007ffd3a480000 - 0x00007ffd3a48e000 	C:\Users\welcome\.gradle\jdks\eclipse_adoptium-17-amd64-windows.2\bin\sunmscapi.dll
0x00007ffd5cbb0000 - 0x00007ffd5cd0d000 	C:\Windows\System32\CRYPT32.dll
0x00007ffd5b720000 - 0x00007ffd5b747000 	C:\Windows\SYSTEM32\ncrypt.dll
0x00007ffd5b6e0000 - 0x00007ffd5b71b000 	C:\Windows\SYSTEM32\NTASN1.dll
0x00007ffd4c920000 - 0x00007ffd4c927000 	C:\Windows\system32\wshunix.dll

dbghelp: loaded successfully - version: 4.0.5 - missing functions: none
symbol engine: initialized successfully - sym options: 0x614 - pdb path: .;C:\Users\welcome\.gradle\jdks\eclipse_adoptium-17-amd64-windows.2\bin;C:\Windows\SYSTEM32;C:\Windows\WinSxS\amd64_microsoft.windows.common-controls_6595b64144ccf1df_6.0.19041.6926_none_60b5a53971f8f7e6;C:\Users\welcome\.gradle\jdks\eclipse_adoptium-17-amd64-windows.2\bin\server;C:\Users\welcome\.gradle\native\660c5614fbf4a5f2a75b1949f50a0caf5cd603558e7d8a26e50b933a0cfb79d1\windows-amd64;C:\Users\welcome\.gradle\native\0.2.8\x86_64-windows-gnu

VM Arguments:
jvm_args: --add-opens=java.base/java.lang=ALL-UNNAMED --add-opens=java.base/java.lang.invoke=ALL-UNNAMED --add-opens=java.base/java.util=ALL-UNNAMED --add-opens=java.prefs/java.util.prefs=ALL-UNNAMED --add-exports=jdk.compiler/com.sun.tools.javac.api=ALL-UNNAMED --add-exports=jdk.compiler/com.sun.tools.javac.util=ALL-UNNAMED --add-opens=java.base/java.util=ALL-UNNAMED --add-opens=java.prefs/java.util.prefs=ALL-UNNAMED --add-opens=java.base/java.nio.charset=ALL-UNNAMED --add-opens=java.base/java.net=ALL-UNNAMED --add-opens=java.base/java.util.concurrent=ALL-UNNAMED --add-opens=java.base/java.util.concurrent.atomic=ALL-UNNAMED --add-opens=java.xml/javax.xml.namespace=ALL-UNNAMED --add-opens=java.base/java.time=ALL-UNNAMED -Xmx2048m -Dfile.encoding=UTF-8 -Duser.country=IN -Duser.language=en -Duser.variant -javaagent:C:\Users\welcome\.gradle\wrapper\dists\gradle-9.3.1-bin\23ovyewtku6u96viwx3xl3oks\gradle-9.3.1\lib\agents\gradle-instrumentation-agent-9.3.1.jar 
java_command: org.gradle.launcher.daemon.bootstrap.GradleDaemon 9.3.1
java_class_path (initial): C:\Users\welcome\.gradle\wrapper\dists\gradle-9.3.1-bin\23ovyewtku6u96viwx3xl3oks\gradle-9.3.1\lib\gradle-daemon-main-9.3.1.jar
Launcher Type: SUN_STANDARD

[Global flags]
     intx CICompilerCount                          = 4                                         {product} {ergonomic}
     uint ConcGCThreads                            = 2                                         {product} {ergonomic}
     uint G1ConcRefinementThreads                  = 8                                         {product} {ergonomic}
   size_t G1HeapRegionSize                         = 1048576                                   {product} {ergonomic}
    uintx GCDrainStackTargetSize                   = 64                                        {product} {ergonomic}
   size_t InitialHeapSize                          = 62914560                                  {product} {ergonomic}
   size_t MarkStackSize                            = 4194304                                   {product} {ergonomic}
   size_t MaxHeapSize                              = 2147483648                                {product} {command line}
   size_t MaxNewSize                               = 1287651328                                {product} {ergonomic}
   size_t MinHeapDeltaBytes                        = 1048576                                   {product} {ergonomic}
   size_t MinHeapSize                              = 8388608                                   {product} {ergonomic}
    uintx NonNMethodCodeHeapSize                   = 5839372                                {pd product} {ergonomic}
    uintx NonProfiledCodeHeapSize                  = 122909434                              {pd product} {ergonomic}
    uintx ProfiledCodeHeapSize                     = 122909434                              {pd product} {ergonomic}
    uintx ReservedCodeCacheSize                    = 251658240                              {pd product} {ergonomic}
     bool SegmentedCodeCache                       = true                                      {product} {ergonomic}
   size_t SoftMaxHeapSize                          = 2147483648                             {manageable} {ergonomic}
     bool UseCompressedClassPointers               = true                           {product lp64_product} {ergonomic}
     bool UseCompressedOops                        = true                           {product lp64_product} {ergonomic}
     bool UseG1GC                                  = true                                      {product} {ergonomic}
     bool UseLargePagesIndividualAllocation        = false                                  {pd product} {ergonomic}

Logging:
Log output configuration:
 #0: stdout all=warning uptime,level,tags
 #1: stderr all=off uptime,level,tags

Environment Variables:
PATH=C:\Windows\system32;C:\Windows;C:\Windows\System32\Wbem;C:\Windows\System32\WindowsPowerShell\v1.0\;C:\Windows\System32\OpenSSH\;C:\Program Files\Git\cmd;C:\Program Files\nodejs\;C:\Users\welcome\AppData\Local\Microsoft\WindowsApps;C:\Users\welcome\AppData\Local\Programs\Antigravity\bin;C:\Users\welcome\AppData\Local\Programs\cursor\resources\app\bin;C:\Users\welcome\AppData\Local\Programs\Microsoft VS Code\bin;C:\Users\welcome\AppData\Roaming\npm
USERNAME=welcome
OS=Windows_NT
PROCESSOR_IDENTIFIER=Intel64 Family 6 Model 140 Stepping 2, GenuineIntel
TMP=C:\Users\welcome\AppData\Local\Temp
TEMP=C:\Users\welcome\AppData\Local\Temp



Periodic native trim disabled


---------------  S Y S T E M  ---------------

OS:
 Windows 10 , 64 bit Build 19041 (10.0.19041.6807)
OS uptime: 1 days 1:41 hours

CPU: total 8 (initial active 8) (4 cores per cpu, 2 threads per core) family 6 model 140 stepping 2 microcode 0x34, cx8, cmov, fxsr, ht, mmx, 3dnowpref, sse, sse2, sse3, ssse3, sse4.1, sse4.2, popcnt, lzcnt, tsc, tscinvbit, avx, avx2, aes, erms, clmul, bmi1, bmi2, adx, avx512f, avx512dq, avx512cd, avx512bw, avx512vl, sha, fma, vzeroupper, avx512_vpopcntdq, avx512_vpclmulqdq, avx512_vaes, avx512_vnni, clflush, clflushopt, clwb, avx512_vbmi2, avx512_vbmi
Processor Information for processor 0
  Max Mhz: 2496, Current Mhz: 2496, Mhz Limit: 2496
Processor Information for processor 1
  Max Mhz: 2496, Current Mhz: 998, Mhz Limit: 2496
Processor Information for processor 2
  Max Mhz: 2496, Current Mhz: 2496, Mhz Limit: 2496
Processor Information for processor 3
  Max Mhz: 2496, Current Mhz: 2496, Mhz Limit: 2496
Processor Information for processor 4
  Max Mhz: 2496, Current Mhz: 2496, Mhz Limit: 2496
Processor Information for processor 5
  Max Mhz: 2496, Current Mhz: 2496, Mhz Limit: 2496
Processor Information for processor 6
  Max Mhz: 2496, Current Mhz: 2496, Mhz Limit: 2496
Processor Information for processor 7
  Max Mhz: 2496, Current Mhz: 2496, Mhz Limit: 2496

Memory: 4k page, system-wide physical 3738M (189M free)
TotalPageFile size 15002M (AvailPageFile size 93M)
current process WorkingSet (physical memory assigned to process): 341M, peak: 448M
current process commit charge ("private bytes"): 631M, peak: 905M

vm_info: OpenJDK 64-Bit Server VM (17.0.18+8) for windows-amd64 JRE (17.0.18+8), built on Jan 20 2026 22:28:22 by "admin" with MS VC++ 17.12 (VS2022)

END.
