#
# There is insufficient memory for the Java Runtime Environment to continue.
# Native memory allocation (malloc) failed to allocate 1408176 bytes. Error detail: Chunk::new
# Possible reasons:
#   The system is out of physical RAM or swap space
#   This process is running with CompressedOops enabled, and the Java Heap may be blocking the growth of the native heap
# Possible solutions:
#   Reduce memory load on the system
#   Increase physical memory or swap space
#   Check if swap backing store is full
#   Decrease Java heap size (-Xmx/-Xms)
#   Decrease number of Java threads
#   Decrease Java thread stack sizes (-Xss)
#   Set larger code cache with -XX:ReservedCodeCacheSize=
#   JVM is running with Unscaled Compressed Oops mode in which the Java heap is
#     placed in the first 4GB address space. The Java Heap base address is the
#     maximum limit for the native heap growth. Please use -XX:HeapBaseMinAddress
#     to set the Java Heap base and to place the Java Heap above 4GB virtual address.
# This output file may be truncated or incomplete.
#
#  Out of Memory Error (arena.cpp:191), pid=19624, tid=8412
#
# JRE version: OpenJDK Runtime Environment Temurin-17.0.18+8 (17.0.18+8) (build 17.0.18+8)
# Java VM: OpenJDK 64-Bit Server VM Temurin-17.0.18+8 (17.0.18+8, mixed mode, sharing, tiered, compressed oops, compressed class ptrs, g1 gc, windows-amd64)
# No core dump will be written. Minidumps are not enabled by default on client versions of Windows
#

---------------  S U M M A R Y ------------

Command Line: --add-opens=java.base/java.lang=ALL-UNNAMED --add-opens=java.base/java.lang.invoke=ALL-UNNAMED --add-opens=java.base/java.util=ALL-UNNAMED --add-opens=java.prefs/java.util.prefs=ALL-UNNAMED --add-exports=jdk.compiler/com.sun.tools.javac.api=ALL-UNNAMED --add-exports=jdk.compiler/com.sun.tools.javac.util=ALL-UNNAMED --add-opens=java.base/java.util=ALL-UNNAMED --add-opens=java.prefs/java.util.prefs=ALL-UNNAMED --add-opens=java.base/java.nio.charset=ALL-UNNAMED --add-opens=java.base/java.net=ALL-UNNAMED --add-opens=java.base/java.util.concurrent=ALL-UNNAMED --add-opens=java.base/java.util.concurrent.atomic=ALL-UNNAMED --add-opens=java.xml/javax.xml.namespace=ALL-UNNAMED --add-opens=java.base/java.time=ALL-UNNAMED -Xmx2048m -Dfile.encoding=UTF-8 -Duser.country=IN -Duser.language=en -Duser.variant -javaagent:C:\Users\welcome\.gradle\wrapper\dists\gradle-9.3.1-bin\23ovyewtku6u96viwx3xl3oks\gradle-9.3.1\lib\agents\gradle-instrumentation-agent-9.3.1.jar org.gradle.launcher.daemon.bootstrap.GradleDaemon 9.3.1

Host: 11th Gen Intel(R) Core(TM) i5-1155G7 @ 2.50GHz, 8 cores, 3G,  Windows 10 , 64 bit Build 19041 (10.0.19041.6807)
Time: Thu Mar 26 11:01:53 2026 India Standard Time elapsed time: 1834.080388 seconds (0d 0h 30m 34s)

---------------  T H R E A D  ---------------

Current thread (0x000001101e5fa840):  JavaThread "C2 CompilerThread0" daemon [_thread_in_native, id=8412, stack(0x0000000971000000,0x0000000971100000)]


Current CompileTask:
C2:1834080 25657       4       com.sun.tools.javac.code.Types$ImplementationCache::get (159 bytes)

Stack: [0x0000000971000000,0x0000000971100000]
Native frames: (J=compiled Java code, j=interpreted, Vv=VM code, C=native code)
V  [jvm.dll+0x6846f9]
V  [jvm.dll+0x839ea5]
V  [jvm.dll+0x83b91e]
V  [jvm.dll+0x83bfa3]
V  [jvm.dll+0x248eff]
V  [jvm.dll+0xad496]
V  [jvm.dll+0xadb3c]
V  [jvm.dll+0x368bcf]
V  [jvm.dll+0x333055]
V  [jvm.dll+0x3324ba]
V  [jvm.dll+0x219db9]
V  [jvm.dll+0x219200]
V  [jvm.dll+0x1a4920]
V  [jvm.dll+0x22989a]
V  [jvm.dll+0x227a4b]
V  [jvm.dll+0x7f0658]
V  [jvm.dll+0x7eaaec]
V  [jvm.dll+0x6835c7]
C  [ucrtbase.dll+0x21bb2]
C  [KERNEL32.DLL+0x17374]
C  [ntdll.dll+0x4cc91]


---------------  P R O C E S S  ---------------

Threads class SMR info:
_java_thread_list=0x000001106e21ce70, length=124, elements={
0x000001107f95ee40, 0x000001101e5d4f50, 0x000001101e5d6a30, 0x000001101e5ef4d0,
0x000001101e5f1eb0, 0x000001101e5f2780, 0x000001101e5f9c40, 0x000001101e5fa840,
0x000001101e5fbf00, 0x000001101e5fcfb0, 0x000001101e8423e0, 0x000001101e8e4520,
0x000001106548a7f0, 0x00000110654e5960, 0x0000011064d76900, 0x00000110657c04a0,
0x00000110657bf060, 0x00000110657c13d0, 0x0000011066dfdf10, 0x0000011066e011b0,
0x0000011066dfe930, 0x0000011066e01bd0, 0x0000011066e04e70, 0x0000011066e04960,
0x0000011066e05380, 0x0000011066dffd70, 0x000001106408cb90, 0x0000011064091c90,
0x0000011064090850, 0x0000011067c8fbc0, 0x0000011067c8f6b0, 0x0000011067b411c0,
0x000001106408c680, 0x0000011067b45db0, 0x0000011067b43530, 0x0000011067b40290,
0x0000011067b407a0, 0x0000011067b416d0, 0x0000011067b41be0, 0x0000011067b44e80,
0x0000011067b40cb0, 0x0000011067b420f0, 0x0000011067b462c0, 0x0000011067b458a0,
0x0000011067b42600, 0x0000011067b42b10, 0x0000011067b43020, 0x0000011067b43f50,
0x0000011067b44460, 0x0000011067b45390, 0x0000011067b3ee50, 0x0000011067b467d0,
0x0000011065af8380, 0x0000011065af55f0, 0x0000011065afa6f0, 0x0000011065af50e0,
0x0000011065afb110, 0x0000011065af7450, 0x0000011065af8da0, 0x0000011065af92b0,
0x0000011065afb620, 0x0000011065af6520, 0x0000011065af97c0, 0x0000011065af9cd0,
0x0000011065afa1e0, 0x0000011065af7960, 0x0000011065af6f40, 0x0000011065afbb30,
0x0000011065afc040, 0x0000011065af4bd0, 0x0000011065afc550, 0x00000110693c0640,
0x00000110693c5c50, 0x00000110693c1570, 0x00000110693c4810, 0x00000110693c38e0,
0x00000110693c3df0, 0x00000110693c1f90, 0x00000110693c24a0, 0x00000110693c7ab0,
0x00000110693c0b50, 0x00000110693c6b80, 0x00000110693c7090, 0x00000110693c75a0,
0x00000110693c1a80, 0x00000110693c4300, 0x00000110693c7fc0, 0x00000110693c5740,
0x00000110693c29b0, 0x0000011066e00790, 0x0000011066e016c0, 0x0000011066dfda00,
0x0000011066dff350, 0x0000011066e03a30, 0x0000011066e00280, 0x0000011066e03010,
0x0000011066dfe420, 0x0000011066dff860, 0x0000011066e00ca0, 0x0000011066e020e0,
0x0000011066dfee40, 0x0000011066e03520, 0x0000011066e025f0, 0x0000011066e02b00,
0x0000011066e04450, 0x0000011066e03f40, 0x0000011067c91000, 0x0000011067c8f1a0,
0x0000011067c94cc0, 0x0000011067c8dd60, 0x0000011067c8d850, 0x0000011067c91f30,
0x0000011067c905e0, 0x0000011067c91a20, 0x0000011067c8e270, 0x0000011067c90af0,
0x0000011067c92440, 0x0000011067c92e60, 0x0000011067c93370, 0x0000011067c93d90,
0x00000110640935e0, 0x000001106408fe30, 0x0000011064090d60, 0x0000011064093af0
}

Java Threads: ( => current thread )
  0x000001107f95ee40 JavaThread "main" [_thread_blocked, id=14792, stack(0x0000000970300000,0x0000000970400000)]
  0x000001101e5d4f50 JavaThread "Reference Handler" daemon [_thread_blocked, id=7420, stack(0x0000000970a00000,0x0000000970b00000)]
  0x000001101e5d6a30 JavaThread "Finalizer" daemon [_thread_blocked, id=15140, stack(0x0000000970b00000,0x0000000970c00000)]
  0x000001101e5ef4d0 JavaThread "Signal Dispatcher" daemon [_thread_blocked, id=10280, stack(0x0000000970c00000,0x0000000970d00000)]
  0x000001101e5f1eb0 JavaThread "Attach Listener" daemon [_thread_blocked, id=21088, stack(0x0000000970d00000,0x0000000970e00000)]
  0x000001101e5f2780 JavaThread "Service Thread" daemon [_thread_blocked, id=10404, stack(0x0000000970e00000,0x0000000970f00000)]
  0x000001101e5f9c40 JavaThread "Monitor Deflation Thread" daemon [_thread_blocked, id=14640, stack(0x0000000970f00000,0x0000000971000000)]
=>0x000001101e5fa840 JavaThread "C2 CompilerThread0" daemon [_thread_in_native, id=8412, stack(0x0000000971000000,0x0000000971100000)]
  0x000001101e5fbf00 JavaThread "C1 CompilerThread0" daemon [_thread_blocked, id=14392, stack(0x0000000971100000,0x0000000971200000)]
  0x000001101e5fcfb0 JavaThread "Sweeper thread" daemon [_thread_blocked, id=12420, stack(0x0000000971200000,0x0000000971300000)]
  0x000001101e8423e0 JavaThread "Common-Cleaner" daemon [_thread_blocked, id=7160, stack(0x0000000971300000,0x0000000971400000)]
  0x000001101e8e4520 JavaThread "Notification Thread" daemon [_thread_blocked, id=6540, stack(0x0000000971400000,0x0000000971500000)]
  0x000001106548a7f0 JavaThread "Daemon health stats" [_thread_blocked, id=13816, stack(0x0000000971a00000,0x0000000971b00000)]
  0x00000110654e5960 JavaThread "Incoming local TCP Connector on port 61069" [_thread_in_native, id=3988, stack(0x0000000971b00000,0x0000000971c00000)]
  0x0000011064d76900 JavaThread "Daemon periodic checks" [_thread_blocked, id=15244, stack(0x0000000971c00000,0x0000000971d00000)]
  0x00000110657c04a0 JavaThread "Cache worker for journal cache (C:\Users\welcome\.gradle\caches\journal-1)" [_thread_blocked, id=16352, stack(0x0000000972700000,0x0000000972800000)]
  0x00000110657bf060 JavaThread "File lock request listener" [_thread_in_native, id=12940, stack(0x0000000972800000,0x0000000972900000)]
  0x00000110657c13d0 JavaThread "Cache worker for file hash cache (C:\Users\welcome\.gradle\caches\9.3.1\fileHashes)" [_thread_blocked, id=13056, stack(0x0000000972900000,0x0000000972a00000)]
  0x0000011066dfdf10 JavaThread "File watcher server" daemon [_thread_in_native, id=12832, stack(0x0000000972d00000,0x0000000972e00000)]
  0x0000011066e011b0 JavaThread "File watcher consumer" daemon [_thread_blocked, id=22100, stack(0x0000000972e00000,0x0000000972f00000)]
  0x0000011066dfe930 JavaThread "Cache worker for file content cache (C:\Users\welcome\.gradle\caches\9.3.1\fileContent)" [_thread_blocked, id=4624, stack(0x0000000973000000,0x0000000973100000)]
  0x0000011066e01bd0 JavaThread "jar transforms" [_thread_blocked, id=7028, stack(0x0000000973300000,0x0000000973400000)]
  0x0000011066e04e70 JavaThread "jar transforms Thread 2" [_thread_blocked, id=8364, stack(0x0000000973400000,0x0000000973500000)]
  0x0000011066e04960 JavaThread "jar transforms Thread 3" [_thread_blocked, id=13148, stack(0x0000000973500000,0x0000000973600000)]
  0x0000011066e05380 JavaThread "jar transforms Thread 4" [_thread_blocked, id=4164, stack(0x0000000974400000,0x0000000974500000)]
  0x0000011066dffd70 JavaThread "jar transforms Thread 5" [_thread_blocked, id=6548, stack(0x0000000974500000,0x0000000974600000)]
  0x000001106408cb90 JavaThread "jar transforms Thread 6" [_thread_blocked, id=9888, stack(0x0000000974d00000,0x0000000974e00000)]
  0x0000011064091c90 JavaThread "jar transforms Thread 7" [_thread_blocked, id=23108, stack(0x0000000974e00000,0x0000000974f00000)]
  0x0000011064090850 JavaThread "jar transforms Thread 8" [_thread_blocked, id=5532, stack(0x0000000974f00000,0x0000000975000000)]
  0x0000011067c8fbc0 JavaThread "Memory manager" [_thread_blocked, id=8968, stack(0x0000000976900000,0x0000000976a00000)]
  0x0000011067c8f6b0 JavaThread "pool-3-thread-1" [_thread_blocked, id=19388, stack(0x0000000976b00000,0x0000000976c00000)]
  0x0000011067b411c0 JavaThread "Cache worker for Java compile cache (C:\Users\welcome\.gradle\caches\9.3.1\javaCompile)" [_thread_blocked, id=1804, stack(0x0000000978600000,0x0000000978700000)]
  0x000001106408c680 JavaThread "pool-7-thread-1" [_thread_blocked, id=8956, stack(0x0000000975800000,0x0000000975900000)]
  0x0000011067b45db0 JavaThread "pool-10-thread-1" [_thread_blocked, id=9684, stack(0x0000000974800000,0x0000000974900000)]
  0x0000011067b43530 JavaThread "Daemon Thread 4" [_thread_blocked, id=11924, stack(0x0000000970000000,0x0000000970100000)]
  0x0000011067b40290 JavaThread "Handler for socket connection from /127.0.0.1:61069 to /127.0.0.1:61753" [_thread_in_native, id=14056, stack(0x0000000970100000,0x0000000970200000)]
  0x0000011067b407a0 JavaThread "Cancel handler" [_thread_blocked, id=17836, stack(0x0000000970200000,0x0000000970300000)]
  0x0000011067b416d0 JavaThread "Daemon worker Thread 4" [_thread_blocked, id=22088, stack(0x0000000972000000,0x0000000972100000)]
  0x0000011067b41be0 JavaThread "Asynchronous log dispatcher for DefaultDaemonConnection: socket connection from /127.0.0.1:61069 to /127.0.0.1:61753" [_thread_blocked, id=17076, stack(0x0000000972100000,0x0000000972200000)]
  0x0000011067b44e80 JavaThread "Stdin handler" [_thread_blocked, id=12204, stack(0x0000000972200000,0x0000000972300000)]
  0x0000011067b40cb0 JavaThread "Daemon client event forwarder" [_thread_blocked, id=19060, stack(0x0000000972300000,0x0000000972400000)]
  0x0000011067b420f0 JavaThread "Cache worker for file hash cache (C:\Users\welcome\AndroidStudioProjects\mindguardaipsychologicalsupportapp\.gradle\9.3.1\fileHashes)" [_thread_blocked, id=15548, stack(0x0000000972400000,0x0000000972500000)]
  0x0000011067b462c0 JavaThread "Cache worker for Build Output Cleanup Cache (C:\Users\welcome\AndroidStudioProjects\mindguardaipsychologicalsupportapp\.gradle\buildOutputCleanup)" [_thread_blocked, id=9792, stack(0x0000000972500000,0x0000000972600000)]
  0x0000011067b458a0 JavaThread "Cache worker for checksums cache (C:\Users\welcome\AndroidStudioProjects\mindguardaipsychologicalsupportapp\.gradle\9.3.1\checksums)" [_thread_blocked, id=11040, stack(0x0000000972600000,0x0000000972700000)]
  0x0000011067b42600 JavaThread "Cache worker for cache directory md-supplier (C:\Users\welcome\.gradle\caches\9.3.1\md-supplier)" [_thread_blocked, id=14652, stack(0x0000000972b00000,0x0000000972c00000)]
  0x0000011067b42b10 JavaThread "Cache worker for cache directory md-rule (C:\Users\welcome\.gradle\caches\9.3.1\md-rule)" [_thread_blocked, id=10736, stack(0x0000000972c00000,0x0000000972d00000)]
  0x0000011067b43020 JavaThread "Unconstrained build operations" [_thread_blocked, id=21052, stack(0x0000000972f00000,0x0000000973000000)]
  0x0000011067b43f50 JavaThread "Unconstrained build operations Thread 2" [_thread_blocked, id=9160, stack(0x0000000973100000,0x0000000973200000)]
  0x0000011067b44460 JavaThread "Unconstrained build operations Thread 3" [_thread_blocked, id=19116, stack(0x0000000973200000,0x0000000973300000)]
  0x0000011067b45390 JavaThread "Unconstrained build operations Thread 4" [_thread_blocked, id=17664, stack(0x0000000973600000,0x0000000973700000)]
  0x0000011067b3ee50 JavaThread "Unconstrained build operations Thread 5" [_thread_blocked, id=10148, stack(0x0000000973700000,0x0000000973800000)]
  0x0000011067b467d0 JavaThread "Unconstrained build operations Thread 6" [_thread_blocked, id=1584, stack(0x0000000973800000,0x0000000973900000)]
  0x0000011065af8380 JavaThread "Unconstrained build operations Thread 7" [_thread_blocked, id=15280, stack(0x0000000973900000,0x0000000973a00000)]
  0x0000011065af55f0 JavaThread "Unconstrained build operations Thread 8" [_thread_blocked, id=18048, stack(0x0000000973a00000,0x0000000973b00000)]
  0x0000011065afa6f0 JavaThread "Unconstrained build operations Thread 9" [_thread_blocked, id=17620, stack(0x0000000973b00000,0x0000000973c00000)]
  0x0000011065af50e0 JavaThread "Unconstrained build operations Thread 10" [_thread_blocked, id=8672, stack(0x0000000973c00000,0x0000000973d00000)]
  0x0000011065afb110 JavaThread "Unconstrained build operations Thread 11" [_thread_blocked, id=15868, stack(0x0000000973d00000,0x0000000973e00000)]
  0x0000011065af7450 JavaThread "Unconstrained build operations Thread 12" [_thread_blocked, id=6736, stack(0x0000000973e00000,0x0000000973f00000)]
  0x0000011065af8da0 JavaThread "Unconstrained build operations Thread 13" [_thread_blocked, id=23012, stack(0x0000000973f00000,0x0000000974000000)]
  0x0000011065af92b0 JavaThread "Unconstrained build operations Thread 14" [_thread_blocked, id=8440, stack(0x0000000974000000,0x0000000974100000)]
  0x0000011065afb620 JavaThread "Unconstrained build operations Thread 15" [_thread_blocked, id=1656, stack(0x0000000974100000,0x0000000974200000)]
  0x0000011065af6520 JavaThread "Unconstrained build operations Thread 16" [_thread_blocked, id=15876, stack(0x0000000974200000,0x0000000974300000)]
  0x0000011065af97c0 JavaThread "Unconstrained build operations Thread 17" [_thread_blocked, id=16940, stack(0x0000000974300000,0x0000000974400000)]
  0x0000011065af9cd0 JavaThread "Unconstrained build operations Thread 18" [_thread_blocked, id=6764, stack(0x0000000974600000,0x0000000974700000)]
  0x0000011065afa1e0 JavaThread "Unconstrained build operations Thread 19" [_thread_blocked, id=14668, stack(0x0000000974700000,0x0000000974800000)]
  0x0000011065af7960 JavaThread "Unconstrained build operations Thread 20" [_thread_blocked, id=7996, stack(0x0000000974900000,0x0000000974a00000)]
  0x0000011065af6f40 JavaThread "Unconstrained build operations Thread 21" [_thread_blocked, id=5628, stack(0x0000000974a00000,0x0000000974b00000)]
  0x0000011065afbb30 JavaThread "Unconstrained build operations Thread 22" [_thread_blocked, id=12476, stack(0x0000000974b00000,0x0000000974c00000)]
  0x0000011065afc040 JavaThread "Unconstrained build operations Thread 23" [_thread_blocked, id=1968, stack(0x0000000974c00000,0x0000000974d00000)]
  0x0000011065af4bd0 JavaThread "Unconstrained build operations Thread 24" [_thread_blocked, id=2740, stack(0x0000000975000000,0x0000000975100000)]
  0x0000011065afc550 JavaThread "Unconstrained build operations Thread 25" [_thread_blocked, id=22132, stack(0x0000000975100000,0x0000000975200000)]
  0x00000110693c0640 JavaThread "Unconstrained build operations Thread 26" [_thread_blocked, id=20208, stack(0x0000000975200000,0x0000000975300000)]
  0x00000110693c5c50 JavaThread "Unconstrained build operations Thread 27" [_thread_blocked, id=20216, stack(0x0000000975300000,0x0000000975400000)]
  0x00000110693c1570 JavaThread "Unconstrained build operations Thread 28" [_thread_blocked, id=4284, stack(0x0000000975400000,0x0000000975500000)]
  0x00000110693c4810 JavaThread "Unconstrained build operations Thread 29" [_thread_blocked, id=6636, stack(0x0000000975500000,0x0000000975600000)]
  0x00000110693c38e0 JavaThread "Unconstrained build operations Thread 30" [_thread_blocked, id=16344, stack(0x0000000975600000,0x0000000975700000)]
  0x00000110693c3df0 JavaThread "build event listener" [_thread_blocked, id=1208, stack(0x0000000975700000,0x0000000975800000)]
  0x00000110693c1f90 JavaThread "build event listener" [_thread_blocked, id=16164, stack(0x0000000975900000,0x0000000975a00000)]
  0x00000110693c24a0 JavaThread "pool-13-thread-1" [_thread_blocked, id=22420, stack(0x0000000975a00000,0x0000000975b00000)]
  0x00000110693c7ab0 JavaThread "build event listener" [_thread_blocked, id=21344, stack(0x0000000975b00000,0x0000000975c00000)]
  0x00000110693c0b50 JavaThread "included builds" [_thread_blocked, id=4952, stack(0x0000000975c00000,0x0000000975d00000)]
  0x00000110693c6b80 JavaThread "Execution worker" [_thread_blocked, id=6756, stack(0x0000000975d00000,0x0000000975e00000)]
  0x00000110693c7090 JavaThread "Execution worker Thread 2" [_thread_blocked, id=8816, stack(0x0000000975e00000,0x0000000975f00000)]
  0x00000110693c75a0 JavaThread "Execution worker Thread 3" [_thread_blocked, id=21164, stack(0x0000000975f00000,0x0000000976000000)]
  0x00000110693c1a80 JavaThread "Execution worker Thread 4" [_thread_in_native, id=11796, stack(0x0000000976000000,0x0000000976100000)]
  0x00000110693c4300 JavaThread "Execution worker Thread 5" [_thread_blocked, id=8020, stack(0x0000000976100000,0x0000000976200000)]
  0x00000110693c7fc0 JavaThread "Execution worker Thread 6" [_thread_blocked, id=21316, stack(0x0000000976200000,0x0000000976300000)]
  0x00000110693c5740 JavaThread "Execution worker Thread 7" [_thread_in_vm, id=21544, stack(0x0000000976300000,0x0000000976400000)]
  0x00000110693c29b0 JavaThread "Cache worker for execution history cache (C:\Users\welcome\AndroidStudioProjects\mindguardaipsychologicalsupportapp\.gradle\9.3.1\executionHistory)" [_thread_blocked, id=12564, stack(0x0000000976400000,0x0000000976500000)]
  0x0000011066e00790 JavaThread "Unconstrained build operations Thread 31" [_thread_blocked, id=15332, stack(0x0000000976600000,0x0000000976700000)]
  0x0000011066e016c0 JavaThread "Unconstrained build operations Thread 32" [_thread_blocked, id=16056, stack(0x0000000976700000,0x0000000976800000)]
  0x0000011066dfda00 JavaThread "Unconstrained build operations Thread 33" [_thread_blocked, id=9460, stack(0x0000000976800000,0x0000000976900000)]
  0x0000011066dff350 JavaThread "Unconstrained build operations Thread 34" [_thread_blocked, id=6304, stack(0x0000000976a00000,0x0000000976b00000)]
  0x0000011066e03a30 JavaThread "Unconstrained build operations Thread 35" [_thread_blocked, id=7680, stack(0x0000000976c00000,0x0000000976d00000)]
  0x0000011066e00280 JavaThread "Unconstrained build operations Thread 36" [_thread_blocked, id=21920, stack(0x0000000976d00000,0x0000000976e00000)]
  0x0000011066e03010 JavaThread "Unconstrained build operations Thread 37" [_thread_blocked, id=16624, stack(0x0000000976e00000,0x0000000976f00000)]
  0x0000011066dfe420 JavaThread "WorkerExecutor Queue" [_thread_blocked, id=2400, stack(0x0000000976f00000,0x0000000977000000)]
  0x0000011066dff860 JavaThread "Unconstrained build operations Thread 38" [_thread_blocked, id=9552, stack(0x0000000977000000,0x0000000977100000)]
  0x0000011066e00ca0 JavaThread "Unconstrained build operations Thread 39" [_thread_blocked, id=21956, stack(0x0000000977100000,0x0000000977200000)]
  0x0000011066e020e0 JavaThread "Unconstrained build operations Thread 40" [_thread_blocked, id=16312, stack(0x0000000977200000,0x0000000977300000)]
  0x0000011066dfee40 JavaThread "Unconstrained build operations Thread 41" [_thread_blocked, id=17172, stack(0x0000000977300000,0x0000000977400000)]
  0x0000011066e03520 JavaThread "Unconstrained build operations Thread 42" [_thread_blocked, id=20476, stack(0x0000000977400000,0x0000000977500000)]
  0x0000011066e025f0 JavaThread "Unconstrained build operations Thread 43" [_thread_blocked, id=3960, stack(0x0000000977500000,0x0000000977600000)]
  0x0000011066e02b00 JavaThread "Unconstrained build operations Thread 44" [_thread_blocked, id=16128, stack(0x0000000977600000,0x0000000977700000)]
  0x0000011066e04450 JavaThread "Unconstrained build operations Thread 45" [_thread_blocked, id=10672, stack(0x0000000977700000,0x0000000977800000)]
  0x0000011066e03f40 JavaThread "WorkerExecutor Queue Thread 2" [_thread_blocked, id=15980, stack(0x0000000977800000,0x0000000977900000)]
  0x0000011067c91000 JavaThread "WorkerExecutor Queue Thread 3" [_thread_blocked, id=14780, stack(0x0000000977900000,0x0000000977a00000)]
  0x0000011067c8f1a0 JavaThread "WorkerExecutor Queue Thread 4" [_thread_blocked, id=4436, stack(0x0000000977a00000,0x0000000977b00000)]
  0x0000011067c94cc0 JavaThread "WorkerExecutor Queue Thread 5" [_thread_in_Java, id=10768, stack(0x0000000977b00000,0x0000000977c00000)]
  0x0000011067c8dd60 JavaThread "WorkerExecutor Queue Thread 6" [_thread_blocked, id=10592, stack(0x0000000977c00000,0x0000000977d00000)]
  0x0000011067c8d850 JavaThread "WorkerExecutor Queue Thread 7" [_thread_blocked, id=5808, stack(0x0000000977d00000,0x0000000977e00000)]
  0x0000011067c91f30 JavaThread "WorkerExecutor Queue Thread 8" [_thread_blocked, id=21556, stack(0x0000000977e00000,0x0000000977f00000)]
  0x0000011067c905e0 JavaThread "pool-14-thread-1" [_thread_blocked, id=3860, stack(0x0000000977f00000,0x0000000978000000)]
  0x0000011067c91a20 JavaThread "stderr" [_thread_in_native, id=8232, stack(0x0000000978000000,0x0000000978100000)]
  0x0000011067c8e270 JavaThread "stdout" [_thread_in_native, id=12524, stack(0x0000000978100000,0x0000000978200000)]
  0x0000011067c90af0 JavaThread "Unconstrained build operations Thread 46" [_thread_blocked, id=9952, stack(0x0000000978200000,0x0000000978300000)]
  0x0000011067c92440 JavaThread "Unconstrained build operations Thread 47" [_thread_blocked, id=17264, stack(0x0000000978300000,0x0000000978400000)]
  0x0000011067c92e60 JavaThread "Build operations" [_thread_blocked, id=19376, stack(0x0000000978400000,0x0000000978500000)]
  0x0000011067c93370 JavaThread "Build operations Thread 2" [_thread_blocked, id=6792, stack(0x0000000978500000,0x0000000978600000)]
  0x0000011067c93d90 JavaThread "Build operations Thread 3" [_thread_blocked, id=3404, stack(0x0000000978700000,0x0000000978800000)]
  0x00000110640935e0 JavaThread "Build operations Thread 4" [_thread_blocked, id=12452, stack(0x0000000978800000,0x0000000978900000)]
  0x000001106408fe30 JavaThread "Build operations Thread 5" [_thread_blocked, id=10844, stack(0x0000000978900000,0x0000000978a00000)]
  0x0000011064090d60 JavaThread "Build operations Thread 6" [_thread_blocked, id=10800, stack(0x0000000978a00000,0x0000000978b00000)]
  0x0000011064093af0 JavaThread "Build operations Thread 7" [_thread_blocked, id=3712, stack(0x0000000978b00000,0x0000000978c00000)]

Other Threads:
  0x000001101e5d0cd0 VMThread "VM Thread" [stack: 0x0000000970900000,0x0000000970a00000] [id=12920]
  0x000001107f95fd10 WatcherThread [stack: 0x0000000971500000,0x0000000971600000] [id=12008]
  0x000001107f9bc020 GCTaskThread "GC Thread#0" [stack: 0x0000000970400000,0x0000000970500000] [id=10096]
  0x000001101eb8ec40 GCTaskThread "GC Thread#1" [stack: 0x0000000971600000,0x0000000971700000] [id=23016]
  0x000001101eb8be70 GCTaskThread "GC Thread#2" [stack: 0x0000000971700000,0x0000000971800000] [id=18796]
  0x0000011064308870 GCTaskThread "GC Thread#3" [stack: 0x0000000971800000,0x0000000971900000] [id=9716]
  0x00000110648f3e40 GCTaskThread "GC Thread#4" [stack: 0x0000000971900000,0x0000000971a00000] [id=19080]
  0x0000011065253980 GCTaskThread "GC Thread#5" [stack: 0x0000000971d00000,0x0000000971e00000] [id=12448]
  0x0000011065254450 GCTaskThread "GC Thread#6" [stack: 0x0000000971e00000,0x0000000971f00000] [id=12032]
  0x0000011065826c30 GCTaskThread "GC Thread#7" [stack: 0x0000000971f00000,0x0000000972000000] [id=11836]
  0x000001107f9cd620 ConcurrentGCThread "G1 Main Marker" [stack: 0x0000000970500000,0x0000000970600000] [id=20040]
  0x000001107f9cdf50 ConcurrentGCThread "G1 Conc#0" [stack: 0x0000000970600000,0x0000000970700000] [id=4508]
  0x00000110663d1050 ConcurrentGCThread "G1 Conc#1" [stack: 0x0000000972a00000,0x0000000972b00000] [id=8772]
  0x000001107fa1dcb0 ConcurrentGCThread "G1 Refine#0" [stack: 0x0000000970700000,0x0000000970800000] [id=19064]
  0x000001107fa1e5f0 ConcurrentGCThread "G1 Service" [stack: 0x0000000970800000,0x0000000970900000] [id=12052]

Threads with active compile tasks:
C2 CompilerThread0  1834172 25657       4       com.sun.tools.javac.code.Types$ImplementationCache::get (159 bytes)

VM state: not at safepoint (normal execution)

VM Mutex/Monitor currently owned by a thread:  ([mutex/lock_event])
[0x000001107f958760] SystemDictionary_lock - owner thread: 0x00000110693c5740

Heap address: 0x0000000080000000, size: 2048 MB, Compressed Oops mode: 32-bit

CDS archive(s) mapped at: [0x000001101f000000-0x000001101fbb0000-0x000001101fbb0000), size 12255232, SharedBaseAddress: 0x000001101f000000, ArchiveRelocationMode: 1.
Compressed class space mapped at: 0x0000011020000000-0x0000011060000000, reserved size: 1073741824
Narrow klass base: 0x000001101f000000, Narrow klass shift: 0, Narrow klass range: 0x100000000

GC Precious Log:
 CPUs: 8 total, 8 available
 Memory: 3738M
 Large Page Support: Disabled
 NUMA Support: Disabled
 Compressed Oops: Enabled (32-bit)
 Heap Region Size: 1M
 Heap Min Capacity: 8M
 Heap Initial Capacity: 60M
 Heap Max Capacity: 2G
 Pre-touch: Disabled
 Parallel Workers: 8
 Concurrent Workers: 2
 Concurrent Refinement Workers: 8
 Periodic GC: Disabled

Heap:
 garbage-first heap   total 365568K, used 285028K [0x0000000080000000, 0x0000000100000000)
  region size 1024K, 105 young (107520K), 8 survivors (8192K)
 Metaspace       used 151114K, committed 152576K, reserved 1245184K
  class space    used 20199K, committed 20928K, reserved 1048576K

Heap Regions: E=young(eden), S=young(survivor), O=old, HS=humongous(starts), HC=humongous(continues), CS=collection set, F=free, OA=open archive, CA=closed archive, TAMS=top-at-mark-start (previous, next)
|   0|0x0000000080000000, 0x0000000080100000, 0x0000000080100000|100%|HS|  |TAMS 0x0000000080100000, 0x0000000080000000| Complete 
|   1|0x0000000080100000, 0x0000000080200000, 0x0000000080200000|100%|HC|  |TAMS 0x0000000080200000, 0x0000000080100000| Complete 
|   2|0x0000000080200000, 0x0000000080300000, 0x0000000080300000|100%|HC|  |TAMS 0x0000000080300000, 0x0000000080200000| Complete 
|   3|0x0000000080300000, 0x0000000080400000, 0x0000000080400000|100%|HC|  |TAMS 0x0000000080400000, 0x0000000080300000| Complete 
|   4|0x0000000080400000, 0x0000000080500000, 0x0000000080500000|100%| O|  |TAMS 0x0000000080500000, 0x0000000080400000| Untracked 
|   5|0x0000000080500000, 0x0000000080600000, 0x0000000080600000|100%| O|  |TAMS 0x0000000080600000, 0x0000000080500000| Untracked 
|   6|0x0000000080600000, 0x0000000080700000, 0x0000000080700000|100%| O|  |TAMS 0x0000000080700000, 0x0000000080600000| Untracked 
|   7|0x0000000080700000, 0x0000000080800000, 0x0000000080800000|100%| O|  |TAMS 0x0000000080800000, 0x0000000080700000| Untracked 
|   8|0x0000000080800000, 0x0000000080900000, 0x0000000080900000|100%| O|  |TAMS 0x0000000080900000, 0x0000000080800000| Untracked 
|   9|0x0000000080900000, 0x0000000080a00000, 0x0000000080a00000|100%| O|  |TAMS 0x0000000080a00000, 0x0000000080900000| Untracked 
|  10|0x0000000080a00000, 0x0000000080b00000, 0x0000000080b00000|100%| O|  |TAMS 0x0000000080b00000, 0x0000000080a00000| Untracked 
|  11|0x0000000080b00000, 0x0000000080c00000, 0x0000000080c00000|100%| O|  |TAMS 0x0000000080c00000, 0x0000000080b00000| Untracked 
|  12|0x0000000080c00000, 0x0000000080d00000, 0x0000000080d00000|100%|HS|  |TAMS 0x0000000080d00000, 0x0000000080c00000| Complete 
|  13|0x0000000080d00000, 0x0000000080e00000, 0x0000000080e00000|100%| O|  |TAMS 0x0000000080e00000, 0x0000000080d00000| Untracked 
|  14|0x0000000080e00000, 0x0000000080f00000, 0x0000000080f00000|100%| O|  |TAMS 0x0000000080f00000, 0x0000000080e00000| Untracked 
|  15|0x0000000080f00000, 0x0000000081000000, 0x0000000081000000|100%| O|  |TAMS 0x0000000081000000, 0x0000000080f00000| Untracked 
|  16|0x0000000081000000, 0x0000000081100000, 0x0000000081100000|100%| O|  |TAMS 0x0000000081100000, 0x0000000081000000| Untracked 
|  17|0x0000000081100000, 0x0000000081200000, 0x0000000081200000|100%| O|  |TAMS 0x0000000081200000, 0x0000000081100000| Untracked 
|  18|0x0000000081200000, 0x0000000081300000, 0x0000000081300000|100%| O|  |TAMS 0x0000000081300000, 0x0000000081200000| Untracked 
|  19|0x0000000081300000, 0x0000000081400000, 0x0000000081400000|100%| O|  |TAMS 0x0000000081400000, 0x0000000081300000| Untracked 
|  20|0x0000000081400000, 0x0000000081500000, 0x0000000081500000|100%| O|  |TAMS 0x0000000081500000, 0x0000000081400000| Untracked 
|  21|0x0000000081500000, 0x0000000081600000, 0x0000000081600000|100%| O|  |TAMS 0x0000000081600000, 0x0000000081500000| Untracked 
|  22|0x0000000081600000, 0x0000000081700000, 0x0000000081700000|100%| O|  |TAMS 0x0000000081700000, 0x0000000081600000| Untracked 
|  23|0x0000000081700000, 0x0000000081800000, 0x0000000081800000|100%| O|  |TAMS 0x0000000081800000, 0x0000000081700000| Untracked 
|  24|0x0000000081800000, 0x0000000081900000, 0x0000000081900000|100%| O|  |TAMS 0x0000000081900000, 0x0000000081800000| Untracked 
|  25|0x0000000081900000, 0x0000000081a00000, 0x0000000081a00000|100%| O|  |TAMS 0x0000000081a00000, 0x0000000081900000| Untracked 
|  26|0x0000000081a00000, 0x0000000081b00000, 0x0000000081b00000|100%| O|  |TAMS 0x0000000081b00000, 0x0000000081a00000| Untracked 
|  27|0x0000000081b00000, 0x0000000081c00000, 0x0000000081c00000|100%| O|  |TAMS 0x0000000081c00000, 0x0000000081b00000| Untracked 
|  28|0x0000000081c00000, 0x0000000081d00000, 0x0000000081d00000|100%| O|  |TAMS 0x0000000081d00000, 0x0000000081c00000| Untracked 
|  29|0x0000000081d00000, 0x0000000081e00000, 0x0000000081e00000|100%| O|  |TAMS 0x0000000081e00000, 0x0000000081d00000| Untracked 
|  30|0x0000000081e00000, 0x0000000081f00000, 0x0000000081f00000|100%|HS|  |TAMS 0x0000000081f00000, 0x0000000081e00000| Complete 
|  31|0x0000000081f00000, 0x0000000082000000, 0x0000000082000000|100%|HC|  |TAMS 0x0000000082000000, 0x0000000081f00000| Complete 
|  32|0x0000000082000000, 0x0000000082100000, 0x0000000082100000|100%| O|  |TAMS 0x0000000082100000, 0x0000000082000000| Untracked 
|  33|0x0000000082100000, 0x0000000082200000, 0x0000000082200000|100%| O|  |TAMS 0x0000000082200000, 0x0000000082100000| Untracked 
|  34|0x0000000082200000, 0x0000000082300000, 0x0000000082300000|100%| O|  |TAMS 0x0000000082300000, 0x0000000082200000| Untracked 
|  35|0x0000000082300000, 0x0000000082400000, 0x0000000082400000|100%| O|  |TAMS 0x0000000082400000, 0x0000000082300000| Untracked 
|  36|0x0000000082400000, 0x0000000082500000, 0x0000000082500000|100%| O|  |TAMS 0x0000000082500000, 0x0000000082400000| Untracked 
|  37|0x0000000082500000, 0x0000000082600000, 0x0000000082600000|100%| O|  |TAMS 0x0000000082600000, 0x0000000082500000| Untracked 
|  38|0x0000000082600000, 0x0000000082700000, 0x0000000082700000|100%| O|  |TAMS 0x0000000082700000, 0x0000000082600000| Untracked 
|  39|0x0000000082700000, 0x0000000082800000, 0x0000000082800000|100%| O|  |TAMS 0x0000000082800000, 0x0000000082700000| Untracked 
|  40|0x0000000082800000, 0x0000000082900000, 0x0000000082900000|100%| O|  |TAMS 0x0000000082900000, 0x0000000082800000| Untracked 
|  41|0x0000000082900000, 0x0000000082a00000, 0x0000000082a00000|100%| O|  |TAMS 0x0000000082a00000, 0x0000000082900000| Untracked 
|  42|0x0000000082a00000, 0x0000000082b00000, 0x0000000082b00000|100%| O|  |TAMS 0x0000000082b00000, 0x0000000082a00000| Untracked 
|  43|0x0000000082b00000, 0x0000000082c00000, 0x0000000082c00000|100%| O|  |TAMS 0x0000000082c00000, 0x0000000082b00000| Untracked 
|  44|0x0000000082c00000, 0x0000000082d00000, 0x0000000082d00000|100%| O|  |TAMS 0x0000000082d00000, 0x0000000082c00000| Untracked 
|  45|0x0000000082d00000, 0x0000000082d00000, 0x0000000082e00000|  0%| F|  |TAMS 0x0000000082d00000, 0x0000000082d00000| Untracked 
|  46|0x0000000082e00000, 0x0000000082f00000, 0x0000000082f00000|100%| O|  |TAMS 0x0000000082f00000, 0x0000000082e00000| Untracked 
|  47|0x0000000082f00000, 0x0000000083000000, 0x0000000083000000|100%|HS|  |TAMS 0x0000000083000000, 0x0000000082f00000| Complete 
|  48|0x0000000083000000, 0x0000000083100000, 0x0000000083100000|100%|HS|  |TAMS 0x0000000083100000, 0x0000000083000000| Complete 
|  49|0x0000000083100000, 0x0000000083200000, 0x0000000083200000|100%|HS|  |TAMS 0x0000000083200000, 0x0000000083100000| Complete 
|  50|0x0000000083200000, 0x0000000083300000, 0x0000000083300000|100%|HC|  |TAMS 0x0000000083300000, 0x0000000083200000| Complete 
|  51|0x0000000083300000, 0x0000000083400000, 0x0000000083400000|100%| O|  |TAMS 0x0000000083400000, 0x0000000083300000| Untracked 
|  52|0x0000000083400000, 0x0000000083500000, 0x0000000083500000|100%| O|  |TAMS 0x0000000083500000, 0x0000000083400000| Untracked 
|  53|0x0000000083500000, 0x0000000083600000, 0x0000000083600000|100%|HS|  |TAMS 0x0000000083600000, 0x0000000083500000| Complete 
|  54|0x0000000083600000, 0x0000000083700000, 0x0000000083700000|100%|HS|  |TAMS 0x0000000083700000, 0x0000000083600000| Complete 
|  55|0x0000000083700000, 0x0000000083800000, 0x0000000083800000|100%|HS|  |TAMS 0x0000000083800000, 0x0000000083700000| Complete 
|  56|0x0000000083800000, 0x0000000083900000, 0x0000000083900000|100%| O|  |TAMS 0x0000000083900000, 0x0000000083800000| Untracked 
|  57|0x0000000083900000, 0x0000000083a00000, 0x0000000083a00000|100%| O|  |TAMS 0x0000000083a00000, 0x0000000083900000| Untracked 
|  58|0x0000000083a00000, 0x0000000083b00000, 0x0000000083b00000|100%| O|  |TAMS 0x0000000083b00000, 0x0000000083a00000| Untracked 
|  59|0x0000000083b00000, 0x0000000083c00000, 0x0000000083c00000|100%| O|  |TAMS 0x0000000083c00000, 0x0000000083b00000| Untracked 
|  60|0x0000000083c00000, 0x0000000083d00000, 0x0000000083d00000|100%| O|  |TAMS 0x0000000083d00000, 0x0000000083c00000| Untracked 
|  61|0x0000000083d00000, 0x0000000083e00000, 0x0000000083e00000|100%| O|  |TAMS 0x0000000083e00000, 0x0000000083d00000| Untracked 
|  62|0x0000000083e00000, 0x0000000083f00000, 0x0000000083f00000|100%| O|  |TAMS 0x0000000083f00000, 0x0000000083e00000| Untracked 
|  63|0x0000000083f00000, 0x0000000084000000, 0x0000000084000000|100%| O|  |TAMS 0x0000000084000000, 0x0000000083f00000| Untracked 
|  64|0x0000000084000000, 0x0000000084100000, 0x0000000084100000|100%|HS|  |TAMS 0x0000000084100000, 0x0000000084000000| Complete 
|  65|0x0000000084100000, 0x0000000084200000, 0x0000000084200000|100%| O|  |TAMS 0x0000000084200000, 0x0000000084100000| Untracked 
|  66|0x0000000084200000, 0x0000000084300000, 0x0000000084300000|100%| O|  |TAMS 0x0000000084300000, 0x0000000084200000| Untracked 
|  67|0x0000000084300000, 0x0000000084400000, 0x0000000084400000|100%| O|  |TAMS 0x0000000084400000, 0x0000000084300000| Untracked 
|  68|0x0000000084400000, 0x0000000084500000, 0x0000000084500000|100%|HS|  |TAMS 0x0000000084500000, 0x0000000084400000| Complete 
|  69|0x0000000084500000, 0x0000000084600000, 0x0000000084600000|100%|HC|  |TAMS 0x0000000084600000, 0x0000000084500000| Complete 
|  70|0x0000000084600000, 0x0000000084700000, 0x0000000084700000|100%| O|  |TAMS 0x0000000084700000, 0x0000000084600000| Untracked 
|  71|0x0000000084700000, 0x0000000084800000, 0x0000000084800000|100%| O|  |TAMS 0x0000000084800000, 0x0000000084700000| Untracked 
|  72|0x0000000084800000, 0x0000000084900000, 0x0000000084900000|100%| O|  |TAMS 0x0000000084900000, 0x0000000084800000| Untracked 
|  73|0x0000000084900000, 0x0000000084a00000, 0x0000000084a00000|100%| O|  |TAMS 0x0000000084a00000, 0x0000000084900000| Untracked 
|  74|0x0000000084a00000, 0x0000000084b00000, 0x0000000084b00000|100%| O|  |TAMS 0x0000000084b00000, 0x0000000084a00000| Untracked 
|  75|0x0000000084b00000, 0x0000000084c00000, 0x0000000084c00000|100%|HS|  |TAMS 0x0000000084c00000, 0x0000000084b00000| Complete 
|  76|0x0000000084c00000, 0x0000000084d00000, 0x0000000084d00000|100%| O|  |TAMS 0x0000000084d00000, 0x0000000084c00000| Untracked 
|  77|0x0000000084d00000, 0x0000000084e00000, 0x0000000084e00000|100%| O|  |TAMS 0x0000000084e00000, 0x0000000084d00000| Untracked 
|  78|0x0000000084e00000, 0x0000000084f00000, 0x0000000084f00000|100%| O|  |TAMS 0x0000000084f00000, 0x0000000084e00000| Untracked 
|  79|0x0000000084f00000, 0x0000000085000000, 0x0000000085000000|100%| O|  |TAMS 0x0000000085000000, 0x0000000084f00000| Untracked 
|  80|0x0000000085000000, 0x0000000085100000, 0x0000000085100000|100%| O|  |TAMS 0x0000000085100000, 0x0000000085000000| Untracked 
|  81|0x0000000085100000, 0x0000000085200000, 0x0000000085200000|100%| O|  |TAMS 0x0000000085200000, 0x0000000085100000| Untracked 
|  82|0x0000000085200000, 0x0000000085300000, 0x0000000085300000|100%| O|  |TAMS 0x0000000085300000, 0x0000000085200000| Untracked 
|  83|0x0000000085300000, 0x0000000085400000, 0x0000000085400000|100%| O|  |TAMS 0x0000000085400000, 0x0000000085300000| Untracked 
|  84|0x0000000085400000, 0x0000000085500000, 0x0000000085500000|100%| O|  |TAMS 0x0000000085500000, 0x0000000085400000| Untracked 
|  85|0x0000000085500000, 0x0000000085600000, 0x0000000085600000|100%| O|  |TAMS 0x0000000085600000, 0x0000000085500000| Untracked 
|  86|0x0000000085600000, 0x0000000085700000, 0x0000000085700000|100%| O|  |TAMS 0x0000000085700000, 0x0000000085600000| Untracked 
|  87|0x0000000085700000, 0x0000000085800000, 0x0000000085800000|100%| O|  |TAMS 0x0000000085800000, 0x0000000085700000| Untracked 
|  88|0x0000000085800000, 0x0000000085900000, 0x0000000085900000|100%| O|  |TAMS 0x0000000085900000, 0x0000000085800000| Untracked 
|  89|0x0000000085900000, 0x0000000085a00000, 0x0000000085a00000|100%| O|  |TAMS 0x0000000085a00000, 0x0000000085900000| Untracked 
|  90|0x0000000085a00000, 0x0000000085b00000, 0x0000000085b00000|100%| O|  |TAMS 0x0000000085b00000, 0x0000000085a00000| Untracked 
|  91|0x0000000085b00000, 0x0000000085c00000, 0x0000000085c00000|100%| O|  |TAMS 0x0000000085c00000, 0x0000000085b00000| Untracked 
|  92|0x0000000085c00000, 0x0000000085d00000, 0x0000000085d00000|100%| O|  |TAMS 0x0000000085d00000, 0x0000000085c00000| Untracked 
|  93|0x0000000085d00000, 0x0000000085e00000, 0x0000000085e00000|100%| O|  |TAMS 0x0000000085e00000, 0x0000000085d00000| Untracked 
|  94|0x0000000085e00000, 0x0000000085f00000, 0x0000000085f00000|100%| O|  |TAMS 0x0000000085f00000, 0x0000000085e00000| Untracked 
|  95|0x0000000085f00000, 0x0000000086000000, 0x0000000086000000|100%| O|  |TAMS 0x0000000086000000, 0x0000000085f00000| Untracked 
|  96|0x0000000086000000, 0x0000000086100000, 0x0000000086100000|100%| O|  |TAMS 0x0000000086100000, 0x0000000086000000| Untracked 
|  97|0x0000000086100000, 0x0000000086200000, 0x0000000086200000|100%| O|  |TAMS 0x0000000086200000, 0x0000000086100000| Untracked 
|  98|0x0000000086200000, 0x0000000086300000, 0x0000000086300000|100%| O|  |TAMS 0x0000000086300000, 0x0000000086200000| Untracked 
|  99|0x0000000086300000, 0x0000000086400000, 0x0000000086400000|100%| O|  |TAMS 0x0000000086400000, 0x0000000086300000| Untracked 
| 100|0x0000000086400000, 0x0000000086500000, 0x0000000086500000|100%|HS|  |TAMS 0x0000000086400000, 0x0000000086400000| Complete 
| 101|0x0000000086500000, 0x0000000086600000, 0x0000000086600000|100%|HC|  |TAMS 0x0000000086500000, 0x0000000086500000| Complete 
| 102|0x0000000086600000, 0x0000000086700000, 0x0000000086700000|100%|HS|  |TAMS 0x0000000086700000, 0x0000000086600000| Complete 
| 103|0x0000000086700000, 0x0000000086800000, 0x0000000086800000|100%|HC|  |TAMS 0x0000000086800000, 0x0000000086700000| Complete 
| 104|0x0000000086800000, 0x0000000086900000, 0x0000000086900000|100%| O|  |TAMS 0x0000000086900000, 0x0000000086800000| Untracked 
| 105|0x0000000086900000, 0x0000000086a00000, 0x0000000086a00000|100%| O|  |TAMS 0x0000000086a00000, 0x0000000086900000| Untracked 
| 106|0x0000000086a00000, 0x0000000086b00000, 0x0000000086b00000|100%| O|  |TAMS 0x0000000086b00000, 0x0000000086a00000| Untracked 
| 107|0x0000000086b00000, 0x0000000086c00000, 0x0000000086c00000|100%| O|  |TAMS 0x0000000086c00000, 0x0000000086b00000| Untracked 
| 108|0x0000000086c00000, 0x0000000086d00000, 0x0000000086d00000|100%| O|  |TAMS 0x0000000086d00000, 0x0000000086c00000| Untracked 
| 109|0x0000000086d00000, 0x0000000086e00000, 0x0000000086e00000|100%| O|  |TAMS 0x0000000086e00000, 0x0000000086d00000| Untracked 
| 110|0x0000000086e00000, 0x0000000086f00000, 0x0000000086f00000|100%| O|  |TAMS 0x0000000086f00000, 0x0000000086e00000| Untracked 
| 111|0x0000000086f00000, 0x0000000087000000, 0x0000000087000000|100%| O|  |TAMS 0x0000000087000000, 0x0000000086f00000| Untracked 
| 112|0x0000000087000000, 0x0000000087100000, 0x0000000087100000|100%| O|  |TAMS 0x0000000087100000, 0x0000000087000000| Untracked 
| 113|0x0000000087100000, 0x0000000087200000, 0x0000000087200000|100%| O|  |TAMS 0x0000000087200000, 0x0000000087100000| Untracked 
| 114|0x0000000087200000, 0x0000000087300000, 0x0000000087300000|100%| O|  |TAMS 0x0000000087300000, 0x0000000087200000| Untracked 
| 115|0x0000000087300000, 0x0000000087400000, 0x0000000087400000|100%| O|  |TAMS 0x0000000087400000, 0x0000000087300000| Untracked 
| 116|0x0000000087400000, 0x0000000087500000, 0x0000000087500000|100%| O|  |TAMS 0x0000000087500000, 0x0000000087400000| Untracked 
| 117|0x0000000087500000, 0x0000000087600000, 0x0000000087600000|100%| O|  |TAMS 0x0000000087600000, 0x0000000087500000| Untracked 
| 118|0x0000000087600000, 0x0000000087700000, 0x0000000087700000|100%| O|  |TAMS 0x0000000087700000, 0x0000000087600000| Untracked 
| 119|0x0000000087700000, 0x0000000087800000, 0x0000000087800000|100%| O|  |TAMS 0x0000000087800000, 0x0000000087700000| Untracked 
| 120|0x0000000087800000, 0x0000000087800000, 0x0000000087900000|  0%| F|  |TAMS 0x0000000087800000, 0x0000000087800000| Untracked 
| 121|0x0000000087900000, 0x0000000087a00000, 0x0000000087a00000|100%| O|  |TAMS 0x0000000087a00000, 0x0000000087900000| Untracked 
| 122|0x0000000087a00000, 0x0000000087b00000, 0x0000000087b00000|100%| O|  |TAMS 0x0000000087b00000, 0x0000000087a00000| Untracked 
| 123|0x0000000087b00000, 0x0000000087b00000, 0x0000000087c00000|  0%| F|  |TAMS 0x0000000087b00000, 0x0000000087b00000| Untracked 
| 124|0x0000000087c00000, 0x0000000087c00000, 0x0000000087d00000|  0%| F|  |TAMS 0x0000000087c00000, 0x0000000087c00000| Untracked 
| 125|0x0000000087d00000, 0x0000000087d00000, 0x0000000087e00000|  0%| F|  |TAMS 0x0000000087d00000, 0x0000000087d00000| Untracked 
| 126|0x0000000087e00000, 0x0000000087e00000, 0x0000000087f00000|  0%| F|  |TAMS 0x0000000087e00000, 0x0000000087e00000| Untracked 
| 127|0x0000000087f00000, 0x0000000087f00000, 0x0000000088000000|  0%| F|  |TAMS 0x0000000087f00000, 0x0000000087f00000| Untracked 
| 128|0x0000000088000000, 0x0000000088000000, 0x0000000088100000|  0%| F|  |TAMS 0x0000000088000000, 0x0000000088000000| Untracked 
| 129|0x0000000088100000, 0x0000000088100000, 0x0000000088200000|  0%| F|  |TAMS 0x0000000088100000, 0x0000000088100000| Untracked 
| 130|0x0000000088200000, 0x0000000088200000, 0x0000000088300000|  0%| F|  |TAMS 0x0000000088200000, 0x0000000088200000| Untracked 
| 131|0x0000000088300000, 0x0000000088300000, 0x0000000088400000|  0%| F|  |TAMS 0x0000000088300000, 0x0000000088300000| Untracked 
| 132|0x0000000088400000, 0x0000000088400000, 0x0000000088500000|  0%| F|  |TAMS 0x0000000088400000, 0x0000000088400000| Untracked 
| 133|0x0000000088500000, 0x0000000088500000, 0x0000000088600000|  0%| F|  |TAMS 0x0000000088500000, 0x0000000088500000| Untracked 
| 134|0x0000000088600000, 0x0000000088600000, 0x0000000088700000|  0%| F|  |TAMS 0x0000000088600000, 0x0000000088600000| Untracked 
| 135|0x0000000088700000, 0x0000000088700000, 0x0000000088800000|  0%| F|  |TAMS 0x0000000088700000, 0x0000000088700000| Untracked 
| 136|0x0000000088800000, 0x0000000088800000, 0x0000000088900000|  0%| F|  |TAMS 0x0000000088800000, 0x0000000088800000| Untracked 
| 137|0x0000000088900000, 0x0000000088900000, 0x0000000088a00000|  0%| F|  |TAMS 0x0000000088900000, 0x0000000088900000| Untracked 
| 138|0x0000000088a00000, 0x0000000088a00000, 0x0000000088b00000|  0%| F|  |TAMS 0x0000000088a00000, 0x0000000088a00000| Untracked 
| 139|0x0000000088b00000, 0x0000000088b00000, 0x0000000088c00000|  0%| F|  |TAMS 0x0000000088b00000, 0x0000000088b00000| Untracked 
| 140|0x0000000088c00000, 0x0000000088c00000, 0x0000000088d00000|  0%| F|  |TAMS 0x0000000088c00000, 0x0000000088c00000| Untracked 
| 141|0x0000000088d00000, 0x0000000088d00000, 0x0000000088e00000|  0%| F|  |TAMS 0x0000000088d00000, 0x0000000088d00000| Untracked 
| 142|0x0000000088e00000, 0x0000000088f00000, 0x0000000088f00000|100%| O|  |TAMS 0x0000000088f00000, 0x0000000088e00000| Untracked 
| 143|0x0000000088f00000, 0x0000000089000000, 0x0000000089000000|100%| O|  |TAMS 0x0000000089000000, 0x0000000088f00000| Untracked 
| 144|0x0000000089000000, 0x0000000089100000, 0x0000000089100000|100%| O|  |TAMS 0x0000000089100000, 0x0000000089000000| Untracked 
| 145|0x0000000089100000, 0x0000000089200000, 0x0000000089200000|100%| O|  |TAMS 0x0000000089200000, 0x0000000089100000| Untracked 
| 146|0x0000000089200000, 0x0000000089300000, 0x0000000089300000|100%| O|  |TAMS 0x0000000089300000, 0x0000000089200000| Untracked 
| 147|0x0000000089300000, 0x0000000089400000, 0x0000000089400000|100%| O|  |TAMS 0x0000000089400000, 0x0000000089300000| Untracked 
| 148|0x0000000089400000, 0x0000000089500000, 0x0000000089500000|100%| O|  |TAMS 0x0000000089500000, 0x0000000089400000| Untracked 
| 149|0x0000000089500000, 0x0000000089600000, 0x0000000089600000|100%| O|  |TAMS 0x0000000089600000, 0x0000000089500000| Untracked 
| 150|0x0000000089600000, 0x0000000089700000, 0x0000000089700000|100%| O|  |TAMS 0x0000000089700000, 0x0000000089600000| Untracked 
| 151|0x0000000089700000, 0x0000000089800000, 0x0000000089800000|100%| O|  |TAMS 0x0000000089800000, 0x0000000089700000| Untracked 
| 152|0x0000000089800000, 0x0000000089900000, 0x0000000089900000|100%| O|  |TAMS 0x0000000089900000, 0x0000000089800000| Untracked 
| 153|0x0000000089900000, 0x0000000089a00000, 0x0000000089a00000|100%| O|  |TAMS 0x0000000089a00000, 0x0000000089900000| Untracked 
| 154|0x0000000089a00000, 0x0000000089b00000, 0x0000000089b00000|100%| O|  |TAMS 0x0000000089b00000, 0x0000000089a00000| Untracked 
| 155|0x0000000089b00000, 0x0000000089c00000, 0x0000000089c00000|100%| O|  |TAMS 0x0000000089c00000, 0x0000000089b00000| Untracked 
| 156|0x0000000089c00000, 0x0000000089d00000, 0x0000000089d00000|100%| O|  |TAMS 0x0000000089d00000, 0x0000000089c00000| Untracked 
| 157|0x0000000089d00000, 0x0000000089e00000, 0x0000000089e00000|100%|HS|  |TAMS 0x0000000089d00000, 0x0000000089d00000| Complete 
| 158|0x0000000089e00000, 0x0000000089f00000, 0x0000000089f00000|100%|HC|  |TAMS 0x0000000089e00000, 0x0000000089e00000| Complete 
| 159|0x0000000089f00000, 0x0000000089f00000, 0x000000008a000000|  0%| F|  |TAMS 0x0000000089f00000, 0x0000000089f00000| Untracked 
| 160|0x000000008a000000, 0x000000008a000000, 0x000000008a100000|  0%| F|  |TAMS 0x000000008a000000, 0x000000008a000000| Untracked 
| 161|0x000000008a100000, 0x000000008a100000, 0x000000008a200000|  0%| F|  |TAMS 0x000000008a100000, 0x000000008a100000| Untracked 
| 162|0x000000008a200000, 0x000000008a200000, 0x000000008a300000|  0%| F|  |TAMS 0x000000008a200000, 0x000000008a200000| Untracked 
| 163|0x000000008a300000, 0x000000008a300000, 0x000000008a400000|  0%| F|  |TAMS 0x000000008a300000, 0x000000008a300000| Untracked 
| 164|0x000000008a400000, 0x000000008a400000, 0x000000008a500000|  0%| F|  |TAMS 0x000000008a400000, 0x000000008a400000| Untracked 
| 165|0x000000008a500000, 0x000000008a500000, 0x000000008a600000|  0%| F|  |TAMS 0x000000008a500000, 0x000000008a500000| Untracked 
| 166|0x000000008a600000, 0x000000008a700000, 0x000000008a700000|100%| O|  |TAMS 0x000000008a700000, 0x000000008a600000| Untracked 
| 167|0x000000008a700000, 0x000000008a800000, 0x000000008a800000|100%| O|  |TAMS 0x000000008a800000, 0x000000008a700000| Untracked 
| 168|0x000000008a800000, 0x000000008a800000, 0x000000008a900000|  0%| F|  |TAMS 0x000000008a800000, 0x000000008a800000| Untracked 
| 169|0x000000008a900000, 0x000000008aa00000, 0x000000008aa00000|100%| O|  |TAMS 0x000000008aa00000, 0x000000008a900000| Untracked 
| 170|0x000000008aa00000, 0x000000008ab00000, 0x000000008ab00000|100%| O|  |TAMS 0x000000008ab00000, 0x000000008aa00000| Untracked 
| 171|0x000000008ab00000, 0x000000008ac00000, 0x000000008ac00000|100%| O|  |TAMS 0x000000008ac00000, 0x000000008ab00000| Untracked 
| 172|0x000000008ac00000, 0x000000008ad00000, 0x000000008ad00000|100%| O|  |TAMS 0x000000008ad00000, 0x000000008ac00000| Untracked 
| 173|0x000000008ad00000, 0x000000008ae00000, 0x000000008ae00000|100%| O|  |TAMS 0x000000008ae00000, 0x000000008ad00000| Untracked 
| 174|0x000000008ae00000, 0x000000008af00000, 0x000000008af00000|100%| O|  |TAMS 0x000000008af00000, 0x000000008ae00000| Untracked 
| 175|0x000000008af00000, 0x000000008b000000, 0x000000008b000000|100%|HS|  |TAMS 0x000000008b000000, 0x000000008af00000| Complete 
| 176|0x000000008b000000, 0x000000008b100000, 0x000000008b100000|100%| O|  |TAMS 0x000000008b100000, 0x000000008b000000| Untracked 
| 177|0x000000008b100000, 0x000000008b200000, 0x000000008b200000|100%| O|  |TAMS 0x000000008b200000, 0x000000008b100000| Untracked 
| 178|0x000000008b200000, 0x000000008b300000, 0x000000008b300000|100%| O|  |TAMS 0x000000008b300000, 0x000000008b200000| Untracked 
| 179|0x000000008b300000, 0x000000008b400000, 0x000000008b400000|100%| O|  |TAMS 0x000000008b400000, 0x000000008b300000| Untracked 
| 180|0x000000008b400000, 0x000000008b500000, 0x000000008b500000|100%| O|  |TAMS 0x000000008b500000, 0x000000008b400000| Untracked 
| 181|0x000000008b500000, 0x000000008b600000, 0x000000008b600000|100%| O|  |TAMS 0x000000008b600000, 0x000000008b500000| Untracked 
| 182|0x000000008b600000, 0x000000008b600000, 0x000000008b700000|  0%| F|  |TAMS 0x000000008b600000, 0x000000008b600000| Untracked 
| 183|0x000000008b700000, 0x000000008b800000, 0x000000008b800000|100%| O|  |TAMS 0x000000008b800000, 0x000000008b700000| Untracked 
| 184|0x000000008b800000, 0x000000008b900000, 0x000000008b900000|100%| O|  |TAMS 0x000000008b900000, 0x000000008b800000| Untracked 
| 185|0x000000008b900000, 0x000000008ba00000, 0x000000008ba00000|100%| O|  |TAMS 0x000000008b900000, 0x000000008b900000| Untracked 
| 186|0x000000008ba00000, 0x000000008bb00000, 0x000000008bb00000|100%| O|  |TAMS 0x000000008bad2e00, 0x000000008ba00000| Untracked 
| 187|0x000000008bb00000, 0x000000008bc00000, 0x000000008bc00000|100%| O|  |TAMS 0x000000008bb00000, 0x000000008bb00000| Untracked 
| 188|0x000000008bc00000, 0x000000008bd00000, 0x000000008bd00000|100%| O|  |TAMS 0x000000008bc00000, 0x000000008bc00000| Untracked 
| 189|0x000000008bd00000, 0x000000008be00000, 0x000000008be00000|100%| O|  |TAMS 0x000000008bd00000, 0x000000008bd00000| Untracked 
| 190|0x000000008be00000, 0x000000008bf00000, 0x000000008bf00000|100%| O|  |TAMS 0x000000008be00000, 0x000000008be00000| Untracked 
| 191|0x000000008bf00000, 0x000000008c000000, 0x000000008c000000|100%| O|  |TAMS 0x000000008bf00000, 0x000000008bf00000| Untracked 
| 192|0x000000008c000000, 0x000000008c100000, 0x000000008c100000|100%| O|  |TAMS 0x000000008c000000, 0x000000008c000000| Untracked 
| 193|0x000000008c100000, 0x000000008c200000, 0x000000008c200000|100%| O|  |TAMS 0x000000008c100000, 0x000000008c100000| Untracked 
| 194|0x000000008c200000, 0x000000008c300000, 0x000000008c300000|100%| O|  |TAMS 0x000000008c200000, 0x000000008c200000| Untracked 
| 195|0x000000008c300000, 0x000000008c400000, 0x000000008c400000|100%| O|  |TAMS 0x000000008c300000, 0x000000008c300000| Untracked 
| 196|0x000000008c400000, 0x000000008c500000, 0x000000008c500000|100%| O|  |TAMS 0x000000008c400000, 0x000000008c400000| Untracked 
| 197|0x000000008c500000, 0x000000008c600000, 0x000000008c600000|100%| O|  |TAMS 0x000000008c500000, 0x000000008c500000| Untracked 
| 198|0x000000008c600000, 0x000000008c700000, 0x000000008c700000|100%| O|  |TAMS 0x000000008c600000, 0x000000008c600000| Untracked 
| 199|0x000000008c700000, 0x000000008c800000, 0x000000008c800000|100%| O|  |TAMS 0x000000008c700000, 0x000000008c700000| Untracked 
| 200|0x000000008c800000, 0x000000008c900000, 0x000000008c900000|100%| O|  |TAMS 0x000000008c800000, 0x000000008c800000| Untracked 
| 201|0x000000008c900000, 0x000000008ca00000, 0x000000008ca00000|100%| O|  |TAMS 0x000000008c900000, 0x000000008c900000| Untracked 
| 202|0x000000008ca00000, 0x000000008cb00000, 0x000000008cb00000|100%| O|  |TAMS 0x000000008ca00000, 0x000000008ca00000| Untracked 
| 203|0x000000008cb00000, 0x000000008cc00000, 0x000000008cc00000|100%| O|  |TAMS 0x000000008cb00000, 0x000000008cb00000| Untracked 
| 204|0x000000008cc00000, 0x000000008cd00000, 0x000000008cd00000|100%| O|  |TAMS 0x000000008cc00000, 0x000000008cc00000| Untracked 
| 205|0x000000008cd00000, 0x000000008cdeea00, 0x000000008ce00000| 93%| O|  |TAMS 0x000000008cd00000, 0x000000008cd00000| Untracked 
| 206|0x000000008ce00000, 0x000000008ce00000, 0x000000008cf00000|  0%| F|  |TAMS 0x000000008ce00000, 0x000000008ce00000| Untracked 
| 207|0x000000008cf00000, 0x000000008cf00000, 0x000000008d000000|  0%| F|  |TAMS 0x000000008cf00000, 0x000000008cf00000| Untracked 
| 208|0x000000008d000000, 0x000000008d000000, 0x000000008d100000|  0%| F|  |TAMS 0x000000008d000000, 0x000000008d000000| Untracked 
| 209|0x000000008d100000, 0x000000008d100000, 0x000000008d200000|  0%| F|  |TAMS 0x000000008d100000, 0x000000008d100000| Untracked 
| 210|0x000000008d200000, 0x000000008d200000, 0x000000008d300000|  0%| F|  |TAMS 0x000000008d200000, 0x000000008d200000| Untracked 
| 211|0x000000008d300000, 0x000000008d300000, 0x000000008d400000|  0%| F|  |TAMS 0x000000008d300000, 0x000000008d300000| Untracked 
| 212|0x000000008d400000, 0x000000008d400000, 0x000000008d500000|  0%| F|  |TAMS 0x000000008d400000, 0x000000008d400000| Untracked 
| 213|0x000000008d500000, 0x000000008d500000, 0x000000008d600000|  0%| F|  |TAMS 0x000000008d500000, 0x000000008d500000| Untracked 
| 214|0x000000008d600000, 0x000000008d600000, 0x000000008d700000|  0%| F|  |TAMS 0x000000008d600000, 0x000000008d600000| Untracked 
| 215|0x000000008d700000, 0x000000008d700000, 0x000000008d800000|  0%| F|  |TAMS 0x000000008d700000, 0x000000008d700000| Untracked 
| 216|0x000000008d800000, 0x000000008d800000, 0x000000008d900000|  0%| F|  |TAMS 0x000000008d800000, 0x000000008d800000| Untracked 
| 217|0x000000008d900000, 0x000000008d900000, 0x000000008da00000|  0%| F|  |TAMS 0x000000008d900000, 0x000000008d900000| Untracked 
| 218|0x000000008da00000, 0x000000008da00000, 0x000000008db00000|  0%| F|  |TAMS 0x000000008da00000, 0x000000008da00000| Untracked 
| 219|0x000000008db00000, 0x000000008db00000, 0x000000008dc00000|  0%| F|  |TAMS 0x000000008db00000, 0x000000008db00000| Untracked 
| 220|0x000000008dc00000, 0x000000008dc00000, 0x000000008dd00000|  0%| F|  |TAMS 0x000000008dc00000, 0x000000008dc00000| Untracked 
| 221|0x000000008dd00000, 0x000000008dd00000, 0x000000008de00000|  0%| F|  |TAMS 0x000000008dd00000, 0x000000008dd00000| Untracked 
| 222|0x000000008de00000, 0x000000008de00000, 0x000000008df00000|  0%| F|  |TAMS 0x000000008de00000, 0x000000008de00000| Untracked 
| 223|0x000000008df00000, 0x000000008df00000, 0x000000008e000000|  0%| F|  |TAMS 0x000000008df00000, 0x000000008df00000| Untracked 
| 224|0x000000008e000000, 0x000000008e000000, 0x000000008e100000|  0%| F|  |TAMS 0x000000008e000000, 0x000000008e000000| Untracked 
| 225|0x000000008e100000, 0x000000008e100000, 0x000000008e200000|  0%| F|  |TAMS 0x000000008e100000, 0x000000008e100000| Untracked 
| 226|0x000000008e200000, 0x000000008e200000, 0x000000008e300000|  0%| F|  |TAMS 0x000000008e200000, 0x000000008e200000| Untracked 
| 227|0x000000008e300000, 0x000000008e300000, 0x000000008e400000|  0%| F|  |TAMS 0x000000008e300000, 0x000000008e300000| Untracked 
| 228|0x000000008e400000, 0x000000008e46a730, 0x000000008e500000| 41%| S|CS|TAMS 0x000000008e400000, 0x000000008e400000| Complete 
| 229|0x000000008e500000, 0x000000008e600000, 0x000000008e600000|100%| S|CS|TAMS 0x000000008e500000, 0x000000008e500000| Complete 
| 230|0x000000008e600000, 0x000000008e700000, 0x000000008e700000|100%| S|CS|TAMS 0x000000008e600000, 0x000000008e600000| Complete 
| 231|0x000000008e700000, 0x000000008e800000, 0x000000008e800000|100%| S|CS|TAMS 0x000000008e700000, 0x000000008e700000| Complete 
| 232|0x000000008e800000, 0x000000008e900000, 0x000000008e900000|100%| S|CS|TAMS 0x000000008e800000, 0x000000008e800000| Complete 
| 233|0x000000008e900000, 0x000000008ea00000, 0x000000008ea00000|100%| S|CS|TAMS 0x000000008e900000, 0x000000008e900000| Complete 
| 234|0x000000008ea00000, 0x000000008eb00000, 0x000000008eb00000|100%| S|CS|TAMS 0x000000008ea00000, 0x000000008ea00000| Complete 
| 235|0x000000008eb00000, 0x000000008ec00000, 0x000000008ec00000|100%| S|CS|TAMS 0x000000008eb00000, 0x000000008eb00000| Complete 
| 236|0x000000008ec00000, 0x000000008ec00000, 0x000000008ed00000|  0%| F|  |TAMS 0x000000008ec00000, 0x000000008ec00000| Untracked 
| 237|0x000000008ed00000, 0x000000008ed00000, 0x000000008ee00000|  0%| F|  |TAMS 0x000000008ed00000, 0x000000008ed00000| Untracked 
| 238|0x000000008ee00000, 0x000000008ee00000, 0x000000008ef00000|  0%| F|  |TAMS 0x000000008ee00000, 0x000000008ee00000| Untracked 
| 239|0x000000008ef00000, 0x000000008ef00000, 0x000000008f000000|  0%| F|  |TAMS 0x000000008ef00000, 0x000000008ef00000| Untracked 
| 240|0x000000008f000000, 0x000000008f000000, 0x000000008f100000|  0%| F|  |TAMS 0x000000008f000000, 0x000000008f000000| Untracked 
| 241|0x000000008f100000, 0x000000008f100000, 0x000000008f200000|  0%| F|  |TAMS 0x000000008f100000, 0x000000008f100000| Untracked 
| 242|0x000000008f200000, 0x000000008f200000, 0x000000008f300000|  0%| F|  |TAMS 0x000000008f200000, 0x000000008f200000| Untracked 
| 243|0x000000008f300000, 0x000000008f300000, 0x000000008f400000|  0%| F|  |TAMS 0x000000008f300000, 0x000000008f300000| Untracked 
| 244|0x000000008f400000, 0x000000008f400000, 0x000000008f500000|  0%| F|  |TAMS 0x000000008f400000, 0x000000008f400000| Untracked 
| 245|0x000000008f500000, 0x000000008f500000, 0x000000008f600000|  0%| F|  |TAMS 0x000000008f500000, 0x000000008f500000| Untracked 
| 246|0x000000008f600000, 0x000000008f600000, 0x000000008f700000|  0%| F|  |TAMS 0x000000008f600000, 0x000000008f600000| Untracked 
| 247|0x000000008f700000, 0x000000008f700000, 0x000000008f800000|  0%| F|  |TAMS 0x000000008f700000, 0x000000008f700000| Untracked 
| 248|0x000000008f800000, 0x000000008f800000, 0x000000008f900000|  0%| F|  |TAMS 0x000000008f800000, 0x000000008f800000| Untracked 
| 249|0x000000008f900000, 0x000000008f900000, 0x000000008fa00000|  0%| F|  |TAMS 0x000000008f900000, 0x000000008f900000| Untracked 
| 250|0x000000008fa00000, 0x000000008fa00000, 0x000000008fb00000|  0%| F|  |TAMS 0x000000008fa00000, 0x000000008fa00000| Untracked 
| 251|0x000000008fb00000, 0x000000008fb00000, 0x000000008fc00000|  0%| F|  |TAMS 0x000000008fb00000, 0x000000008fb00000| Untracked 
| 252|0x000000008fc00000, 0x000000008fc00000, 0x000000008fd00000|  0%| F|  |TAMS 0x000000008fc00000, 0x000000008fc00000| Untracked 
| 253|0x000000008fd00000, 0x000000008fd00000, 0x000000008fe00000|  0%| F|  |TAMS 0x000000008fd00000, 0x000000008fd00000| Untracked 
| 254|0x000000008fe00000, 0x000000008fe00000, 0x000000008ff00000|  0%| F|  |TAMS 0x000000008fe00000, 0x000000008fe00000| Untracked 
| 255|0x000000008ff00000, 0x000000008ff00000, 0x0000000090000000|  0%| F|  |TAMS 0x000000008ff00000, 0x000000008ff00000| Untracked 
| 256|0x0000000090000000, 0x0000000090000000, 0x0000000090100000|  0%| F|  |TAMS 0x0000000090000000, 0x0000000090000000| Untracked 
| 257|0x0000000090100000, 0x0000000090100000, 0x0000000090200000|  0%| F|  |TAMS 0x0000000090100000, 0x0000000090100000| Untracked 
| 258|0x0000000090200000, 0x0000000090200000, 0x0000000090300000|  0%| F|  |TAMS 0x0000000090200000, 0x0000000090200000| Untracked 
| 259|0x0000000090300000, 0x0000000090300000, 0x0000000090400000|  0%| F|  |TAMS 0x0000000090300000, 0x0000000090300000| Untracked 
| 260|0x0000000090400000, 0x0000000090500000, 0x0000000090500000|100%| E|  |TAMS 0x0000000090400000, 0x0000000090400000| Complete 
| 261|0x0000000090500000, 0x0000000090600000, 0x0000000090600000|100%| E|CS|TAMS 0x0000000090500000, 0x0000000090500000| Complete 
| 262|0x0000000090600000, 0x0000000090700000, 0x0000000090700000|100%| E|CS|TAMS 0x0000000090600000, 0x0000000090600000| Complete 
| 263|0x0000000090700000, 0x0000000090800000, 0x0000000090800000|100%| E|CS|TAMS 0x0000000090700000, 0x0000000090700000| Complete 
| 264|0x0000000090800000, 0x0000000090900000, 0x0000000090900000|100%| E|CS|TAMS 0x0000000090800000, 0x0000000090800000| Complete 
| 265|0x0000000090900000, 0x0000000090a00000, 0x0000000090a00000|100%| E|CS|TAMS 0x0000000090900000, 0x0000000090900000| Complete 
| 266|0x0000000090a00000, 0x0000000090b00000, 0x0000000090b00000|100%| E|CS|TAMS 0x0000000090a00000, 0x0000000090a00000| Complete 
| 267|0x0000000090b00000, 0x0000000090c00000, 0x0000000090c00000|100%| E|CS|TAMS 0x0000000090b00000, 0x0000000090b00000| Complete 
| 268|0x0000000090c00000, 0x0000000090d00000, 0x0000000090d00000|100%| E|CS|TAMS 0x0000000090c00000, 0x0000000090c00000| Complete 
| 269|0x0000000090d00000, 0x0000000090e00000, 0x0000000090e00000|100%| E|CS|TAMS 0x0000000090d00000, 0x0000000090d00000| Complete 
| 270|0x0000000090e00000, 0x0000000090f00000, 0x0000000090f00000|100%| E|CS|TAMS 0x0000000090e00000, 0x0000000090e00000| Complete 
| 271|0x0000000090f00000, 0x0000000091000000, 0x0000000091000000|100%| E|CS|TAMS 0x0000000090f00000, 0x0000000090f00000| Complete 
| 272|0x0000000091000000, 0x0000000091100000, 0x0000000091100000|100%| E|CS|TAMS 0x0000000091000000, 0x0000000091000000| Complete 
| 273|0x0000000091100000, 0x0000000091200000, 0x0000000091200000|100%| E|CS|TAMS 0x0000000091100000, 0x0000000091100000| Complete 
| 274|0x0000000091200000, 0x0000000091300000, 0x0000000091300000|100%| E|CS|TAMS 0x0000000091200000, 0x0000000091200000| Complete 
| 275|0x0000000091300000, 0x0000000091400000, 0x0000000091400000|100%| E|CS|TAMS 0x0000000091300000, 0x0000000091300000| Complete 
| 276|0x0000000091400000, 0x0000000091500000, 0x0000000091500000|100%| E|CS|TAMS 0x0000000091400000, 0x0000000091400000| Complete 
| 277|0x0000000091500000, 0x0000000091600000, 0x0000000091600000|100%| E|CS|TAMS 0x0000000091500000, 0x0000000091500000| Complete 
| 278|0x0000000091600000, 0x0000000091700000, 0x0000000091700000|100%| E|CS|TAMS 0x0000000091600000, 0x0000000091600000| Complete 
| 279|0x0000000091700000, 0x0000000091800000, 0x0000000091800000|100%| E|CS|TAMS 0x0000000091700000, 0x0000000091700000| Complete 
| 280|0x0000000091800000, 0x0000000091900000, 0x0000000091900000|100%| E|CS|TAMS 0x0000000091800000, 0x0000000091800000| Complete 
| 281|0x0000000091900000, 0x0000000091a00000, 0x0000000091a00000|100%| E|CS|TAMS 0x0000000091900000, 0x0000000091900000| Complete 
| 282|0x0000000091a00000, 0x0000000091b00000, 0x0000000091b00000|100%| E|CS|TAMS 0x0000000091a00000, 0x0000000091a00000| Complete 
| 283|0x0000000091b00000, 0x0000000091c00000, 0x0000000091c00000|100%| E|CS|TAMS 0x0000000091b00000, 0x0000000091b00000| Complete 
| 284|0x0000000091c00000, 0x0000000091d00000, 0x0000000091d00000|100%| E|CS|TAMS 0x0000000091c00000, 0x0000000091c00000| Complete 
| 285|0x0000000091d00000, 0x0000000091e00000, 0x0000000091e00000|100%| E|CS|TAMS 0x0000000091d00000, 0x0000000091d00000| Complete 
| 286|0x0000000091e00000, 0x0000000091f00000, 0x0000000091f00000|100%| E|CS|TAMS 0x0000000091e00000, 0x0000000091e00000| Complete 
| 287|0x0000000091f00000, 0x0000000092000000, 0x0000000092000000|100%| E|  |TAMS 0x0000000091f00000, 0x0000000091f00000| Complete 
| 288|0x0000000092000000, 0x0000000092100000, 0x0000000092100000|100%| E|CS|TAMS 0x0000000092000000, 0x0000000092000000| Complete 
| 289|0x0000000092100000, 0x0000000092200000, 0x0000000092200000|100%| E|CS|TAMS 0x0000000092100000, 0x0000000092100000| Complete 
| 290|0x0000000092200000, 0x0000000092300000, 0x0000000092300000|100%| E|CS|TAMS 0x0000000092200000, 0x0000000092200000| Complete 
| 291|0x0000000092300000, 0x0000000092400000, 0x0000000092400000|100%| E|CS|TAMS 0x0000000092300000, 0x0000000092300000| Complete 
| 292|0x0000000092400000, 0x0000000092500000, 0x0000000092500000|100%| E|CS|TAMS 0x0000000092400000, 0x0000000092400000| Complete 
| 293|0x0000000092500000, 0x0000000092600000, 0x0000000092600000|100%| E|CS|TAMS 0x0000000092500000, 0x0000000092500000| Complete 
| 294|0x0000000092600000, 0x0000000092700000, 0x0000000092700000|100%| E|CS|TAMS 0x0000000092600000, 0x0000000092600000| Complete 
| 295|0x0000000092700000, 0x0000000092800000, 0x0000000092800000|100%| E|CS|TAMS 0x0000000092700000, 0x0000000092700000| Complete 
| 296|0x0000000092800000, 0x0000000092900000, 0x0000000092900000|100%| E|CS|TAMS 0x0000000092800000, 0x0000000092800000| Complete 
| 297|0x0000000092900000, 0x0000000092a00000, 0x0000000092a00000|100%| E|CS|TAMS 0x0000000092900000, 0x0000000092900000| Complete 
| 298|0x0000000092a00000, 0x0000000092b00000, 0x0000000092b00000|100%| E|CS|TAMS 0x0000000092a00000, 0x0000000092a00000| Complete 
| 299|0x0000000092b00000, 0x0000000092c00000, 0x0000000092c00000|100%| E|CS|TAMS 0x0000000092b00000, 0x0000000092b00000| Complete 
| 300|0x0000000092c00000, 0x0000000092d00000, 0x0000000092d00000|100%| E|CS|TAMS 0x0000000092c00000, 0x0000000092c00000| Complete 
| 301|0x0000000092d00000, 0x0000000092e00000, 0x0000000092e00000|100%| E|CS|TAMS 0x0000000092d00000, 0x0000000092d00000| Complete 
| 302|0x0000000092e00000, 0x0000000092f00000, 0x0000000092f00000|100%| E|CS|TAMS 0x0000000092e00000, 0x0000000092e00000| Complete 
| 303|0x0000000092f00000, 0x0000000093000000, 0x0000000093000000|100%| E|CS|TAMS 0x0000000092f00000, 0x0000000092f00000| Complete 
| 304|0x0000000093000000, 0x0000000093100000, 0x0000000093100000|100%| E|CS|TAMS 0x0000000093000000, 0x0000000093000000| Complete 
| 305|0x0000000093100000, 0x0000000093200000, 0x0000000093200000|100%| E|CS|TAMS 0x0000000093100000, 0x0000000093100000| Complete 
| 306|0x0000000093200000, 0x0000000093300000, 0x0000000093300000|100%| E|CS|TAMS 0x0000000093200000, 0x0000000093200000| Complete 
| 307|0x0000000093300000, 0x0000000093400000, 0x0000000093400000|100%| E|CS|TAMS 0x0000000093300000, 0x0000000093300000| Complete 
| 308|0x0000000093400000, 0x0000000093500000, 0x0000000093500000|100%| E|CS|TAMS 0x0000000093400000, 0x0000000093400000| Complete 
| 309|0x0000000093500000, 0x0000000093600000, 0x0000000093600000|100%| E|CS|TAMS 0x0000000093500000, 0x0000000093500000| Complete 
| 310|0x0000000093600000, 0x0000000093700000, 0x0000000093700000|100%| E|CS|TAMS 0x0000000093600000, 0x0000000093600000| Complete 
| 311|0x0000000093700000, 0x0000000093800000, 0x0000000093800000|100%| E|CS|TAMS 0x0000000093700000, 0x0000000093700000| Complete 
| 312|0x0000000093800000, 0x0000000093900000, 0x0000000093900000|100%| E|CS|TAMS 0x0000000093800000, 0x0000000093800000| Complete 
| 313|0x0000000093900000, 0x0000000093a00000, 0x0000000093a00000|100%| E|CS|TAMS 0x0000000093900000, 0x0000000093900000| Complete 
| 314|0x0000000093a00000, 0x0000000093b00000, 0x0000000093b00000|100%| E|CS|TAMS 0x0000000093a00000, 0x0000000093a00000| Complete 
| 315|0x0000000093b00000, 0x0000000093c00000, 0x0000000093c00000|100%| E|CS|TAMS 0x0000000093b00000, 0x0000000093b00000| Complete 
| 316|0x0000000093c00000, 0x0000000093d00000, 0x0000000093d00000|100%| E|CS|TAMS 0x0000000093c00000, 0x0000000093c00000| Complete 
| 317|0x0000000093d00000, 0x0000000093e00000, 0x0000000093e00000|100%| E|CS|TAMS 0x0000000093d00000, 0x0000000093d00000| Complete 
| 318|0x0000000093e00000, 0x0000000093f00000, 0x0000000093f00000|100%| E|CS|TAMS 0x0000000093e00000, 0x0000000093e00000| Complete 
| 319|0x0000000093f00000, 0x0000000094000000, 0x0000000094000000|100%| E|CS|TAMS 0x0000000093f00000, 0x0000000093f00000| Complete 
| 320|0x0000000094000000, 0x0000000094100000, 0x0000000094100000|100%| E|CS|TAMS 0x0000000094000000, 0x0000000094000000| Complete 
| 321|0x0000000094100000, 0x0000000094200000, 0x0000000094200000|100%| E|CS|TAMS 0x0000000094100000, 0x0000000094100000| Complete 
| 322|0x0000000094200000, 0x0000000094300000, 0x0000000094300000|100%| E|CS|TAMS 0x0000000094200000, 0x0000000094200000| Complete 
| 323|0x0000000094300000, 0x0000000094400000, 0x0000000094400000|100%| E|CS|TAMS 0x0000000094300000, 0x0000000094300000| Complete 
| 324|0x0000000094400000, 0x0000000094500000, 0x0000000094500000|100%| E|CS|TAMS 0x0000000094400000, 0x0000000094400000| Complete 
| 325|0x0000000094500000, 0x0000000094600000, 0x0000000094600000|100%| E|CS|TAMS 0x0000000094500000, 0x0000000094500000| Complete 
| 326|0x0000000094600000, 0x0000000094700000, 0x0000000094700000|100%| E|CS|TAMS 0x0000000094600000, 0x0000000094600000| Complete 
| 327|0x0000000094700000, 0x0000000094800000, 0x0000000094800000|100%| E|CS|TAMS 0x0000000094700000, 0x0000000094700000| Complete 
| 328|0x0000000094800000, 0x0000000094900000, 0x0000000094900000|100%| E|CS|TAMS 0x0000000094800000, 0x0000000094800000| Complete 
| 329|0x0000000094900000, 0x0000000094a00000, 0x0000000094a00000|100%| E|CS|TAMS 0x0000000094900000, 0x0000000094900000| Complete 
| 330|0x0000000094a00000, 0x0000000094b00000, 0x0000000094b00000|100%| E|CS|TAMS 0x0000000094a00000, 0x0000000094a00000| Complete 
| 331|0x0000000094b00000, 0x0000000094c00000, 0x0000000094c00000|100%| E|CS|TAMS 0x0000000094b00000, 0x0000000094b00000| Complete 
| 332|0x0000000094c00000, 0x0000000094d00000, 0x0000000094d00000|100%| E|CS|TAMS 0x0000000094c00000, 0x0000000094c00000| Complete 
| 333|0x0000000094d00000, 0x0000000094e00000, 0x0000000094e00000|100%| E|CS|TAMS 0x0000000094d00000, 0x0000000094d00000| Complete 
| 334|0x0000000094e00000, 0x0000000094f00000, 0x0000000094f00000|100%| E|CS|TAMS 0x0000000094e00000, 0x0000000094e00000| Complete 
| 335|0x0000000094f00000, 0x0000000095000000, 0x0000000095000000|100%| E|CS|TAMS 0x0000000094f00000, 0x0000000094f00000| Complete 
| 336|0x0000000095000000, 0x0000000095100000, 0x0000000095100000|100%| E|CS|TAMS 0x0000000095000000, 0x0000000095000000| Complete 
| 337|0x0000000095100000, 0x0000000095200000, 0x0000000095200000|100%| E|CS|TAMS 0x0000000095100000, 0x0000000095100000| Complete 
| 338|0x0000000095200000, 0x0000000095300000, 0x0000000095300000|100%| E|CS|TAMS 0x0000000095200000, 0x0000000095200000| Complete 
| 339|0x0000000095300000, 0x0000000095400000, 0x0000000095400000|100%| E|CS|TAMS 0x0000000095300000, 0x0000000095300000| Complete 
| 340|0x0000000095400000, 0x0000000095500000, 0x0000000095500000|100%| E|CS|TAMS 0x0000000095400000, 0x0000000095400000| Complete 
| 341|0x0000000095500000, 0x0000000095600000, 0x0000000095600000|100%| E|CS|TAMS 0x0000000095500000, 0x0000000095500000| Complete 
| 342|0x0000000095600000, 0x0000000095700000, 0x0000000095700000|100%| E|CS|TAMS 0x0000000095600000, 0x0000000095600000| Complete 
| 343|0x0000000095700000, 0x0000000095800000, 0x0000000095800000|100%| E|CS|TAMS 0x0000000095700000, 0x0000000095700000| Complete 
| 344|0x0000000095800000, 0x0000000095900000, 0x0000000095900000|100%| E|CS|TAMS 0x0000000095800000, 0x0000000095800000| Complete 
| 345|0x0000000095900000, 0x0000000095a00000, 0x0000000095a00000|100%| E|CS|TAMS 0x0000000095900000, 0x0000000095900000| Complete 
| 346|0x0000000095a00000, 0x0000000095b00000, 0x0000000095b00000|100%| E|CS|TAMS 0x0000000095a00000, 0x0000000095a00000| Complete 
| 347|0x0000000095b00000, 0x0000000095c00000, 0x0000000095c00000|100%| E|CS|TAMS 0x0000000095b00000, 0x0000000095b00000| Complete 
| 348|0x0000000095c00000, 0x0000000095d00000, 0x0000000095d00000|100%| E|CS|TAMS 0x0000000095c00000, 0x0000000095c00000| Complete 
| 349|0x0000000095d00000, 0x0000000095e00000, 0x0000000095e00000|100%| E|CS|TAMS 0x0000000095d00000, 0x0000000095d00000| Complete 
| 350|0x0000000095e00000, 0x0000000095f00000, 0x0000000095f00000|100%| E|CS|TAMS 0x0000000095e00000, 0x0000000095e00000| Complete 
| 351|0x0000000095f00000, 0x0000000096000000, 0x0000000096000000|100%| E|CS|TAMS 0x0000000095f00000, 0x0000000095f00000| Complete 
| 352|0x0000000096000000, 0x0000000096100000, 0x0000000096100000|100%| E|CS|TAMS 0x0000000096000000, 0x0000000096000000| Complete 
| 353|0x0000000096100000, 0x0000000096200000, 0x0000000096200000|100%| E|CS|TAMS 0x0000000096100000, 0x0000000096100000| Complete 
| 354|0x0000000096200000, 0x0000000096300000, 0x0000000096300000|100%| E|CS|TAMS 0x0000000096200000, 0x0000000096200000| Complete 
| 355|0x0000000096300000, 0x0000000096400000, 0x0000000096400000|100%| E|CS|TAMS 0x0000000096300000, 0x0000000096300000| Complete 
| 356|0x0000000096400000, 0x0000000096500000, 0x0000000096500000|100%| E|CS|TAMS 0x0000000096400000, 0x0000000096400000| Complete 

Card table byte_map: [0x0000011017400000,0x0000011017800000] _byte_map_base: 0x0000011017000000

Marking Bits (Prev, Next): (CMBitMap*) 0x000001107f9bc590, (CMBitMap*) 0x000001107f9bc550
 Prev Bits: [0x0000011019c00000, 0x000001101bc00000)
 Next Bits: [0x0000011017c00000, 0x0000011019c00000)

Polling page: 0x000001107e0d0000

Metaspace:

Usage:
  Non-class:    127.85 MB used.
      Class:     19.73 MB used.
       Both:    147.57 MB used.

Virtual space:
  Non-class space:      192.00 MB reserved,     128.56 MB ( 67%) committed,  3 nodes.
      Class space:        1.00 GB reserved,      20.44 MB (  2%) committed,  1 nodes.
             Both:        1.19 GB reserved,     149.00 MB ( 12%) committed. 

Chunk freelists:
   Non-Class:  14.58 MB
       Class:  11.58 MB
        Both:  26.16 MB

MaxMetaspaceSize: unlimited
CompressedClassSpaceSize: 1.00 GB
Initial GC threshold: 21.00 MB
Current GC threshold: 238.25 MB
CDS: on
MetaspaceReclaimPolicy: balanced
 - commit_granule_bytes: 65536.
 - commit_granule_words: 8192.
 - virtual_space_node_default_size: 8388608.
 - enlarge_chunks_in_place: 1.
 - new_chunks_are_fully_committed: 0.
 - uncommit_free_chunks: 1.
 - use_allocation_guard: 0.
 - handle_deallocations: 1.


Internal statistics:

num_allocs_failed_limit: 9.
num_arena_births: 2400.
num_arena_deaths: 8.
num_vsnodes_births: 4.
num_vsnodes_deaths: 0.
num_space_committed: 2382.
num_space_uncommitted: 2.
num_chunks_returned_to_freelist: 41.
num_chunks_taken_from_freelist: 9154.
num_chunk_merges: 14.
num_chunk_splits: 5979.
num_chunks_enlarged: 3884.
num_inconsistent_stats: 0.

CodeHeap 'non-profiled nmethods': size=120000Kb used=14214Kb max_used=14214Kb free=105785Kb
 bounds [0x000001100f580000, 0x0000011010370000, 0x0000011016ab0000]
CodeHeap 'profiled nmethods': size=120000Kb used=39592Kb max_used=39592Kb free=80407Kb
 bounds [0x0000011007ab0000, 0x000001100a160000, 0x000001100efe0000]
CodeHeap 'non-nmethods': size=5760Kb used=1857Kb max_used=1907Kb free=3902Kb
 bounds [0x000001100efe0000, 0x000001100f250000, 0x000001100f580000]
 total_blobs=21209 nmethods=20252 adapters=866
 compilation: enabled
              stopped_count=0, restarted_count=0
 full_count=0

Compilation events (20 events):
Event: 1833.860 Thread 0x000001101e5fbf00 25785       2       com.sun.tools.javac.jvm.ClassWriter::writeMethods (102 bytes)
Event: 1833.862 Thread 0x000001101e5fbf00 nmethod 25785 0x000001100a139010 code [0x000001100a139220, 0x000001100a1397b8]
Event: 1833.874 Thread 0x000001101e5fbf00 25786   !   2       jdk.nio.zipfs.ZipFileSystem::getInflater (55 bytes)
Event: 1833.875 Thread 0x000001101e5fbf00 nmethod 25786 0x000001100a139a90 code [0x000001100a139c60, 0x000001100a139fe8]
Event: 1833.886 Thread 0x000001101e5fbf00 25787       2       com.sun.tools.javac.code.Types::isDerivedRawInternal (57 bytes)
Event: 1833.887 Thread 0x000001101e5fbf00 nmethod 25787 0x000001100a13a210 code [0x000001100a13a420, 0x000001100a13a7c8]
Event: 1833.899 Thread 0x000001101e5fbf00 25788       3       com.sun.tools.javac.code.TypeAnnotations$$Lambda$2222/0x0000011020eabba0::apply (16 bytes)
Event: 1833.899 Thread 0x000001101e5fbf00 nmethod 25788 0x000001100a13aa10 code [0x000001100a13abe0, 0x000001100a13b018]
Event: 1833.899 Thread 0x000001101e5fbf00 25789       3       com.sun.tools.javac.code.TypeAnnotations::targetToAnnotationType (566 bytes)
Event: 1833.903 Thread 0x000001101e5fbf00 nmethod 25789 0x000001100a13b110 code [0x000001100a13b5a0, 0x000001100a13da58]
Event: 1833.918 Thread 0x000001101e5fbf00 25791       3       com.sun.tools.javac.code.Types::covariantReturnType (39 bytes)
Event: 1833.918 Thread 0x000001101e5fbf00 nmethod 25791 0x000001100a13e510 code [0x000001100a13e720, 0x000001100a13edd8]
Event: 1833.928 Thread 0x000001101e5fbf00 25792       2       com.sun.tools.javac.comp.LambdaToMethod::apportionTypeAnnotations (120 bytes)
Event: 1833.929 Thread 0x000001101e5fbf00 nmethod 25792 0x000001100a13f010 code [0x000001100a13f240, 0x000001100a13f8a8]
Event: 1833.929 Thread 0x000001101e5fbf00 25793       2       com.sun.tools.javac.tree.TreeMaker::MethodDef (19 bytes)
Event: 1833.933 Thread 0x000001101e5fbf00 nmethod 25793 0x000001100a13fb90 code [0x000001100a13fd40, 0x000001100a13fe88]
Event: 1833.933 Thread 0x000001101e5fbf00 25794       3       com.sun.tools.javac.jvm.PoolWriter::putConstant (69 bytes)
Event: 1833.934 Thread 0x000001101e5fbf00 nmethod 25794 0x000001100a13ff90 code [0x000001100a140280, 0x000001100a141478]
Event: 1833.980 Thread 0x000001101e5fbf00 25796       2       com.sun.tools.javac.jvm.StringConcat::collect (88 bytes)
Event: 1833.981 Thread 0x000001101e5fbf00 nmethod 25796 0x000001100a141a10 code [0x000001100a141c60, 0x000001100a1422c8]

GC Heap History (20 events):
Event: 1055.762 GC heap before
{Heap before GC invocations=65 (full 0):
 garbage-first heap   total 258048K, used 219605K [0x0000000080000000, 0x0000000100000000)
  region size 1024K, 46 young (47104K), 3 survivors (3072K)
 Metaspace       used 138101K, committed 139392K, reserved 1179648K
  class space    used 18643K, committed 19264K, reserved 1048576K
}
Event: 1055.804 GC heap after
{Heap after GC invocations=66 (full 0):
 garbage-first heap   total 258048K, used 178415K [0x0000000080000000, 0x0000000100000000)
  region size 1024K, 5 young (5120K), 5 survivors (5120K)
 Metaspace       used 138101K, committed 139392K, reserved 1179648K
  class space    used 18643K, committed 19264K, reserved 1048576K
}
Event: 1058.978 GC heap before
{Heap before GC invocations=66 (full 0):
 garbage-first heap   total 258048K, used 220399K [0x0000000080000000, 0x0000000100000000)
  region size 1024K, 46 young (47104K), 5 survivors (5120K)
 Metaspace       used 139683K, committed 140928K, reserved 1179648K
  class space    used 18842K, committed 19456K, reserved 1048576K
}
Event: 1059.037 GC heap after
{Heap after GC invocations=67 (full 0):
 garbage-first heap   total 258048K, used 182696K [0x0000000080000000, 0x0000000100000000)
  region size 1024K, 5 young (5120K), 5 survivors (5120K)
 Metaspace       used 139683K, committed 140928K, reserved 1179648K
  class space    used 18842K, committed 19456K, reserved 1048576K
}
Event: 1059.935 GC heap before
{Heap before GC invocations=67 (full 0):
 garbage-first heap   total 258048K, used 219560K [0x0000000080000000, 0x0000000100000000)
  region size 1024K, 41 young (41984K), 5 survivors (5120K)
 Metaspace       used 141371K, committed 142720K, reserved 1179648K
  class space    used 19094K, committed 19776K, reserved 1048576K
}
Event: 1059.952 GC heap after
{Heap after GC invocations=68 (full 0):
 garbage-first heap   total 258048K, used 187143K [0x0000000080000000, 0x0000000100000000)
  region size 1024K, 4 young (4096K), 4 survivors (4096K)
 Metaspace       used 141371K, committed 142720K, reserved 1179648K
  class space    used 19094K, committed 19776K, reserved 1048576K
}
Event: 1060.689 GC heap before
{Heap before GC invocations=68 (full 0):
 garbage-first heap   total 258048K, used 219911K [0x0000000080000000, 0x0000000100000000)
  region size 1024K, 37 young (37888K), 4 survivors (4096K)
 Metaspace       used 143991K, committed 145344K, reserved 1179648K
  class space    used 19443K, committed 20096K, reserved 1048576K
}
Event: 1060.708 GC heap after
{Heap after GC invocations=69 (full 0):
 garbage-first heap   total 258048K, used 189088K [0x0000000080000000, 0x0000000100000000)
  region size 1024K, 2 young (2048K), 2 survivors (2048K)
 Metaspace       used 143991K, committed 145344K, reserved 1179648K
  class space    used 19443K, committed 20096K, reserved 1048576K
}
Event: 1062.463 GC heap before
{Heap before GC invocations=69 (full 0):
 garbage-first heap   total 258048K, used 222880K [0x0000000080000000, 0x0000000100000000)
  region size 1024K, 35 young (35840K), 2 survivors (2048K)
 Metaspace       used 144265K, committed 145600K, reserved 1179648K
  class space    used 19480K, committed 20096K, reserved 1048576K
}
Event: 1062.498 GC heap after
{Heap after GC invocations=70 (full 0):
 garbage-first heap   total 310272K, used 193943K [0x0000000080000000, 0x0000000100000000)
  region size 1024K, 5 young (5120K), 5 survivors (5120K)
 Metaspace       used 144265K, committed 145600K, reserved 1179648K
  class space    used 19480K, committed 20096K, reserved 1048576K
}
Event: 1814.738 GC heap before
{Heap before GC invocations=70 (full 0):
 garbage-first heap   total 310272K, used 261527K [0x0000000080000000, 0x0000000100000000)
  region size 1024K, 70 young (71680K), 5 survivors (5120K)
 Metaspace       used 144706K, committed 146112K, reserved 1179648K
  class space    used 19536K, committed 20224K, reserved 1048576K
}
Event: 1814.939 GC heap after
{Heap after GC invocations=71 (full 0):
 garbage-first heap   total 310272K, used 198475K [0x0000000080000000, 0x0000000100000000)
  region size 1024K, 8 young (8192K), 8 survivors (8192K)
 Metaspace       used 144706K, committed 146112K, reserved 1179648K
  class space    used 19536K, committed 20224K, reserved 1048576K
}
Event: 1817.388 GC heap before
{Heap before GC invocations=71 (full 0):
 garbage-first heap   total 310272K, used 235339K [0x0000000080000000, 0x0000000100000000)
  region size 1024K, 45 young (46080K), 8 survivors (8192K)
 Metaspace       used 144783K, committed 146176K, reserved 1179648K
  class space    used 19539K, committed 20224K, reserved 1048576K
}
Event: 1817.467 GC heap after
{Heap after GC invocations=72 (full 0):
 garbage-first heap   total 310272K, used 201343K [0x0000000080000000, 0x0000000100000000)
  region size 1024K, 7 young (7168K), 7 survivors (7168K)
 Metaspace       used 144783K, committed 146176K, reserved 1179648K
  class space    used 19539K, committed 20224K, reserved 1048576K
}
Event: 1824.728 GC heap before
{Heap before GC invocations=73 (full 0):
 garbage-first heap   total 365568K, used 258687K [0x0000000080000000, 0x0000000100000000)
  region size 1024K, 64 young (65536K), 7 survivors (7168K)
 Metaspace       used 146683K, committed 148160K, reserved 1179648K
  class space    used 19774K, committed 20480K, reserved 1048576K
}
Event: 1824.834 GC heap after
{Heap after GC invocations=74 (full 0):
 garbage-first heap   total 365568K, used 206568K [0x0000000080000000, 0x0000000100000000)
  region size 1024K, 8 young (8192K), 8 survivors (8192K)
 Metaspace       used 146683K, committed 148160K, reserved 1179648K
  class space    used 19774K, committed 20480K, reserved 1048576K
}
Event: 1825.576 GC heap before
{Heap before GC invocations=74 (full 0):
 garbage-first heap   total 365568K, used 214760K [0x0000000080000000, 0x0000000100000000)
  region size 1024K, 17 young (17408K), 8 survivors (8192K)
 Metaspace       used 147057K, committed 148416K, reserved 1179648K
  class space    used 19819K, committed 20480K, reserved 1048576K
}
Event: 1825.673 GC heap after
{Heap after GC invocations=75 (full 0):
 garbage-first heap   total 365568K, used 177832K [0x0000000080000000, 0x0000000100000000)
  region size 1024K, 2 young (2048K), 2 survivors (2048K)
 Metaspace       used 147057K, committed 148416K, reserved 1179648K
  class space    used 19819K, committed 20480K, reserved 1048576K
}
Event: 1830.335 GC heap before
{Heap before GC invocations=75 (full 0):
 garbage-first heap   total 365568K, used 322216K [0x0000000080000000, 0x0000000100000000)
  region size 1024K, 121 young (123904K), 2 survivors (2048K)
 Metaspace       used 150439K, committed 151872K, reserved 1245184K
  class space    used 20159K, committed 20864K, reserved 1048576K
}
Event: 1830.473 GC heap after
{Heap after GC invocations=76 (full 0):
 garbage-first heap   total 365568K, used 185700K [0x0000000080000000, 0x0000000100000000)
  region size 1024K, 8 young (8192K), 8 survivors (8192K)
 Metaspace       used 150439K, committed 151872K, reserved 1245184K
  class space    used 20159K, committed 20864K, reserved 1048576K
}

Dll operation events (15 events):
Event: 0.040 Loaded shared library C:\Users\welcome\.gradle\jdks\eclipse_adoptium-17-amd64-windows.2\bin\java.dll
Event: 0.095 Loaded shared library C:\Users\welcome\.gradle\jdks\eclipse_adoptium-17-amd64-windows.2\bin\jsvml.dll
Event: 0.149 Loaded shared library C:\Users\welcome\.gradle\jdks\eclipse_adoptium-17-amd64-windows.2\bin\zip.dll
Event: 0.153 Loaded shared library C:\Users\welcome\.gradle\jdks\eclipse_adoptium-17-amd64-windows.2\bin\instrument.dll
Event: 0.160 Loaded shared library C:\Users\welcome\.gradle\jdks\eclipse_adoptium-17-amd64-windows.2\bin\net.dll
Event: 0.162 Loaded shared library C:\Users\welcome\.gradle\jdks\eclipse_adoptium-17-amd64-windows.2\bin\nio.dll
Event: 0.168 Loaded shared library C:\Users\welcome\.gradle\jdks\eclipse_adoptium-17-amd64-windows.2\bin\zip.dll
Event: 0.459 Loaded shared library C:\Users\welcome\.gradle\jdks\eclipse_adoptium-17-amd64-windows.2\bin\jimage.dll
Event: 0.747 Loaded shared library C:\Users\welcome\.gradle\jdks\eclipse_adoptium-17-amd64-windows.2\bin\verify.dll
Event: 0.765 Loaded shared library C:\Users\welcome\.gradle\native\660c5614fbf4a5f2a75b1949f50a0caf5cd603558e7d8a26e50b933a0cfb79d1\windows-amd64\native-platform.dll
Event: 0.776 Loaded shared library C:\Users\welcome\.gradle\native\0.2.8\x86_64-windows-gnu\gradle-fileevents.dll
Event: 1.483 Loaded shared library C:\Users\welcome\.gradle\jdks\eclipse_adoptium-17-amd64-windows.2\bin\management.dll
Event: 1.487 Loaded shared library C:\Users\welcome\.gradle\jdks\eclipse_adoptium-17-amd64-windows.2\bin\management_ext.dll
Event: 1.604 Loaded shared library C:\Users\welcome\.gradle\jdks\eclipse_adoptium-17-amd64-windows.2\bin\extnet.dll
Event: 1.781 Loaded shared library C:\Users\welcome\.gradle\jdks\eclipse_adoptium-17-amd64-windows.2\bin\sunmscapi.dll

Deoptimization events (20 events):
Event: 1831.618 Thread 0x00000110693c1a80 DEOPT PACKING pc=0x0000011009172e99 sp=0x00000009760f8b20
Event: 1831.618 Thread 0x00000110693c1a80 DEOPT UNPACKING pc=0x000001100f03ace3 sp=0x00000009760f7f98 mode 0
Event: 1831.877 Thread 0x00000110693c1a80 Uncommon trap: trap_request=0xffffff45 fr.pc=0x000001100f9c28a4 relative=0x00000000000008a4
Event: 1831.877 Thread 0x00000110693c1a80 Uncommon trap: reason=unstable_if action=reinterpret pc=0x000001100f9c28a4 method=com.sun.tools.javac.code.Types$16.visitClassType(Lcom/sun/tools/javac/code/Type$ClassType;Ljava/lang/Void;)Lcom/sun/tools/javac/util/List; @ 22 c2
Event: 1831.878 Thread 0x00000110693c1a80 DEOPT PACKING pc=0x000001100f9c28a4 sp=0x00000009760f9200
Event: 1831.879 Thread 0x00000110693c1a80 DEOPT UNPACKING pc=0x000001100f03a1a3 sp=0x00000009760f9170 mode 2
Event: 1832.022 Thread 0x00000110693c1a80 Uncommon trap: trap_request=0xffffff45 fr.pc=0x00000110102e2514 relative=0x0000000000000c94
Event: 1832.022 Thread 0x00000110693c1a80 Uncommon trap: reason=unstable_if action=reinterpret pc=0x00000110102e2514 method=com.sun.tools.javac.code.Scope$ScopeImpl.dble()V @ 39 c2
Event: 1832.022 Thread 0x00000110693c1a80 DEOPT PACKING pc=0x00000110102e2514 sp=0x00000009760f9490
Event: 1832.022 Thread 0x00000110693c1a80 DEOPT UNPACKING pc=0x000001100f03a1a3 sp=0x00000009760f93f8 mode 2
Event: 1832.131 Thread 0x00000110693c1a80 DEOPT PACKING pc=0x00000110091ebbee sp=0x00000009760f8d10
Event: 1832.131 Thread 0x00000110693c1a80 DEOPT UNPACKING pc=0x000001100f03ace3 sp=0x00000009760f81f8 mode 0
Event: 1832.428 Thread 0x00000110693c1a80 DEOPT PACKING pc=0x0000011009472a14 sp=0x00000009760f9ac0
Event: 1832.435 Thread 0x00000110693c1a80 DEOPT UNPACKING pc=0x000001100f03ace3 sp=0x00000009760f8f18 mode 0
Event: 1832.465 Thread 0x00000110693c1a80 Uncommon trap: trap_request=0xffffff45 fr.pc=0x000001100f9957cc relative=0x000000000000074c
Event: 1832.465 Thread 0x00000110693c1a80 Uncommon trap: reason=unstable_if action=reinterpret pc=0x000001100f9957cc method=com.sun.tools.javac.code.Types.rank(Lcom/sun/tools/javac/code/Type;)I @ 80 c2
Event: 1832.475 Thread 0x00000110693c1a80 DEOPT PACKING pc=0x000001100f9957cc sp=0x00000009760f9be0
Event: 1832.475 Thread 0x00000110693c1a80 DEOPT UNPACKING pc=0x000001100f03a1a3 sp=0x00000009760f9b78 mode 2
Event: 1833.456 Thread 0x00000110693c1a80 DEOPT PACKING pc=0x00000110093a7eb1 sp=0x00000009760f98e0
Event: 1833.456 Thread 0x00000110693c1a80 DEOPT UNPACKING pc=0x000001100f03ace3 sp=0x00000009760f8d38 mode 0

Classes loaded (20 events):
Event: 1826.027 Loading class com/sun/xml/internal/stream/events/EndElementEvent
Event: 1826.028 Loading class javax/xml/stream/events/EndElement
Event: 1826.028 Loading class javax/xml/stream/events/EndElement done
Event: 1826.028 Loading class com/sun/xml/internal/stream/events/EndElementEvent done
Event: 1827.811 Loading class java/util/concurrent/Executors$DelegatedScheduledExecutorService
Event: 1827.814 Loading class java/util/concurrent/Executors$DelegatedExecutorService
Event: 1827.815 Loading class java/util/concurrent/Executors$DelegatedExecutorService done
Event: 1827.815 Loading class java/util/concurrent/Executors$DelegatedScheduledExecutorService done
Event: 1827.830 Loading class java/lang/ProcessImpl
Event: 1827.833 Loading class java/lang/ProcessImpl done
Event: 1827.873 Loading class java/lang/ProcessHandleImpl
Event: 1827.876 Loading class java/lang/ProcessHandleImpl done
Event: 1827.888 Loading class java/lang/ProcessImpl$2
Event: 1827.889 Loading class java/lang/ProcessImpl$2 done
Event: 1827.895 Loading class java/lang/Process$PipeInputStream
Event: 1827.895 Loading class java/lang/Process$PipeInputStream done
Event: 1827.901 Loading class jdk/internal/event/ProcessStartEvent
Event: 1827.902 Loading class jdk/internal/event/ProcessStartEvent done
Event: 1828.530 Loading class java/util/Collections$UnmodifiableSortedMap
Event: 1828.533 Loading class java/util/Collections$UnmodifiableSortedMap done

Classes unloaded (20 events):
Event: 1819.915 Thread 0x000001101e5d0cd0 Unloading class 0x0000011020e8adc8 'jdk/internal/jimage/BasicImageReader$2'
Event: 1819.915 Thread 0x000001101e5d0cd0 Unloading class 0x0000011020e8ab98 'jdk/internal/jimage/BasicImageReader$1'
Event: 1819.915 Thread 0x000001101e5d0cd0 Unloading class 0x0000011020e8a930 'jdk/internal/jimage/ImageReader$Resource'
Event: 1819.915 Thread 0x000001101e5d0cd0 Unloading class 0x0000011020e8a6c8 'jdk/internal/jimage/ImageReader$LinkNode'
Event: 1819.915 Thread 0x000001101e5d0cd0 Unloading class 0x0000011020e8a460 'jdk/internal/jimage/ImageReader$Directory'
Event: 1819.917 Thread 0x000001101e5d0cd0 Unloading class 0x0000011020e8a1f8 'jdk/internal/jimage/ImageReader$Node'
Event: 1819.917 Thread 0x000001101e5d0cd0 Unloading class 0x0000011020e8a000 'jdk/internal/jimage/ImageStrings'
Event: 1819.917 Thread 0x000001101e5d0cd0 Unloading class 0x0000011020e89b50 'jdk/internal/jimage/ImageReader$SharedImageReader'
Event: 1819.917 Thread 0x000001101e5d0cd0 Unloading class 0x0000011020e89890 'jdk/internal/jimage/BasicImageReader'
Event: 1819.917 Thread 0x000001101e5d0cd0 Unloading class 0x0000011020e89670 'jdk/internal/jimage/ImageReader'
Event: 1819.917 Thread 0x000001101e5d0cd0 Unloading class 0x0000011020e89448 'jdk/internal/jrtfs/SystemImage$2'
Event: 1819.917 Thread 0x000001101e5d0cd0 Unloading class 0x0000011020e89230 'jdk/internal/jrtfs/SystemImage$$Lambda$2155+0x0000011020e89230'
Event: 1819.917 Thread 0x000001101e5d0cd0 Unloading class 0x0000011020e89000 'jdk/internal/jrtfs/ExplodedImage'
Event: 1819.917 Thread 0x000001101e5d0cd0 Unloading class 0x0000011020e88dc8 'jdk/internal/jrtfs/SystemImage$1'
Event: 1819.917 Thread 0x000001101e5d0cd0 Unloading class 0x0000011020e88bb0 'jdk/internal/jrtfs/SystemImage'
Event: 1819.917 Thread 0x000001101e5d0cd0 Unloading class 0x0000011020e88950 'jdk/internal/jrtfs/JrtFileStore'
Event: 1819.918 Thread 0x000001101e5d0cd0 Unloading class 0x0000011020e885d8 'jdk/internal/jrtfs/JrtPath'
Event: 1819.930 Thread 0x000001101e5d0cd0 Unloading class 0x0000011020e882e0 'jdk/internal/jrtfs/JrtFileSystem'
Event: 1819.930 Thread 0x000001101e5d0cd0 Unloading class 0x0000011020e88000 'jdk/internal/jrtfs/JrtFileSystemProvider'
Event: 1819.932 Thread 0x000001101e5d0cd0 Unloading class 0x0000011020bd4400 'java/lang/invoke/LambdaForm$MH+0x0000011020bd4400'

Classes redefined (0 events):
No events

Internal exceptions (20 events):
Event: 1833.609 Thread 0x00000110693c1a80 Exception <a 'sun/nio/fs/WindowsException'{0x00000000913c4a70}> (0x00000000913c4a70) 
thrown [s\src\hotspot\share\prims\jni.cpp, line 516]
Event: 1833.641 Thread 0x00000110693c1a80 Exception <a 'sun/nio/fs/WindowsException'{0x000000009113e2b8}> (0x000000009113e2b8) 
thrown [s\src\hotspot\share\prims\jni.cpp, line 516]
Event: 1833.644 Thread 0x00000110693c1a80 Exception <a 'sun/nio/fs/WindowsException'{0x0000000091159da0}> (0x0000000091159da0) 
thrown [s\src\hotspot\share\prims\jni.cpp, line 516]
Event: 1833.671 Thread 0x00000110693c1a80 Exception <a 'sun/nio/fs/WindowsException'{0x000000009101d5b8}> (0x000000009101d5b8) 
thrown [s\src\hotspot\share\prims\jni.cpp, line 516]
Event: 1833.674 Thread 0x00000110693c1a80 Exception <a 'sun/nio/fs/WindowsException'{0x0000000091023988}> (0x0000000091023988) 
thrown [s\src\hotspot\share\prims\jni.cpp, line 516]
Event: 1833.678 Thread 0x00000110693c1a80 Exception <a 'sun/nio/fs/WindowsException'{0x000000009102abc0}> (0x000000009102abc0) 
thrown [s\src\hotspot\share\prims\jni.cpp, line 516]
Event: 1833.680 Thread 0x00000110693c1a80 Exception <a 'sun/nio/fs/WindowsException'{0x000000009103d0b0}> (0x000000009103d0b0) 
thrown [s\src\hotspot\share\prims\jni.cpp, line 516]
Event: 1833.701 Thread 0x00000110693c1a80 Exception <a 'sun/nio/fs/WindowsException'{0x00000000910cb448}> (0x00000000910cb448) 
thrown [s\src\hotspot\share\prims\jni.cpp, line 516]
Event: 1833.704 Thread 0x00000110693c1a80 Exception <a 'sun/nio/fs/WindowsException'{0x00000000910da738}> (0x00000000910da738) 
thrown [s\src\hotspot\share\prims\jni.cpp, line 516]
Event: 1833.734 Thread 0x00000110693c1a80 Exception <a 'sun/nio/fs/WindowsException'{0x0000000090fda2c0}> (0x0000000090fda2c0) 
thrown [s\src\hotspot\share\prims\jni.cpp, line 516]
Event: 1833.739 Thread 0x00000110693c1a80 Exception <a 'sun/nio/fs/WindowsException'{0x0000000090fee5a0}> (0x0000000090fee5a0) 
thrown [s\src\hotspot\share\prims\jni.cpp, line 516]
Event: 1833.796 Thread 0x00000110693c1a80 Exception <a 'sun/nio/fs/WindowsException'{0x0000000090d797a8}> (0x0000000090d797a8) 
thrown [s\src\hotspot\share\prims\jni.cpp, line 516]
Event: 1833.804 Thread 0x00000110693c1a80 Exception <a 'sun/nio/fs/WindowsException'{0x0000000090d96f28}> (0x0000000090d96f28) 
thrown [s\src\hotspot\share\prims\jni.cpp, line 516]
Event: 1833.856 Thread 0x00000110693c1a80 Exception <a 'sun/nio/fs/WindowsException'{0x0000000090cc4088}> (0x0000000090cc4088) 
thrown [s\src\hotspot\share\prims\jni.cpp, line 516]
Event: 1833.859 Thread 0x00000110693c1a80 Exception <a 'sun/nio/fs/WindowsException'{0x0000000090cd5f50}> (0x0000000090cd5f50) 
thrown [s\src\hotspot\share\prims\jni.cpp, line 516]
Event: 1833.866 Thread 0x00000110693c1a80 Exception <a 'sun/nio/fs/WindowsException'{0x0000000090cf21f8}> (0x0000000090cf21f8) 
thrown [s\src\hotspot\share\prims\jni.cpp, line 516]
Event: 1833.881 Thread 0x00000110693c1a80 Exception <a 'sun/nio/fs/WindowsException'{0x0000000090bf2a48}> (0x0000000090bf2a48) 
thrown [s\src\hotspot\share\prims\jni.cpp, line 516]
Event: 1833.935 Thread 0x00000110693c1a80 Exception <a 'sun/nio/fs/WindowsException'{0x000000009088a460}> (0x000000009088a460) 
thrown [s\src\hotspot\share\prims\jni.cpp, line 516]
Event: 1833.981 Thread 0x00000110693c1a80 Exception <a 'sun/nio/fs/WindowsException'{0x0000000090893a90}> (0x0000000090893a90) 
thrown [s\src\hotspot\share\prims\jni.cpp, line 516]
Event: 1833.986 Thread 0x00000110693c1a80 Exception <a 'sun/nio/fs/WindowsException'{0x000000009089eda8}> (0x000000009089eda8) 
thrown [s\src\hotspot\share\prims\jni.cpp, line 516]

VM Operations (20 events):
Event: 1828.535 Executing VM operation: HandshakeAllThreads
Event: 1828.535 Executing VM operation: HandshakeAllThreads done
Event: 1828.545 Executing VM operation: HandshakeAllThreads
Event: 1828.545 Executing VM operation: HandshakeAllThreads done
Event: 1828.627 Executing VM operation: HandshakeAllThreads
Event: 1828.627 Executing VM operation: HandshakeAllThreads done
Event: 1829.638 Executing VM operation: Cleanup
Event: 1829.638 Executing VM operation: Cleanup done
Event: 1830.327 Executing VM operation: G1CollectForAllocation
Event: 1830.474 Executing VM operation: G1CollectForAllocation done
Event: 1830.737 Executing VM operation: HandshakeAllThreads
Event: 1830.756 Executing VM operation: HandshakeAllThreads done
Event: 1831.763 Executing VM operation: Cleanup
Event: 1831.770 Executing VM operation: Cleanup done
Event: 1832.364 Executing VM operation: ICBufferFull
Event: 1832.367 Executing VM operation: ICBufferFull done
Event: 1833.098 Executing VM operation: ICBufferFull
Event: 1833.099 Executing VM operation: ICBufferFull done
Event: 1833.455 Executing VM operation: ICBufferFull
Event: 1833.456 Executing VM operation: ICBufferFull done

Memory protections (0 events):
No events

Nmethod flushes (20 events):
Event: 1831.974 Thread 0x000001101e5fcfb0 flushing  nmethod 0x0000011008f10210
Event: 1831.991 Thread 0x000001101e5fcfb0 flushing  nmethod 0x000001100905f890
Event: 1831.999 Thread 0x000001101e5fcfb0 flushing  nmethod 0x0000011009123c10
Event: 1832.000 Thread 0x000001101e5fcfb0 flushing  nmethod 0x000001100912a990
Event: 1832.001 Thread 0x000001101e5fcfb0 flushing  nmethod 0x0000011009132c10
Event: 1832.021 Thread 0x000001101e5fcfb0 flushing  nmethod 0x00000110092bfa90
Event: 1832.083 Thread 0x000001101e5fcfb0 flushing  nmethod 0x0000011009724590
Event: 1832.204 Thread 0x000001101e5fcfb0 flushing  nmethod 0x0000011009b37790
Event: 1832.204 Thread 0x000001101e5fcfb0 flushing  nmethod 0x0000011009b3aa90
Event: 1832.265 Thread 0x000001101e5fcfb0 flushing  nmethod 0x0000011009df4310
Event: 1832.270 Thread 0x000001101e5fcfb0 flushing  nmethod 0x0000011009e66410
Event: 1832.270 Thread 0x000001101e5fcfb0 flushing  nmethod 0x0000011009e66e90
Event: 1832.271 Thread 0x000001101e5fcfb0 flushing  nmethod 0x0000011009e71290
Event: 1832.271 Thread 0x000001101e5fcfb0 flushing  nmethod 0x0000011009e8ad10
Event: 1832.273 Thread 0x000001101e5fcfb0 flushing  nmethod 0x0000011009ee5890
Event: 1832.274 Thread 0x000001101e5fcfb0 flushing  nmethod 0x0000011009efa690
Event: 1832.275 Thread 0x000001101e5fcfb0 flushing  nmethod 0x0000011009f41d90
Event: 1832.275 Thread 0x000001101e5fcfb0 flushing  nmethod 0x0000011009f42110
Event: 1832.275 Thread 0x000001101e5fcfb0 flushing  nmethod 0x0000011009f61610
Event: 1832.275 Thread 0x000001101e5fcfb0 flushing  nmethod 0x0000011009f67910

Events (20 events):
Event: 1825.414 Thread 0x00000110693c6b80 Thread added: 0x0000011066e04450
Event: 1825.437 Thread 0x00000110693c6b80 Thread added: 0x0000011066e03f40
Event: 1825.870 Thread 0x0000011066e03f40 Thread added: 0x0000011067c91000
Event: 1827.130 Thread 0x00000110693c5740 Thread added: 0x0000011067c8f1a0
Event: 1827.131 Thread 0x00000110693c5740 Thread added: 0x0000011067c94cc0
Event: 1827.132 Thread 0x00000110693c5740 Thread added: 0x0000011067c8dd60
Event: 1827.326 Thread 0x00000110693c75a0 Thread added: 0x0000011067c8d850
Event: 1827.554 Thread 0x00000110693c5740 Thread added: 0x0000011067c91f30
Event: 1827.818 Thread 0x0000011067c94cc0 Thread added: 0x0000011067c905e0
Event: 1827.916 Thread 0x0000011067c94cc0 Thread added: 0x0000011067c91a20
Event: 1827.916 Thread 0x0000011067c94cc0 Thread added: 0x0000011067c8e270
Event: 1827.921 Thread 0x00000110693c1a80 Thread added: 0x0000011067c90af0
Event: 1827.933 Thread 0x00000110693c1a80 Thread added: 0x0000011067c92440
Event: 1828.343 Thread 0x00000110693c1a80 Thread added: 0x0000011067c92e60
Event: 1828.343 Thread 0x00000110693c1a80 Thread added: 0x0000011067c93370
Event: 1828.344 Thread 0x00000110693c1a80 Thread added: 0x0000011067c93d90
Event: 1828.346 Thread 0x00000110693c1a80 Thread added: 0x00000110640935e0
Event: 1828.347 Thread 0x00000110693c1a80 Thread added: 0x000001106408fe30
Event: 1828.347 Thread 0x00000110693c1a80 Thread added: 0x0000011064090d60
Event: 1828.347 Thread 0x00000110693c1a80 Thread added: 0x0000011064093af0


Dynamic libraries:
0x00007ff709080000 - 0x00007ff70908e000 	C:\Users\welcome\.gradle\jdks\eclipse_adoptium-17-amd64-windows.2\bin\java.exe
0x00007ffaf93b0000 - 0x00007ffaf95a8000 	C:\Windows\SYSTEM32\ntdll.dll
0x00007ffaf7c90000 - 0x00007ffaf7d52000 	C:\Windows\System32\KERNEL32.DLL
0x00007ffaf6a30000 - 0x00007ffaf6d27000 	C:\Windows\System32\KERNELBASE.dll
0x00007ffaf6d30000 - 0x00007ffaf6e30000 	C:\Windows\System32\ucrtbase.dll
0x00007ffad3360000 - 0x00007ffad3378000 	C:\Users\welcome\.gradle\jdks\eclipse_adoptium-17-amd64-windows.2\bin\jli.dll
0x00007ffaca9d0000 - 0x00007ffaca9ee000 	C:\Users\welcome\.gradle\jdks\eclipse_adoptium-17-amd64-windows.2\bin\VCRUNTIME140.dll
0x00007ffaf8a50000 - 0x00007ffaf8bed000 	C:\Windows\System32\USER32.dll
0x00007ffaf7080000 - 0x00007ffaf70a2000 	C:\Windows\System32\win32u.dll
0x00007ffadd660000 - 0x00007ffadd8fb000 	C:\Windows\WinSxS\amd64_microsoft.windows.common-controls_6595b64144ccf1df_6.0.19041.6926_none_60b5a53971f8f7e6\COMCTL32.dll
0x00007ffaf8960000 - 0x00007ffaf898b000 	C:\Windows\System32\GDI32.dll
0x00007ffaf6f60000 - 0x00007ffaf707a000 	C:\Windows\System32\gdi32full.dll
0x00007ffaf9000000 - 0x00007ffaf909e000 	C:\Windows\System32\msvcrt.dll
0x00007ffaf6e30000 - 0x00007ffaf6ecd000 	C:\Windows\System32\msvcp_win.dll
0x00007ffaf8130000 - 0x00007ffaf815f000 	C:\Windows\System32\IMM32.DLL
0x00007ffaddb70000 - 0x00007ffaddb7c000 	C:\Users\welcome\.gradle\jdks\eclipse_adoptium-17-amd64-windows.2\bin\vcruntime140_1.dll
0x00007ffabf6e0000 - 0x00007ffabf76d000 	C:\Users\welcome\.gradle\jdks\eclipse_adoptium-17-amd64-windows.2\bin\msvcp140.dll
0x00007ffaa0a60000 - 0x00007ffaa16cb000 	C:\Users\welcome\.gradle\jdks\eclipse_adoptium-17-amd64-windows.2\bin\server\jvm.dll
0x00007ffaf8990000 - 0x00007ffaf8a41000 	C:\Windows\System32\ADVAPI32.dll
0x00007ffaf8bf0000 - 0x00007ffaf8c8f000 	C:\Windows\System32\sechost.dll
0x00007ffaf8000000 - 0x00007ffaf8126000 	C:\Windows\System32\RPCRT4.dll
0x00007ffaf7210000 - 0x00007ffaf7237000 	C:\Windows\System32\bcrypt.dll
0x00007ffaf88f0000 - 0x00007ffaf895b000 	C:\Windows\System32\WS2_32.dll
0x00007ffad9850000 - 0x00007ffad9877000 	C:\Windows\SYSTEM32\WINMM.dll
0x00007ffaec940000 - 0x00007ffaec94a000 	C:\Windows\SYSTEM32\VERSION.dll
0x00007ffaf5f40000 - 0x00007ffaf5f8b000 	C:\Windows\SYSTEM32\POWRPROF.dll
0x00007ffaf5e00000 - 0x00007ffaf5e12000 	C:\Windows\SYSTEM32\UMPDC.dll
0x00007ffaf5250000 - 0x00007ffaf5262000 	C:\Windows\SYSTEM32\kernel.appcore.dll
0x00007ffad9890000 - 0x00007ffad989a000 	C:\Users\welcome\.gradle\jdks\eclipse_adoptium-17-amd64-windows.2\bin\jimage.dll
0x00007ffaf4610000 - 0x00007ffaf4811000 	C:\Windows\SYSTEM32\DBGHELP.DLL
0x00007ffad89c0000 - 0x00007ffad89f4000 	C:\Windows\SYSTEM32\dbgcore.DLL
0x00007ffaf6ed0000 - 0x00007ffaf6f52000 	C:\Windows\System32\bcryptPrimitives.dll
0x00007ffad5b50000 - 0x00007ffad5b5e000 	C:\Users\welcome\.gradle\jdks\eclipse_adoptium-17-amd64-windows.2\bin\instrument.dll
0x00007ffac5990000 - 0x00007ffac59b5000 	C:\Users\welcome\.gradle\jdks\eclipse_adoptium-17-amd64-windows.2\bin\java.dll
0x00007ffab3730000 - 0x00007ffab3807000 	C:\Users\welcome\.gradle\jdks\eclipse_adoptium-17-amd64-windows.2\bin\jsvml.dll
0x00007ffaf73d0000 - 0x00007ffaf7b41000 	C:\Windows\System32\SHELL32.dll
0x00007ffaf4a90000 - 0x00007ffaf5236000 	C:\Windows\SYSTEM32\windows.storage.dll
0x00007ffaf8c90000 - 0x00007ffaf8fe3000 	C:\Windows\System32\combase.dll
0x00007ffaf6460000 - 0x00007ffaf648b000 	C:\Windows\SYSTEM32\Wldp.dll
0x00007ffaf7f30000 - 0x00007ffaf7ffd000 	C:\Windows\System32\OLEAUT32.dll
0x00007ffaf9260000 - 0x00007ffaf930d000 	C:\Windows\System32\SHCORE.dll
0x00007ffaf8740000 - 0x00007ffaf879b000 	C:\Windows\System32\shlwapi.dll
0x00007ffaf6960000 - 0x00007ffaf6984000 	C:\Windows\SYSTEM32\profapi.dll
0x00007ffac2b50000 - 0x00007ffac2b68000 	C:\Users\welcome\.gradle\jdks\eclipse_adoptium-17-amd64-windows.2\bin\zip.dll
0x00007ffac1820000 - 0x00007ffac183a000 	C:\Users\welcome\.gradle\jdks\eclipse_adoptium-17-amd64-windows.2\bin\net.dll
0x00007ffaf07f0000 - 0x00007ffaf08fa000 	C:\Windows\SYSTEM32\WINHTTP.dll
0x00007ffaf6190000 - 0x00007ffaf61fa000 	C:\Windows\system32\mswsock.dll
0x00007ffabfac0000 - 0x00007ffabfad6000 	C:\Users\welcome\.gradle\jdks\eclipse_adoptium-17-amd64-windows.2\bin\nio.dll
0x00007ffad56b0000 - 0x00007ffad56c0000 	C:\Users\welcome\.gradle\jdks\eclipse_adoptium-17-amd64-windows.2\bin\verify.dll
0x00007ffaaffa0000 - 0x00007ffaaffc7000 	C:\Users\welcome\.gradle\native\660c5614fbf4a5f2a75b1949f50a0caf5cd603558e7d8a26e50b933a0cfb79d1\windows-amd64\native-platform.dll
0x00007ffaa30e0000 - 0x00007ffaa3157000 	C:\Users\welcome\.gradle\native\0.2.8\x86_64-windows-gnu\gradle-fileevents.dll
0x00007ffad5410000 - 0x00007ffad541a000 	C:\Users\welcome\.gradle\jdks\eclipse_adoptium-17-amd64-windows.2\bin\management.dll
0x00007ffad53e0000 - 0x00007ffad53ec000 	C:\Users\welcome\.gradle\jdks\eclipse_adoptium-17-amd64-windows.2\bin\management_ext.dll
0x00007ffaf9250000 - 0x00007ffaf9258000 	C:\Windows\System32\PSAPI.DLL
0x00007ffaf5e20000 - 0x00007ffaf5e5b000 	C:\Windows\SYSTEM32\IPHLPAPI.DLL
0x00007ffaf8ff0000 - 0x00007ffaf8ff8000 	C:\Windows\System32\NSI.dll
0x00007ffaec690000 - 0x00007ffaec6a7000 	C:\Windows\SYSTEM32\dhcpcsvc6.DLL
0x00007ffaef4a0000 - 0x00007ffaef4bd000 	C:\Windows\SYSTEM32\dhcpcsvc.DLL
0x00007ffaf5e70000 - 0x00007ffaf5f3a000 	C:\Windows\SYSTEM32\DNSAPI.dll
0x00007ffad53c0000 - 0x00007ffad53c9000 	C:\Users\welcome\.gradle\jdks\eclipse_adoptium-17-amd64-windows.2\bin\extnet.dll
0x00007ffaf63b0000 - 0x00007ffaf63c8000 	C:\Windows\SYSTEM32\CRYPTSP.dll
0x00007ffaf5a40000 - 0x00007ffaf5a78000 	C:\Windows\system32\rsaenh.dll
0x00007ffaf68e0000 - 0x00007ffaf690e000 	C:\Windows\SYSTEM32\USERENV.dll
0x00007ffaf63d0000 - 0x00007ffaf63dc000 	C:\Windows\SYSTEM32\CRYPTBASE.dll
0x00007ffad5160000 - 0x00007ffad516e000 	C:\Users\welcome\.gradle\jdks\eclipse_adoptium-17-amd64-windows.2\bin\sunmscapi.dll
0x00007ffaf70b0000 - 0x00007ffaf720d000 	C:\Windows\System32\CRYPT32.dll
0x00007ffaf64d0000 - 0x00007ffaf64f7000 	C:\Windows\SYSTEM32\ncrypt.dll
0x00007ffaf6490000 - 0x00007ffaf64cb000 	C:\Windows\SYSTEM32\NTASN1.dll
0x00007ffadae10000 - 0x00007ffadae17000 	C:\Windows\system32\wshunix.dll
0x00007ffaf5c90000 - 0x00007ffaf5cc3000 	C:\Windows\SYSTEM32\ntmarta.dll

dbghelp: loaded successfully - version: 4.0.5 - missing functions: none
symbol engine: initialized successfully - sym options: 0x614 - pdb path: .;C:\Users\welcome\.gradle\jdks\eclipse_adoptium-17-amd64-windows.2\bin;C:\Windows\SYSTEM32;C:\Windows\WinSxS\amd64_microsoft.windows.common-controls_6595b64144ccf1df_6.0.19041.6926_none_60b5a53971f8f7e6;C:\Users\welcome\.gradle\jdks\eclipse_adoptium-17-amd64-windows.2\bin\server;C:\Users\welcome\.gradle\native\660c5614fbf4a5f2a75b1949f50a0caf5cd603558e7d8a26e50b933a0cfb79d1\windows-amd64;C:\Users\welcome\.gradle\native\0.2.8\x86_64-windows-gnu

VM Arguments:
jvm_args: --add-opens=java.base/java.lang=ALL-UNNAMED --add-opens=java.base/java.lang.invoke=ALL-UNNAMED --add-opens=java.base/java.util=ALL-UNNAMED --add-opens=java.prefs/java.util.prefs=ALL-UNNAMED --add-exports=jdk.compiler/com.sun.tools.javac.api=ALL-UNNAMED --add-exports=jdk.compiler/com.sun.tools.javac.util=ALL-UNNAMED --add-opens=java.base/java.util=ALL-UNNAMED --add-opens=java.prefs/java.util.prefs=ALL-UNNAMED --add-opens=java.base/java.nio.charset=ALL-UNNAMED --add-opens=java.base/java.net=ALL-UNNAMED --add-opens=java.base/java.util.concurrent=ALL-UNNAMED --add-opens=java.base/java.util.concurrent.atomic=ALL-UNNAMED --add-opens=java.xml/javax.xml.namespace=ALL-UNNAMED --add-opens=java.base/java.time=ALL-UNNAMED -Xmx2048m -Dfile.encoding=UTF-8 -Duser.country=IN -Duser.language=en -Duser.variant -javaagent:C:\Users\welcome\.gradle\wrapper\dists\gradle-9.3.1-bin\23ovyewtku6u96viwx3xl3oks\gradle-9.3.1\lib\agents\gradle-instrumentation-agent-9.3.1.jar 
java_command: org.gradle.launcher.daemon.bootstrap.GradleDaemon 9.3.1
java_class_path (initial): C:\Users\welcome\.gradle\wrapper\dists\gradle-9.3.1-bin\23ovyewtku6u96viwx3xl3oks\gradle-9.3.1\lib\gradle-daemon-main-9.3.1.jar
Launcher Type: SUN_STANDARD

[Global flags]
     intx CICompilerCount                          = 4                                         {product} {ergonomic}
     uint ConcGCThreads                            = 2                                         {product} {ergonomic}
     uint G1ConcRefinementThreads                  = 8                                         {product} {ergonomic}
   size_t G1HeapRegionSize                         = 1048576                                   {product} {ergonomic}
    uintx GCDrainStackTargetSize                   = 64                                        {product} {ergonomic}
   size_t InitialHeapSize                          = 62914560                                  {product} {ergonomic}
   size_t MarkStackSize                            = 4194304                                   {product} {ergonomic}
   size_t MaxHeapSize                              = 2147483648                                {product} {command line}
   size_t MaxNewSize                               = 1287651328                                {product} {ergonomic}
   size_t MinHeapDeltaBytes                        = 1048576                                   {product} {ergonomic}
   size_t MinHeapSize                              = 8388608                                   {product} {ergonomic}
    uintx NonNMethodCodeHeapSize                   = 5839372                                {pd product} {ergonomic}
    uintx NonProfiledCodeHeapSize                  = 122909434                              {pd product} {ergonomic}
    uintx ProfiledCodeHeapSize                     = 122909434                              {pd product} {ergonomic}
    uintx ReservedCodeCacheSize                    = 251658240                              {pd product} {ergonomic}
     bool SegmentedCodeCache                       = true                                      {product} {ergonomic}
   size_t SoftMaxHeapSize                          = 2147483648                             {manageable} {ergonomic}
     bool UseCompressedClassPointers               = true                           {product lp64_product} {ergonomic}
     bool UseCompressedOops                        = true                           {product lp64_product} {ergonomic}
     bool UseG1GC                                  = true                                      {product} {ergonomic}
     bool UseLargePagesIndividualAllocation        = false                                  {pd product} {ergonomic}

Logging:
Log output configuration:
 #0: stdout all=warning uptime,level,tags
 #1: stderr all=off uptime,level,tags

Environment Variables:
PATH=C:\Windows\system32;C:\Windows;C:\Windows\System32\Wbem;C:\Windows\System32\WindowsPowerShell\v1.0\;C:\Windows\System32\OpenSSH\;C:\Program Files\Git\cmd;C:\Program Files\nodejs\;C:\Users\welcome\AppData\Local\Microsoft\WindowsApps;C:\Users\welcome\AppData\Local\Programs\Antigravity\bin;C:\Users\welcome\AppData\Local\Programs\cursor\resources\app\bin;C:\Users\welcome\AppData\Local\Programs\Microsoft VS Code\bin;C:\Users\welcome\AppData\Roaming\npm;C:\Users\welcome\AppData\Local\Android\Sdk;C:\Users\welcome\AppData\Local\Android\Sdk\platform-tools
USERNAME=welcome
OS=Windows_NT
PROCESSOR_IDENTIFIER=Intel64 Family 6 Model 140 Stepping 2, GenuineIntel
TMP=C:\Users\welcome\AppData\Local\Temp
TEMP=C:\Users\welcome\AppData\Local\Temp



Periodic native trim disabled


---------------  S Y S T E M  ---------------

OS:
 Windows 10 , 64 bit Build 19041 (10.0.19041.6807)
OS uptime: 5 days 21:02 hours

CPU: total 8 (initial active 8) (4 cores per cpu, 2 threads per core) family 6 model 140 stepping 2 microcode 0x34, cx8, cmov, fxsr, ht, mmx, 3dnowpref, sse, sse2, sse3, ssse3, sse4.1, sse4.2, popcnt, lzcnt, tsc, tscinvbit, avx, avx2, aes, erms, clmul, bmi1, bmi2, adx, avx512f, avx512dq, avx512cd, avx512bw, avx512vl, sha, fma, vzeroupper, avx512_vpopcntdq, avx512_vpclmulqdq, avx512_vaes, avx512_vnni, clflush, clflushopt, clwb, avx512_vbmi2, avx512_vbmi
Processor Information for all 8 processors :
  Max Mhz: 2496, Current Mhz: 2496, Mhz Limit: 2496

Memory: 4k page, system-wide physical 3738M (27M free)
TotalPageFile size 15002M (AvailPageFile size 50M)
current process WorkingSet (physical memory assigned to process): 184M, peak: 421M
current process commit charge ("private bytes"): 773M, peak: 775M

vm_info: OpenJDK 64-Bit Server VM (17.0.18+8) for windows-amd64 JRE (17.0.18+8), built on Jan 20 2026 22:28:22 by "admin" with MS VC++ 17.12 (VS2022)

END.
