#
# There is insufficient memory for the Java Runtime Environment to continue.
# Native memory allocation (malloc) failed to allocate 1325616 bytes. Error detail: Chunk::new
# Possible reasons:
#   The system is out of physical RAM or swap space
#   This process is running with CompressedOops enabled, and the Java Heap may be blocking the growth of the native heap
# Possible solutions:
#   Reduce memory load on the system
#   Increase physical memory or swap space
#   Check if swap backing store is full
#   Decrease Java heap size (-Xmx/-Xms)
#   Decrease number of Java threads
#   Decrease Java thread stack sizes (-Xss)
#   Set larger code cache with -XX:ReservedCodeCacheSize=
#   JVM is running with Unscaled Compressed Oops mode in which the Java heap is
#     placed in the first 4GB address space. The Java Heap base address is the
#     maximum limit for the native heap growth. Please use -XX:HeapBaseMinAddress
#     to set the Java Heap base and to place the Java Heap above 4GB virtual address.
# This output file may be truncated or incomplete.
#
#  Out of Memory Error (arena.cpp:191), pid=19664, tid=15316
#
# JRE version: OpenJDK Runtime Environment Temurin-17.0.18+8 (17.0.18+8) (build 17.0.18+8)
# Java VM: OpenJDK 64-Bit Server VM Temurin-17.0.18+8 (17.0.18+8, mixed mode, sharing, tiered, compressed oops, compressed class ptrs, g1 gc, windows-amd64)
# No core dump will be written. Minidumps are not enabled by default on client versions of Windows
#

---------------  S U M M A R Y ------------

Command Line: --add-opens=java.base/java.lang=ALL-UNNAMED --add-opens=java.base/java.lang.invoke=ALL-UNNAMED --add-opens=java.base/java.util=ALL-UNNAMED --add-opens=java.prefs/java.util.prefs=ALL-UNNAMED --add-exports=jdk.compiler/com.sun.tools.javac.api=ALL-UNNAMED --add-exports=jdk.compiler/com.sun.tools.javac.util=ALL-UNNAMED --add-opens=java.base/java.util=ALL-UNNAMED --add-opens=java.prefs/java.util.prefs=ALL-UNNAMED --add-opens=java.base/java.nio.charset=ALL-UNNAMED --add-opens=java.base/java.net=ALL-UNNAMED --add-opens=java.base/java.util.concurrent=ALL-UNNAMED --add-opens=java.base/java.util.concurrent.atomic=ALL-UNNAMED --add-opens=java.xml/javax.xml.namespace=ALL-UNNAMED --add-opens=java.base/java.time=ALL-UNNAMED -Xmx2048m -Dfile.encoding=UTF-8 -Duser.country=IN -Duser.language=en -Duser.variant -javaagent:C:\Users\welcome\.gradle\wrapper\dists\gradle-9.3.1-bin\23ovyewtku6u96viwx3xl3oks\gradle-9.3.1\lib\agents\gradle-instrumentation-agent-9.3.1.jar org.gradle.launcher.daemon.bootstrap.GradleDaemon 9.3.1

Host: 11th Gen Intel(R) Core(TM) i5-1155G7 @ 2.50GHz, 8 cores, 3G,  Windows 10 , 64 bit Build 19041 (10.0.19041.6807)
Time: Thu Mar 19 12:45:02 2026 India Standard Time elapsed time: 75.338115 seconds (0d 0h 1m 15s)

---------------  T H R E A D  ---------------

Current thread (0x0000023b931e5ec0):  JavaThread "C2 CompilerThread1" daemon [_thread_in_native, id=15316, stack(0x0000003b05600000,0x0000003b05700000)]


Current CompileTask:
C2:75338 14165       4       org.gradle.cache.internal.DefaultCacheCoordinator$UnitOfWorkFileAccess::readFile (14 bytes)

Stack: [0x0000003b05600000,0x0000003b05700000]
Native frames: (J=compiled Java code, j=interpreted, Vv=VM code, C=native code)
V  [jvm.dll+0x6846f9]
V  [jvm.dll+0x839ea5]
V  [jvm.dll+0x83b91e]
V  [jvm.dll+0x83bfa3]
V  [jvm.dll+0x248eff]
V  [jvm.dll+0xad496]
V  [jvm.dll+0xadb3c]
V  [jvm.dll+0x368bcf]
V  [jvm.dll+0x333055]
V  [jvm.dll+0x3324ba]
V  [jvm.dll+0x219db9]
V  [jvm.dll+0x219200]
V  [jvm.dll+0x1a4920]
V  [jvm.dll+0x22989a]
V  [jvm.dll+0x227a4b]
V  [jvm.dll+0x7f0658]
V  [jvm.dll+0x7eaaec]
V  [jvm.dll+0x6835c7]
C  [ucrtbase.dll+0x21bb2]
C  [KERNEL32.DLL+0x17374]
C  [ntdll.dll+0x4cc91]


---------------  P R O C E S S  ---------------

Threads class SMR info:
_java_thread_list=0x0000023b94680160, length=124, elements={
0x0000023b2d0fead0, 0x0000023b4b4b2510, 0x0000023b4b4b43f0, 0x0000023b4b4cf5e0,
0x0000023b4b4d1fc0, 0x0000023b4b4d2890, 0x0000023b4b4d5170, 0x0000023b4b4e1b60,
0x0000023b4b4e5490, 0x0000023b4b4ee880, 0x0000023b4b4a07b0, 0x0000023b4b93e720,
0x0000023b927e20c0, 0x0000023b9220af90, 0x0000023b92464ce0, 0x0000023b910eaa50,
0x0000023b923f3fc0, 0x0000023b4b4c7400, 0x0000023b4b4c9260, 0x0000023b4b4c5fc0,
0x0000023b4b4c7e20, 0x0000023b4b4c6ef0, 0x0000023b4b4c8840, 0x0000023b4b4c8d50,
0x0000023b4b4c5ab0, 0x0000023b92ea4ad0, 0x0000023b92e9e080, 0x0000023b92ea2760,
0x0000023b92ea1830, 0x0000023b92ea40b0, 0x0000023b92ea54f0, 0x0000023b92e9eaa0,
0x0000023b92ea5a00, 0x0000023b92ea1320, 0x0000023b92ea1d40, 0x0000023b92e9e590,
0x0000023b92e9f4c0, 0x0000023b92e9f9d0, 0x0000023b92e9fee0, 0x0000023b92ea03f0,
0x0000023b92ea0900, 0x0000023b92ea2c70, 0x0000023b92ea0e10, 0x0000023b92ea3180,
0x0000023b92ea3690, 0x0000023b92ea3ba0, 0x0000023b93e09410, 0x0000023b93e0ad60,
0x0000023b93e08f00, 0x0000023b93e0b780, 0x0000023b93e0a340, 0x0000023b93e0b270,
0x0000023b93e07fd0, 0x0000023b93e09e30, 0x0000023b93e09920, 0x0000023b93e0a850,
0x0000023b93e084e0, 0x0000023b93e089f0, 0x0000023b93613a90, 0x0000023b936149c0,
0x0000023b9360fdd0, 0x0000023b93616310, 0x0000023b93617240, 0x0000023b93613070,
0x0000023b93613580, 0x0000023b93610d00, 0x0000023b93611c30, 0x0000023b93616820,
0x0000023b93611210, 0x0000023b936102e0, 0x0000023b93616d30, 0x0000023b93613fa0,
0x0000023b936107f0, 0x0000023b936144b0, 0x0000023b936158f0, 0x0000023b936153e0,
0x0000023b93615e00, 0x0000023b93617750, 0x0000023b93611720, 0x0000023b93612650,
0x0000023b93612b60, 0x0000023b4b4c69e0, 0x0000023b946aa060, 0x0000023b946af670,
0x0000023b946afb80, 0x0000023b946ab4a0, 0x0000023b946ad300, 0x0000023b946ae230,
0x0000023b946b19e0, 0x0000023b952901d0, 0x0000023b9528f7b0, 0x0000023b95857e00,
0x0000023b93514060, 0x0000023b93514570, 0x0000023b93514a80, 0x0000023b935159b0,
0x0000023b9720b810, 0x0000023b9720bd20, 0x0000023b93516fa0, 0x0000023b9534c0a0,
0x0000023b946add20, 0x0000023b946b14d0, 0x0000023b946aaf90, 0x0000023b946aec50,
0x0000023b946acdf0, 0x0000023b946b05a0, 0x0000023b946aaa80, 0x0000023b960081d0,
0x0000023b96008bf0, 0x0000023b95859240, 0x0000023b95858310, 0x0000023b95858820,
0x0000023b95858d30, 0x0000023b95859750, 0x0000023b92f21ef0, 0x0000023b92f22400,
0x0000023b946abec0, 0x0000023b946ac3d0, 0x0000023b946ac8e0, 0x0000023b946af160,
0x0000023b92ea4fe0, 0x0000023b9360bb50, 0x0000023b9360c570, 0x0000023b931e5ec0
}

Java Threads: ( => current thread )
  0x0000023b2d0fead0 JavaThread "main" [_thread_blocked, id=6912, stack(0x0000003b7c600000,0x0000003b7c700000)]
  0x0000023b4b4b2510 JavaThread "Reference Handler" daemon [_thread_blocked, id=8536, stack(0x0000003b7cd00000,0x0000003b7ce00000)]
  0x0000023b4b4b43f0 JavaThread "Finalizer" daemon [_thread_blocked, id=13644, stack(0x0000003b7ce00000,0x0000003b7cf00000)]
  0x0000023b4b4cf5e0 JavaThread "Signal Dispatcher" daemon [_thread_blocked, id=18148, stack(0x0000003b7cf00000,0x0000003b7d000000)]
  0x0000023b4b4d1fc0 JavaThread "Attach Listener" daemon [_thread_blocked, id=11032, stack(0x0000003b7d000000,0x0000003b7d100000)]
  0x0000023b4b4d2890 JavaThread "Service Thread" daemon [_thread_blocked, id=17320, stack(0x0000003b7d100000,0x0000003b7d200000)]
  0x0000023b4b4d5170 JavaThread "Monitor Deflation Thread" daemon [_thread_blocked, id=2448, stack(0x0000003b7d200000,0x0000003b7d300000)]
  0x0000023b4b4e1b60 JavaThread "C2 CompilerThread0" daemon [_thread_in_native, id=16372, stack(0x0000003b7d300000,0x0000003b7d400000)]
  0x0000023b4b4e5490 JavaThread "C1 CompilerThread0" daemon [_thread_blocked, id=17868, stack(0x0000003b7d400000,0x0000003b7d500000)]
  0x0000023b4b4ee880 JavaThread "Sweeper thread" daemon [_thread_blocked, id=20364, stack(0x0000003b7d500000,0x0000003b7d600000)]
  0x0000023b4b4a07b0 JavaThread "Common-Cleaner" daemon [_thread_blocked, id=1804, stack(0x0000003b7d600000,0x0000003b7d700000)]
  0x0000023b4b93e720 JavaThread "Notification Thread" daemon [_thread_blocked, id=6592, stack(0x0000003b7d700000,0x0000003b7d800000)]
  0x0000023b927e20c0 JavaThread "Daemon health stats" [_thread_blocked, id=16268, stack(0x0000003b7dd00000,0x0000003b7de00000)]
  0x0000023b9220af90 JavaThread "Incoming local TCP Connector on port 62960" [_thread_in_native, id=11236, stack(0x0000003b7de00000,0x0000003b7df00000)]
  0x0000023b92464ce0 JavaThread "Daemon periodic checks" [_thread_blocked, id=10232, stack(0x0000003b7df00000,0x0000003b7e000000)]
  0x0000023b910eaa50 JavaThread "Daemon" [_thread_blocked, id=5548, stack(0x0000003b7e300000,0x0000003b7e400000)]
  0x0000023b923f3fc0 JavaThread "Handler for socket connection from /127.0.0.1:62960 to /127.0.0.1:62961" [_thread_in_native, id=13508, stack(0x0000003b7e400000,0x0000003b7e500000)]
  0x0000023b4b4c7400 JavaThread "Cancel handler" [_thread_blocked, id=13512, stack(0x0000003b7e500000,0x0000003b7e600000)]
  0x0000023b4b4c9260 JavaThread "Daemon worker" [_thread_blocked, id=12440, stack(0x0000003b7e600000,0x0000003b7e700000)]
  0x0000023b4b4c5fc0 JavaThread "Asynchronous log dispatcher for DefaultDaemonConnection: socket connection from /127.0.0.1:62960 to /127.0.0.1:62961" [_thread_blocked, id=1884, stack(0x0000003b7e700000,0x0000003b7e800000)]
  0x0000023b4b4c7e20 JavaThread "Stdin handler" [_thread_blocked, id=14340, stack(0x0000003b7e800000,0x0000003b7e900000)]
  0x0000023b4b4c6ef0 JavaThread "Daemon client event forwarder" [_thread_blocked, id=4108, stack(0x0000003b7e900000,0x0000003b7ea00000)]
  0x0000023b4b4c8840 JavaThread "Cache worker for journal cache (C:\Users\welcome\.gradle\caches\journal-1)" [_thread_blocked, id=9840, stack(0x0000003b7ea00000,0x0000003b7eb00000)]
  0x0000023b4b4c8d50 JavaThread "File lock request listener" [_thread_in_native, id=17760, stack(0x0000003b7eb00000,0x0000003b7ec00000)]
  0x0000023b4b4c5ab0 JavaThread "Cache worker for file hash cache (C:\Users\welcome\.gradle\caches\9.3.1\fileHashes)" [_thread_blocked, id=6784, stack(0x0000003b7ec00000,0x0000003b7ed00000)]
  0x0000023b92ea4ad0 JavaThread "Cache worker for file hash cache (C:\Users\welcome\AndroidStudioProjects\mindguardaipsychologicalsupportapp\.gradle\9.3.1\fileHashes)" [_thread_blocked, id=12204, stack(0x0000003b7ee00000,0x0000003b7ef00000)]
  0x0000023b92e9e080 JavaThread "Cache worker for Build Output Cleanup Cache (C:\Users\welcome\AndroidStudioProjects\mindguardaipsychologicalsupportapp\.gradle\buildOutputCleanup)" [_thread_blocked, id=12792, stack(0x0000003b7ef00000,0x0000003b7f000000)]
  0x0000023b92ea2760 JavaThread "File watcher server" daemon [_thread_in_native, id=9560, stack(0x0000003b7f000000,0x0000003b7f100000)]
  0x0000023b92ea1830 JavaThread "File watcher consumer" daemon [_thread_blocked, id=7808, stack(0x0000003b7f100000,0x0000003b7f200000)]
  0x0000023b92ea40b0 JavaThread "Cache worker for checksums cache (C:\Users\welcome\AndroidStudioProjects\mindguardaipsychologicalsupportapp\.gradle\9.3.1\checksums)" [_thread_blocked, id=19404, stack(0x0000003b7f200000,0x0000003b7f300000)]
  0x0000023b92ea54f0 JavaThread "Cache worker for file content cache (C:\Users\welcome\.gradle\caches\9.3.1\fileContent)" [_thread_blocked, id=11212, stack(0x0000003b7f300000,0x0000003b7f400000)]
  0x0000023b92e9eaa0 JavaThread "Cache worker for cache directory md-supplier (C:\Users\welcome\.gradle\caches\9.3.1\md-supplier)" [_thread_blocked, id=19000, stack(0x0000003b7f500000,0x0000003b7f600000)]
  0x0000023b92ea5a00 JavaThread "Cache worker for cache directory md-rule (C:\Users\welcome\.gradle\caches\9.3.1\md-rule)" [_thread_blocked, id=6580, stack(0x0000003b7f600000,0x0000003b7f700000)]
  0x0000023b92ea1320 JavaThread "jar transforms" [_thread_blocked, id=18932, stack(0x0000003b7f700000,0x0000003b7f800000)]
  0x0000023b92ea1d40 JavaThread "jar transforms Thread 2" [_thread_blocked, id=8056, stack(0x0000003b7f800000,0x0000003b7f900000)]
  0x0000023b92e9e590 JavaThread "jar transforms Thread 3" [_thread_blocked, id=8972, stack(0x0000003b7f900000,0x0000003b7fa00000)]
  0x0000023b92e9f4c0 JavaThread "jar transforms Thread 4" [_thread_blocked, id=17764, stack(0x0000003b7fa00000,0x0000003b7fb00000)]
  0x0000023b92e9f9d0 JavaThread "jar transforms Thread 5" [_thread_blocked, id=1448, stack(0x0000003b7fb00000,0x0000003b7fc00000)]
  0x0000023b92e9fee0 JavaThread "Unconstrained build operations" [_thread_blocked, id=2792, stack(0x0000003b7fc00000,0x0000003b7fd00000)]
  0x0000023b92ea03f0 JavaThread "Unconstrained build operations Thread 2" [_thread_blocked, id=14048, stack(0x0000003b7fd00000,0x0000003b7fe00000)]
  0x0000023b92ea0900 JavaThread "Unconstrained build operations Thread 3" [_thread_blocked, id=18132, stack(0x0000003b7fe00000,0x0000003b7ff00000)]
  0x0000023b92ea2c70 JavaThread "Unconstrained build operations Thread 4" [_thread_blocked, id=1172, stack(0x0000003b7ff00000,0x0000003b80000000)]
  0x0000023b92ea0e10 JavaThread "Unconstrained build operations Thread 5" [_thread_blocked, id=1872, stack(0x0000003b00000000,0x0000003b00100000)]
  0x0000023b92ea3180 JavaThread "Unconstrained build operations Thread 6" [_thread_blocked, id=20416, stack(0x0000003b00100000,0x0000003b00200000)]
  0x0000023b92ea3690 JavaThread "Unconstrained build operations Thread 7" [_thread_blocked, id=11648, stack(0x0000003b00200000,0x0000003b00300000)]
  0x0000023b92ea3ba0 JavaThread "Unconstrained build operations Thread 8" [_thread_blocked, id=964, stack(0x0000003b00300000,0x0000003b00400000)]
  0x0000023b93e09410 JavaThread "Unconstrained build operations Thread 9" [_thread_blocked, id=2236, stack(0x0000003b00400000,0x0000003b00500000)]
  0x0000023b93e0ad60 JavaThread "Unconstrained build operations Thread 10" [_thread_blocked, id=14580, stack(0x0000003b00500000,0x0000003b00600000)]
  0x0000023b93e08f00 JavaThread "Unconstrained build operations Thread 11" [_thread_blocked, id=8436, stack(0x0000003b00600000,0x0000003b00700000)]
  0x0000023b93e0b780 JavaThread "Unconstrained build operations Thread 12" [_thread_blocked, id=6016, stack(0x0000003b00700000,0x0000003b00800000)]
  0x0000023b93e0a340 JavaThread "Unconstrained build operations Thread 13" [_thread_blocked, id=11796, stack(0x0000003b00800000,0x0000003b00900000)]
  0x0000023b93e0b270 JavaThread "Unconstrained build operations Thread 14" [_thread_blocked, id=7304, stack(0x0000003b00900000,0x0000003b00a00000)]
  0x0000023b93e07fd0 JavaThread "jar transforms Thread 6" [_thread_blocked, id=8816, stack(0x0000003b00a00000,0x0000003b00b00000)]
  0x0000023b93e09e30 JavaThread "jar transforms Thread 7" [_thread_blocked, id=20872, stack(0x0000003b00b00000,0x0000003b00c00000)]
  0x0000023b93e09920 JavaThread "Unconstrained build operations Thread 15" [_thread_blocked, id=12196, stack(0x0000003b00c00000,0x0000003b00d00000)]
  0x0000023b93e0a850 JavaThread "Unconstrained build operations Thread 16" [_thread_blocked, id=13236, stack(0x0000003b00d00000,0x0000003b00e00000)]
  0x0000023b93e084e0 JavaThread "Unconstrained build operations Thread 17" [_thread_blocked, id=14576, stack(0x0000003b00e00000,0x0000003b00f00000)]
  0x0000023b93e089f0 JavaThread "Unconstrained build operations Thread 18" [_thread_blocked, id=15192, stack(0x0000003b00f00000,0x0000003b01000000)]
  0x0000023b93613a90 JavaThread "Unconstrained build operations Thread 19" [_thread_blocked, id=940, stack(0x0000003b01000000,0x0000003b01100000)]
  0x0000023b936149c0 JavaThread "Unconstrained build operations Thread 20" [_thread_blocked, id=5832, stack(0x0000003b01100000,0x0000003b01200000)]
  0x0000023b9360fdd0 JavaThread "Unconstrained build operations Thread 21" [_thread_blocked, id=6604, stack(0x0000003b01200000,0x0000003b01300000)]
  0x0000023b93616310 JavaThread "jar transforms Thread 8" [_thread_blocked, id=19896, stack(0x0000003b01300000,0x0000003b01400000)]
  0x0000023b93617240 JavaThread "Unconstrained build operations Thread 22" [_thread_blocked, id=16636, stack(0x0000003b01400000,0x0000003b01500000)]
  0x0000023b93613070 JavaThread "Unconstrained build operations Thread 23" [_thread_blocked, id=1936, stack(0x0000003b01500000,0x0000003b01600000)]
  0x0000023b93613580 JavaThread "Unconstrained build operations Thread 24" [_thread_blocked, id=15368, stack(0x0000003b01600000,0x0000003b01700000)]
  0x0000023b93610d00 JavaThread "Unconstrained build operations Thread 25" [_thread_blocked, id=3592, stack(0x0000003b01800000,0x0000003b01900000)]
  0x0000023b93611c30 JavaThread "Unconstrained build operations Thread 26" [_thread_blocked, id=8380, stack(0x0000003b01900000,0x0000003b01a00000)]
  0x0000023b93616820 JavaThread "Unconstrained build operations Thread 27" [_thread_blocked, id=16280, stack(0x0000003b01a00000,0x0000003b01b00000)]
  0x0000023b93611210 JavaThread "Unconstrained build operations Thread 28" [_thread_blocked, id=18780, stack(0x0000003b01b00000,0x0000003b01c00000)]
  0x0000023b936102e0 JavaThread "Unconstrained build operations Thread 29" [_thread_blocked, id=13496, stack(0x0000003b01c00000,0x0000003b01d00000)]
  0x0000023b93616d30 JavaThread "Unconstrained build operations Thread 30" [_thread_blocked, id=17080, stack(0x0000003b01d00000,0x0000003b01e00000)]
  0x0000023b93613fa0 JavaThread "Unconstrained build operations Thread 31" [_thread_blocked, id=6636, stack(0x0000003b01e00000,0x0000003b01f00000)]
  0x0000023b936107f0 JavaThread "Unconstrained build operations Thread 32" [_thread_blocked, id=7224, stack(0x0000003b01f00000,0x0000003b02000000)]
  0x0000023b936144b0 JavaThread "Unconstrained build operations Thread 33" [_thread_blocked, id=18376, stack(0x0000003b02000000,0x0000003b02100000)]
  0x0000023b936158f0 JavaThread "Unconstrained build operations Thread 34" [_thread_blocked, id=10420, stack(0x0000003b02100000,0x0000003b02200000)]
  0x0000023b936153e0 JavaThread "Unconstrained build operations Thread 35" [_thread_blocked, id=13860, stack(0x0000003b02200000,0x0000003b02300000)]
  0x0000023b93615e00 JavaThread "Unconstrained build operations Thread 36" [_thread_blocked, id=18704, stack(0x0000003b02300000,0x0000003b02400000)]
  0x0000023b93617750 JavaThread "Unconstrained build operations Thread 37" [_thread_blocked, id=2472, stack(0x0000003b02400000,0x0000003b02500000)]
  0x0000023b93611720 JavaThread "Unconstrained build operations Thread 38" [_thread_blocked, id=9352, stack(0x0000003b02500000,0x0000003b02600000)]
  0x0000023b93612650 JavaThread "Unconstrained build operations Thread 39" [_thread_blocked, id=3320, stack(0x0000003b02600000,0x0000003b02700000)]
  0x0000023b93612b60 JavaThread "Unconstrained build operations Thread 40" [_thread_blocked, id=16000, stack(0x0000003b02700000,0x0000003b02800000)]
  0x0000023b4b4c69e0 JavaThread "Unconstrained build operations Thread 41" [_thread_blocked, id=4364, stack(0x0000003b02800000,0x0000003b02900000)]
  0x0000023b946aa060 JavaThread "Unconstrained build operations Thread 42" [_thread_blocked, id=8912, stack(0x0000003b02900000,0x0000003b02a00000)]
  0x0000023b946af670 JavaThread "Unconstrained build operations Thread 43" [_thread_blocked, id=12688, stack(0x0000003b02a00000,0x0000003b02b00000)]
  0x0000023b946afb80 JavaThread "Unconstrained build operations Thread 44" [_thread_blocked, id=18708, stack(0x0000003b02b00000,0x0000003b02c00000)]
  0x0000023b946ab4a0 JavaThread "Unconstrained build operations Thread 45" [_thread_blocked, id=436, stack(0x0000003b02c00000,0x0000003b02d00000)]
  0x0000023b946ad300 JavaThread "build event listener" [_thread_blocked, id=19012, stack(0x0000003b02d00000,0x0000003b02e00000)]
  0x0000023b946ae230 JavaThread "Memory manager" [_thread_blocked, id=10636, stack(0x0000003b02e00000,0x0000003b02f00000)]
  0x0000023b946b19e0 JavaThread "build event listener" [_thread_blocked, id=19260, stack(0x0000003b02f00000,0x0000003b03000000)]
  0x0000023b952901d0 JavaThread "pool-3-thread-1" [_thread_blocked, id=14692, stack(0x0000003b03200000,0x0000003b03300000)]
  0x0000023b9528f7b0 JavaThread "build event listener" [_thread_blocked, id=11680, stack(0x0000003b03300000,0x0000003b03400000)]
  0x0000023b95857e00 JavaThread "included builds" [_thread_in_Java, id=6588, stack(0x0000003b03400000,0x0000003b03500000)]
  0x0000023b93514060 JavaThread "Execution worker" [_thread_blocked, id=12468, stack(0x0000003b03500000,0x0000003b03600000)]
  0x0000023b93514570 JavaThread "Execution worker Thread 2" [_thread_blocked, id=6908, stack(0x0000003b03600000,0x0000003b03700000)]
  0x0000023b93514a80 JavaThread "Execution worker Thread 3" [_thread_blocked, id=13020, stack(0x0000003b03700000,0x0000003b03800000)]
  0x0000023b935159b0 JavaThread "Execution worker Thread 4" [_thread_blocked, id=8532, stack(0x0000003b03800000,0x0000003b03900000)]
  0x0000023b9720b810 JavaThread "Execution worker Thread 5" [_thread_blocked, id=10576, stack(0x0000003b03900000,0x0000003b03a00000)]
  0x0000023b9720bd20 JavaThread "Execution worker Thread 6" [_thread_blocked, id=5416, stack(0x0000003b03a00000,0x0000003b03b00000)]
  0x0000023b93516fa0 JavaThread "Execution worker Thread 7" [_thread_blocked, id=4816, stack(0x0000003b03b00000,0x0000003b03c00000)]
  0x0000023b9534c0a0 JavaThread "Cache worker for execution history cache (C:\Users\welcome\AndroidStudioProjects\mindguardaipsychologicalsupportapp\.gradle\9.3.1\executionHistory)" [_thread_in_native, id=13024, stack(0x0000003b03c00000,0x0000003b03d00000)]
  0x0000023b946add20 JavaThread "Unconstrained build operations Thread 46" [_thread_blocked, id=20176, stack(0x0000003b03f00000,0x0000003b04000000)]
  0x0000023b946b14d0 JavaThread "Unconstrained build operations Thread 47" [_thread_blocked, id=20528, stack(0x0000003b04000000,0x0000003b04100000)]
  0x0000023b946aaf90 JavaThread "Unconstrained build operations Thread 48" [_thread_blocked, id=5612, stack(0x0000003b04100000,0x0000003b04200000)]
  0x0000023b946aec50 JavaThread "Unconstrained build operations Thread 49" [_thread_blocked, id=16164, stack(0x0000003b04200000,0x0000003b04300000)]
  0x0000023b946acdf0 JavaThread "Unconstrained build operations Thread 50" [_thread_blocked, id=1712, stack(0x0000003b04300000,0x0000003b04400000)]
  0x0000023b946b05a0 JavaThread "Unconstrained build operations Thread 51" [_thread_blocked, id=8116, stack(0x0000003b04400000,0x0000003b04500000)]
  0x0000023b946aaa80 JavaThread "Unconstrained build operations Thread 52" [_thread_blocked, id=9944, stack(0x0000003b04500000,0x0000003b04600000)]
  0x0000023b960081d0 JavaThread "Unconstrained build operations Thread 53" [_thread_blocked, id=18180, stack(0x0000003b04600000,0x0000003b04700000)]
  0x0000023b96008bf0 JavaThread "WorkerExecutor Queue" [_thread_in_native, id=16160, stack(0x0000003b04700000,0x0000003b04800000)]
  0x0000023b95859240 JavaThread "Unconstrained build operations Thread 54" [_thread_blocked, id=8556, stack(0x0000003b04800000,0x0000003b04900000)]
  0x0000023b95858310 JavaThread "Unconstrained build operations Thread 55" [_thread_blocked, id=11128, stack(0x0000003b04900000,0x0000003b04a00000)]
  0x0000023b95858820 JavaThread "Unconstrained build operations Thread 56" [_thread_blocked, id=18880, stack(0x0000003b04a00000,0x0000003b04b00000)]
  0x0000023b95858d30 JavaThread "Unconstrained build operations Thread 57" [_thread_blocked, id=20892, stack(0x0000003b04b00000,0x0000003b04c00000)]
  0x0000023b95859750 JavaThread "Unconstrained build operations Thread 58" [_thread_blocked, id=7244, stack(0x0000003b04c00000,0x0000003b04d00000)]
  0x0000023b92f21ef0 JavaThread "Unconstrained build operations Thread 59" [_thread_blocked, id=15352, stack(0x0000003b04d00000,0x0000003b04e00000)]
  0x0000023b92f22400 JavaThread "Unconstrained build operations Thread 60" [_thread_blocked, id=10400, stack(0x0000003b04e00000,0x0000003b04f00000)]
  0x0000023b946abec0 JavaThread "Unconstrained build operations Thread 61" [_thread_blocked, id=12856, stack(0x0000003b04f00000,0x0000003b05000000)]
  0x0000023b946ac3d0 JavaThread "Unconstrained build operations Thread 62" [_thread_blocked, id=15492, stack(0x0000003b05000000,0x0000003b05100000)]
  0x0000023b946ac8e0 JavaThread "Unconstrained build operations Thread 63" [_thread_blocked, id=9128, stack(0x0000003b05100000,0x0000003b05200000)]
  0x0000023b946af160 JavaThread "Unconstrained build operations Thread 64" [_thread_blocked, id=14288, stack(0x0000003b05200000,0x0000003b05300000)]
  0x0000023b92ea4fe0 JavaThread "Unconstrained build operations Thread 65" [_thread_blocked, id=9900, stack(0x0000003b05300000,0x0000003b05400000)]
  0x0000023b9360bb50 JavaThread "Unconstrained build operations Thread 66" [_thread_blocked, id=10432, stack(0x0000003b05400000,0x0000003b05500000)]
  0x0000023b9360c570 JavaThread "Unconstrained build operations Thread 67" [_thread_blocked, id=10580, stack(0x0000003b05500000,0x0000003b05600000)]
=>0x0000023b931e5ec0 JavaThread "C2 CompilerThread1" daemon [_thread_in_native, id=15316, stack(0x0000003b05600000,0x0000003b05700000)]

Other Threads:
  0x0000023b4b4af2f0 VMThread "VM Thread" [stack: 0x0000003b7cc00000,0x0000003b7cd00000] [id=4252]
  0x0000023b4b8d3410 WatcherThread [stack: 0x0000003b7d800000,0x0000003b7d900000] [id=15616]
  0x0000023b2d15bcb0 GCTaskThread "GC Thread#0" [stack: 0x0000003b7c700000,0x0000003b7c800000] [id=13044]
  0x0000023b4ba28730 GCTaskThread "GC Thread#1" [stack: 0x0000003b7d900000,0x0000003b7da00000] [id=13940]
  0x0000023b4b9c9020 GCTaskThread "GC Thread#2" [stack: 0x0000003b7da00000,0x0000003b7db00000] [id=3352]
  0x0000023b91b3ef30 GCTaskThread "GC Thread#3" [stack: 0x0000003b7db00000,0x0000003b7dc00000] [id=6008]
  0x0000023b91ce6bb0 GCTaskThread "GC Thread#4" [stack: 0x0000003b7dc00000,0x0000003b7dd00000] [id=456]
  0x0000023b929d3bb0 GCTaskThread "GC Thread#5" [stack: 0x0000003b7e000000,0x0000003b7e100000] [id=12000]
  0x0000023b913696c0 GCTaskThread "GC Thread#6" [stack: 0x0000003b7e100000,0x0000003b7e200000] [id=8764]
  0x0000023b92a0e010 GCTaskThread "GC Thread#7" [stack: 0x0000003b7e200000,0x0000003b7e300000] [id=3860]
  0x0000023b2d16cb10 ConcurrentGCThread "G1 Main Marker" [stack: 0x0000003b7c800000,0x0000003b7c900000] [id=16504]
  0x0000023b2d16dbe0 ConcurrentGCThread "G1 Conc#0" [stack: 0x0000003b7c900000,0x0000003b7ca00000] [id=8776]
  0x0000023b91a0da00 ConcurrentGCThread "G1 Conc#1" [stack: 0x0000003b7ed00000,0x0000003b7ee00000] [id=10936]
  0x0000023b2d1b48e0 ConcurrentGCThread "G1 Refine#0" [stack: 0x0000003b7ca00000,0x0000003b7cb00000] [id=13352]
  0x0000023b93f2a510 ConcurrentGCThread "G1 Refine#1" [stack: 0x0000003b7f400000,0x0000003b7f500000] [id=14256]
  0x0000023b9516c9d0 ConcurrentGCThread "G1 Refine#2" [stack: 0x0000003b03d00000,0x0000003b03e00000] [id=8936]
  0x0000023b2d1b5220 ConcurrentGCThread "G1 Service" [stack: 0x0000003b7cb00000,0x0000003b7cc00000] [id=15824]

Threads with active compile tasks:
C2 CompilerThread0  75423 14059       4       org.gradle.internal.snapshot.impl.DirectorySnapshotter$PathVisitor::visitResolvedFile (44 bytes)
C2 CompilerThread1  75423 14165       4       org.gradle.cache.internal.DefaultCacheCoordinator$UnitOfWorkFileAccess::readFile (14 bytes)

VM state: not at safepoint (normal execution)

VM Mutex/Monitor currently owned by a thread: None

Heap address: 0x0000000080000000, size: 2048 MB, Compressed Oops mode: 32-bit

CDS archive(s) mapped at: [0x0000023b4c000000-0x0000023b4cbb0000-0x0000023b4cbb0000), size 12255232, SharedBaseAddress: 0x0000023b4c000000, ArchiveRelocationMode: 1.
Compressed class space mapped at: 0x0000023b4d000000-0x0000023b8d000000, reserved size: 1073741824
Narrow klass base: 0x0000023b4c000000, Narrow klass shift: 0, Narrow klass range: 0x100000000

GC Precious Log:
 CPUs: 8 total, 8 available
 Memory: 3738M
 Large Page Support: Disabled
 NUMA Support: Disabled
 Compressed Oops: Enabled (32-bit)
 Heap Region Size: 1M
 Heap Min Capacity: 8M
 Heap Initial Capacity: 60M
 Heap Max Capacity: 2G
 Pre-touch: Disabled
 Parallel Workers: 8
 Concurrent Workers: 2
 Concurrent Refinement Workers: 8
 Periodic GC: Disabled

Heap:
 garbage-first heap   total 272384K, used 214397K [0x0000000080000000, 0x0000000100000000)
  region size 1024K, 118 young (120832K), 17 survivors (17408K)
 Metaspace       used 106288K, committed 107456K, reserved 1179648K
  class space    used 14513K, committed 15104K, reserved 1048576K

Heap Regions: E=young(eden), S=young(survivor), O=old, HS=humongous(starts), HC=humongous(continues), CS=collection set, F=free, OA=open archive, CA=closed archive, TAMS=top-at-mark-start (previous, next)
|   0|0x0000000080000000, 0x0000000080100000, 0x0000000080100000|100%|HS|  |TAMS 0x0000000080100000, 0x0000000080100000| Complete 
|   1|0x0000000080100000, 0x0000000080200000, 0x0000000080200000|100%|HC|  |TAMS 0x0000000080200000, 0x0000000080200000| Complete 
|   2|0x0000000080200000, 0x0000000080300000, 0x0000000080300000|100%|HC|  |TAMS 0x0000000080300000, 0x0000000080300000| Complete 
|   3|0x0000000080300000, 0x0000000080400000, 0x0000000080400000|100%|HC|  |TAMS 0x0000000080400000, 0x0000000080400000| Complete 
|   4|0x0000000080400000, 0x0000000080500000, 0x0000000080500000|100%| O|  |TAMS 0x0000000080500000, 0x0000000080500000| Untracked 
|   5|0x0000000080500000, 0x0000000080600000, 0x0000000080600000|100%| O|  |TAMS 0x0000000080600000, 0x0000000080600000| Untracked 
|   6|0x0000000080600000, 0x0000000080700000, 0x0000000080700000|100%| O|  |TAMS 0x0000000080700000, 0x0000000080700000| Untracked 
|   7|0x0000000080700000, 0x0000000080800000, 0x0000000080800000|100%| O|  |TAMS 0x0000000080800000, 0x0000000080800000| Untracked 
|   8|0x0000000080800000, 0x0000000080900000, 0x0000000080900000|100%| O|  |TAMS 0x0000000080900000, 0x0000000080900000| Untracked 
|   9|0x0000000080900000, 0x0000000080a00000, 0x0000000080a00000|100%| O|  |TAMS 0x0000000080a00000, 0x0000000080a00000| Untracked 
|  10|0x0000000080a00000, 0x0000000080b00000, 0x0000000080b00000|100%| O|  |TAMS 0x0000000080b00000, 0x0000000080b00000| Untracked 
|  11|0x0000000080b00000, 0x0000000080c00000, 0x0000000080c00000|100%| O|  |TAMS 0x0000000080c00000, 0x0000000080c00000| Untracked 
|  12|0x0000000080c00000, 0x0000000080d00000, 0x0000000080d00000|100%|HS|  |TAMS 0x0000000080d00000, 0x0000000080d00000| Complete 
|  13|0x0000000080d00000, 0x0000000080e00000, 0x0000000080e00000|100%| O|  |TAMS 0x0000000080e00000, 0x0000000080e00000| Untracked 
|  14|0x0000000080e00000, 0x0000000080f00000, 0x0000000080f00000|100%| O|  |TAMS 0x0000000080f00000, 0x0000000080f00000| Untracked 
|  15|0x0000000080f00000, 0x0000000081000000, 0x0000000081000000|100%| O|  |TAMS 0x0000000081000000, 0x0000000081000000| Untracked 
|  16|0x0000000081000000, 0x0000000081100000, 0x0000000081100000|100%| O|  |TAMS 0x0000000081100000, 0x0000000081100000| Untracked 
|  17|0x0000000081100000, 0x0000000081200000, 0x0000000081200000|100%| O|  |TAMS 0x0000000081200000, 0x0000000081200000| Untracked 
|  18|0x0000000081200000, 0x0000000081300000, 0x0000000081300000|100%| O|  |TAMS 0x0000000081300000, 0x0000000081300000| Untracked 
|  19|0x0000000081300000, 0x0000000081400000, 0x0000000081400000|100%| O|  |TAMS 0x0000000081400000, 0x0000000081400000| Untracked 
|  20|0x0000000081400000, 0x0000000081500000, 0x0000000081500000|100%| O|  |TAMS 0x0000000081500000, 0x0000000081500000| Untracked 
|  21|0x0000000081500000, 0x0000000081600000, 0x0000000081600000|100%| O|  |TAMS 0x0000000081600000, 0x0000000081600000| Untracked 
|  22|0x0000000081600000, 0x0000000081700000, 0x0000000081700000|100%| O|  |TAMS 0x0000000081700000, 0x0000000081700000| Untracked 
|  23|0x0000000081700000, 0x0000000081800000, 0x0000000081800000|100%| O|  |TAMS 0x0000000081800000, 0x0000000081800000| Untracked 
|  24|0x0000000081800000, 0x0000000081900000, 0x0000000081900000|100%| O|  |TAMS 0x0000000081900000, 0x0000000081900000| Untracked 
|  25|0x0000000081900000, 0x0000000081a00000, 0x0000000081a00000|100%| O|  |TAMS 0x0000000081a00000, 0x0000000081a00000| Untracked 
|  26|0x0000000081a00000, 0x0000000081b00000, 0x0000000081b00000|100%| O|  |TAMS 0x0000000081b00000, 0x0000000081b00000| Untracked 
|  27|0x0000000081b00000, 0x0000000081c00000, 0x0000000081c00000|100%| O|  |TAMS 0x0000000081c00000, 0x0000000081c00000| Untracked 
|  28|0x0000000081c00000, 0x0000000081d00000, 0x0000000081d00000|100%| O|  |TAMS 0x0000000081d00000, 0x0000000081d00000| Untracked 
|  29|0x0000000081d00000, 0x0000000081e00000, 0x0000000081e00000|100%| O|  |TAMS 0x0000000081e00000, 0x0000000081e00000| Untracked 
|  30|0x0000000081e00000, 0x0000000081f00000, 0x0000000081f00000|100%| O|  |TAMS 0x0000000081f00000, 0x0000000081f00000| Untracked 
|  31|0x0000000081f00000, 0x0000000082000000, 0x0000000082000000|100%| O|  |TAMS 0x0000000082000000, 0x0000000082000000| Untracked 
|  32|0x0000000082000000, 0x0000000082100000, 0x0000000082100000|100%| O|  |TAMS 0x0000000082100000, 0x0000000082100000| Untracked 
|  33|0x0000000082100000, 0x0000000082200000, 0x0000000082200000|100%| O|  |TAMS 0x0000000082200000, 0x0000000082200000| Untracked 
|  34|0x0000000082200000, 0x0000000082300000, 0x0000000082300000|100%|HS|  |TAMS 0x0000000082300000, 0x0000000082300000| Complete 
|  35|0x0000000082300000, 0x0000000082400000, 0x0000000082400000|100%|HC|  |TAMS 0x0000000082400000, 0x0000000082400000| Complete 
|  36|0x0000000082400000, 0x0000000082500000, 0x0000000082500000|100%| O|  |TAMS 0x0000000082500000, 0x0000000082500000| Untracked 
|  37|0x0000000082500000, 0x0000000082600000, 0x0000000082600000|100%| O|  |TAMS 0x0000000082600000, 0x0000000082600000| Untracked 
|  38|0x0000000082600000, 0x0000000082700000, 0x0000000082700000|100%| O|  |TAMS 0x0000000082700000, 0x0000000082700000| Untracked 
|  39|0x0000000082700000, 0x0000000082800000, 0x0000000082800000|100%| O|  |TAMS 0x0000000082800000, 0x0000000082800000| Untracked 
|  40|0x0000000082800000, 0x0000000082900000, 0x0000000082900000|100%| O|  |TAMS 0x0000000082900000, 0x0000000082900000| Untracked 
|  41|0x0000000082900000, 0x0000000082a00000, 0x0000000082a00000|100%| O|  |TAMS 0x0000000082a00000, 0x0000000082a00000| Untracked 
|  42|0x0000000082a00000, 0x0000000082b00000, 0x0000000082b00000|100%| O|  |TAMS 0x0000000082b00000, 0x0000000082b00000| Untracked 
|  43|0x0000000082b00000, 0x0000000082c00000, 0x0000000082c00000|100%| O|  |TAMS 0x0000000082c00000, 0x0000000082c00000| Untracked 
|  44|0x0000000082c00000, 0x0000000082d00000, 0x0000000082d00000|100%| O|  |TAMS 0x0000000082d00000, 0x0000000082d00000| Untracked 
|  45|0x0000000082d00000, 0x0000000082e00000, 0x0000000082e00000|100%| O|  |TAMS 0x0000000082e00000, 0x0000000082e00000| Untracked 
|  46|0x0000000082e00000, 0x0000000082f00000, 0x0000000082f00000|100%| O|  |TAMS 0x0000000082f00000, 0x0000000082f00000| Untracked 
|  47|0x0000000082f00000, 0x0000000083000000, 0x0000000083000000|100%| O|  |TAMS 0x0000000083000000, 0x0000000083000000| Untracked 
|  48|0x0000000083000000, 0x0000000083100000, 0x0000000083100000|100%| O|  |TAMS 0x0000000083100000, 0x0000000083100000| Untracked 
|  49|0x0000000083100000, 0x0000000083200000, 0x0000000083200000|100%| O|  |TAMS 0x0000000083100000, 0x0000000083200000| Untracked 
|  50|0x0000000083200000, 0x0000000083300000, 0x0000000083300000|100%| O|  |TAMS 0x0000000083300000, 0x0000000083300000| Untracked 
|  51|0x0000000083300000, 0x0000000083400000, 0x0000000083400000|100%| O|  |TAMS 0x0000000083400000, 0x0000000083400000| Untracked 
|  52|0x0000000083400000, 0x0000000083500000, 0x0000000083500000|100%| O|  |TAMS 0x0000000083500000, 0x0000000083500000| Untracked 
|  53|0x0000000083500000, 0x0000000083600000, 0x0000000083600000|100%| O|  |TAMS 0x0000000083600000, 0x0000000083600000| Untracked 
|  54|0x0000000083600000, 0x0000000083700000, 0x0000000083700000|100%|HS|  |TAMS 0x0000000083700000, 0x0000000083700000| Complete 
|  55|0x0000000083700000, 0x0000000083800000, 0x0000000083800000|100%|HS|  |TAMS 0x0000000083800000, 0x0000000083800000| Complete 
|  56|0x0000000083800000, 0x0000000083900000, 0x0000000083900000|100%|HS|  |TAMS 0x0000000083900000, 0x0000000083900000| Complete 
|  57|0x0000000083900000, 0x0000000083a00000, 0x0000000083a00000|100%|HC|  |TAMS 0x0000000083a00000, 0x0000000083a00000| Complete 
|  58|0x0000000083a00000, 0x0000000083b00000, 0x0000000083b00000|100%|HS|  |TAMS 0x0000000083b00000, 0x0000000083b00000| Complete 
|  59|0x0000000083b00000, 0x0000000083c00000, 0x0000000083c00000|100%| O|  |TAMS 0x0000000083c00000, 0x0000000083c00000| Untracked 
|  60|0x0000000083c00000, 0x0000000083d00000, 0x0000000083d00000|100%|HS|  |TAMS 0x0000000083d00000, 0x0000000083d00000| Complete 
|  61|0x0000000083d00000, 0x0000000083e00000, 0x0000000083e00000|100%|HS|  |TAMS 0x0000000083e00000, 0x0000000083e00000| Complete 
|  62|0x0000000083e00000, 0x0000000083f00000, 0x0000000083f00000|100%|HS|  |TAMS 0x0000000083f00000, 0x0000000083f00000| Complete 
|  63|0x0000000083f00000, 0x0000000084000000, 0x0000000084000000|100%| O|  |TAMS 0x0000000084000000, 0x0000000084000000| Untracked 
|  64|0x0000000084000000, 0x0000000084100000, 0x0000000084100000|100%| O|  |TAMS 0x0000000084100000, 0x0000000084100000| Untracked 
|  65|0x0000000084100000, 0x0000000084200000, 0x0000000084200000|100%| O|  |TAMS 0x0000000084200000, 0x0000000084200000| Untracked 
|  66|0x0000000084200000, 0x0000000084300000, 0x0000000084300000|100%| O|  |TAMS 0x0000000084300000, 0x0000000084300000| Untracked 
|  67|0x0000000084300000, 0x0000000084400000, 0x0000000084400000|100%| O|  |TAMS 0x0000000084400000, 0x0000000084400000| Untracked 
|  68|0x0000000084400000, 0x0000000084500000, 0x0000000084500000|100%| O|  |TAMS 0x0000000084400000, 0x0000000084400000| Untracked 
|  69|0x0000000084500000, 0x0000000084600000, 0x0000000084600000|100%| O|  |TAMS 0x0000000084600000, 0x0000000084600000| Untracked 
|  70|0x0000000084600000, 0x0000000084700000, 0x0000000084700000|100%| O|  |TAMS 0x0000000084700000, 0x0000000084700000| Untracked 
|  71|0x0000000084700000, 0x0000000084800000, 0x0000000084800000|100%| O|  |TAMS 0x0000000084800000, 0x0000000084800000| Untracked 
|  72|0x0000000084800000, 0x0000000084900000, 0x0000000084900000|100%| O|  |TAMS 0x0000000084900000, 0x0000000084900000| Untracked 
|  73|0x0000000084900000, 0x0000000084a00000, 0x0000000084a00000|100%| O|  |TAMS 0x0000000084957e00, 0x0000000084a00000| Untracked 
|  74|0x0000000084a00000, 0x0000000084b00000, 0x0000000084b00000|100%|HS|  |TAMS 0x0000000084a00000, 0x0000000084b00000| Complete 
|  75|0x0000000084b00000, 0x0000000084c00000, 0x0000000084c00000|100%|HC|  |TAMS 0x0000000084b00000, 0x0000000084c00000| Complete 
|  76|0x0000000084c00000, 0x0000000084d00000, 0x0000000084d00000|100%| O|  |TAMS 0x0000000084c00000, 0x0000000084d00000| Untracked 
|  77|0x0000000084d00000, 0x0000000084e00000, 0x0000000084e00000|100%| O|  |TAMS 0x0000000084d00000, 0x0000000084d0b000| Untracked 
|  78|0x0000000084e00000, 0x0000000084f00000, 0x0000000084f00000|100%| O|  |TAMS 0x0000000084e00000, 0x0000000084e00000| Untracked 
|  79|0x0000000084f00000, 0x0000000085000000, 0x0000000085000000|100%| O|  |TAMS 0x0000000084f00000, 0x0000000084f00000| Untracked 
|  80|0x0000000085000000, 0x0000000085100000, 0x0000000085100000|100%| O|  |TAMS 0x0000000085000000, 0x0000000085000000| Untracked 
|  81|0x0000000085100000, 0x0000000085200000, 0x0000000085200000|100%|HS|  |TAMS 0x0000000085100000, 0x0000000085100000| Complete 
|  82|0x0000000085200000, 0x0000000085300000, 0x0000000085300000|100%| O|  |TAMS 0x0000000085200000, 0x0000000085200000| Untracked 
|  83|0x0000000085300000, 0x0000000085400000, 0x0000000085400000|100%| O|  |TAMS 0x0000000085300000, 0x0000000085300000| Untracked 
|  84|0x0000000085400000, 0x0000000085500000, 0x0000000085500000|100%| O|  |TAMS 0x0000000085400000, 0x0000000085400000| Untracked 
|  85|0x0000000085500000, 0x0000000085600000, 0x0000000085600000|100%| O|  |TAMS 0x0000000085500000, 0x0000000085500000| Untracked 
|  86|0x0000000085600000, 0x0000000085600000, 0x0000000085700000|  0%| F|  |TAMS 0x0000000085600000, 0x0000000085600000| Untracked 
|  87|0x0000000085700000, 0x0000000085700000, 0x0000000085800000|  0%| F|  |TAMS 0x0000000085700000, 0x0000000085700000| Untracked 
|  88|0x0000000085800000, 0x0000000085800000, 0x0000000085900000|  0%| F|  |TAMS 0x0000000085800000, 0x0000000085800000| Untracked 
|  89|0x0000000085900000, 0x0000000085900000, 0x0000000085a00000|  0%| F|  |TAMS 0x0000000085900000, 0x0000000085900000| Untracked 
|  90|0x0000000085a00000, 0x0000000085a00000, 0x0000000085b00000|  0%| F|  |TAMS 0x0000000085a00000, 0x0000000085a00000| Untracked 
|  91|0x0000000085b00000, 0x0000000085c00000, 0x0000000085c00000|100%| O|  |TAMS 0x0000000085b00000, 0x0000000085b00000| Untracked 
|  92|0x0000000085c00000, 0x0000000085d00000, 0x0000000085d00000|100%| O|  |TAMS 0x0000000085c00000, 0x0000000085c00000| Untracked 
|  93|0x0000000085d00000, 0x0000000085e00000, 0x0000000085e00000|100%| O|  |TAMS 0x0000000085d00000, 0x0000000085d00000| Untracked 
|  94|0x0000000085e00000, 0x0000000085f00000, 0x0000000085f00000|100%| O|  |TAMS 0x0000000085e00000, 0x0000000085e00000| Untracked 
|  95|0x0000000085f00000, 0x0000000086000000, 0x0000000086000000|100%| O|  |TAMS 0x0000000085f00000, 0x0000000085f00000| Untracked 
|  96|0x0000000086000000, 0x0000000086100000, 0x0000000086100000|100%| O|  |TAMS 0x0000000086000000, 0x0000000086000000| Untracked 
|  97|0x0000000086100000, 0x0000000086200000, 0x0000000086200000|100%| O|  |TAMS 0x0000000086100000, 0x0000000086100000| Untracked 
|  98|0x0000000086200000, 0x000000008625f608, 0x0000000086300000| 37%| O|  |TAMS 0x0000000086200000, 0x0000000086200000| Untracked 
|  99|0x0000000086300000, 0x0000000086300000, 0x0000000086400000|  0%| F|  |TAMS 0x0000000086300000, 0x0000000086300000| Untracked 
| 100|0x0000000086400000, 0x0000000086400000, 0x0000000086500000|  0%| F|  |TAMS 0x0000000086400000, 0x0000000086400000| Untracked 
| 101|0x0000000086500000, 0x0000000086500000, 0x0000000086600000|  0%| F|  |TAMS 0x0000000086500000, 0x0000000086500000| Untracked 
| 102|0x0000000086600000, 0x0000000086600000, 0x0000000086700000|  0%| F|  |TAMS 0x0000000086600000, 0x0000000086600000| Untracked 
| 103|0x0000000086700000, 0x0000000086700000, 0x0000000086800000|  0%| F|  |TAMS 0x0000000086700000, 0x0000000086700000| Untracked 
| 104|0x0000000086800000, 0x0000000086800000, 0x0000000086900000|  0%| F|  |TAMS 0x0000000086800000, 0x0000000086800000| Untracked 
| 105|0x0000000086900000, 0x0000000086900000, 0x0000000086a00000|  0%| F|  |TAMS 0x0000000086900000, 0x0000000086900000| Untracked 
| 106|0x0000000086a00000, 0x0000000086a00000, 0x0000000086b00000|  0%| F|  |TAMS 0x0000000086a00000, 0x0000000086a00000| Untracked 
| 107|0x0000000086b00000, 0x0000000086b00000, 0x0000000086c00000|  0%| F|  |TAMS 0x0000000086b00000, 0x0000000086b00000| Untracked 
| 108|0x0000000086c00000, 0x0000000086c00000, 0x0000000086d00000|  0%| F|  |TAMS 0x0000000086c00000, 0x0000000086c00000| Untracked 
| 109|0x0000000086d00000, 0x0000000086d00000, 0x0000000086e00000|  0%| F|  |TAMS 0x0000000086d00000, 0x0000000086d00000| Untracked 
| 110|0x0000000086e00000, 0x0000000086e00000, 0x0000000086f00000|  0%| F|  |TAMS 0x0000000086e00000, 0x0000000086e00000| Untracked 
| 111|0x0000000086f00000, 0x0000000086f00000, 0x0000000087000000|  0%| F|  |TAMS 0x0000000086f00000, 0x0000000086f00000| Untracked 
| 112|0x0000000087000000, 0x0000000087000000, 0x0000000087100000|  0%| F|  |TAMS 0x0000000087000000, 0x0000000087000000| Untracked 
| 113|0x0000000087100000, 0x0000000087100000, 0x0000000087200000|  0%| F|  |TAMS 0x0000000087100000, 0x0000000087100000| Untracked 
| 114|0x0000000087200000, 0x0000000087200000, 0x0000000087300000|  0%| F|  |TAMS 0x0000000087200000, 0x0000000087200000| Untracked 
| 115|0x0000000087300000, 0x0000000087300000, 0x0000000087400000|  0%| F|  |TAMS 0x0000000087300000, 0x0000000087300000| Untracked 
| 116|0x0000000087400000, 0x0000000087400000, 0x0000000087500000|  0%| F|  |TAMS 0x0000000087400000, 0x0000000087400000| Untracked 
| 117|0x0000000087500000, 0x0000000087500000, 0x0000000087600000|  0%| F|  |TAMS 0x0000000087500000, 0x0000000087500000| Untracked 
| 118|0x0000000087600000, 0x0000000087600000, 0x0000000087700000|  0%| F|  |TAMS 0x0000000087600000, 0x0000000087600000| Untracked 
| 119|0x0000000087700000, 0x0000000087800000, 0x0000000087800000|100%| S|CS|TAMS 0x0000000087700000, 0x0000000087700000| Complete 
| 120|0x0000000087800000, 0x0000000087900000, 0x0000000087900000|100%| S|CS|TAMS 0x0000000087800000, 0x0000000087800000| Complete 
| 121|0x0000000087900000, 0x0000000087a00000, 0x0000000087a00000|100%| S|CS|TAMS 0x0000000087900000, 0x0000000087900000| Complete 
| 122|0x0000000087a00000, 0x0000000087b00000, 0x0000000087b00000|100%| S|CS|TAMS 0x0000000087a00000, 0x0000000087a00000| Complete 
| 123|0x0000000087b00000, 0x0000000087c00000, 0x0000000087c00000|100%| S|CS|TAMS 0x0000000087b00000, 0x0000000087b00000| Complete 
| 124|0x0000000087c00000, 0x0000000087d00000, 0x0000000087d00000|100%| S|CS|TAMS 0x0000000087c00000, 0x0000000087c00000| Complete 
| 125|0x0000000087d00000, 0x0000000087e00000, 0x0000000087e00000|100%| S|CS|TAMS 0x0000000087d00000, 0x0000000087d00000| Complete 
| 126|0x0000000087e00000, 0x0000000087f00000, 0x0000000087f00000|100%| S|CS|TAMS 0x0000000087e00000, 0x0000000087e00000| Complete 
| 127|0x0000000087f00000, 0x0000000087f00000, 0x0000000088000000|  0%| F|  |TAMS 0x0000000087f00000, 0x0000000087f00000| Untracked 
| 128|0x0000000088000000, 0x0000000088000000, 0x0000000088100000|  0%| F|  |TAMS 0x0000000088000000, 0x0000000088000000| Untracked 
| 129|0x0000000088100000, 0x0000000088100000, 0x0000000088200000|  0%| F|  |TAMS 0x0000000088100000, 0x0000000088100000| Untracked 
| 130|0x0000000088200000, 0x0000000088200000, 0x0000000088300000|  0%| F|  |TAMS 0x0000000088200000, 0x0000000088200000| Untracked 
| 131|0x0000000088300000, 0x0000000088300000, 0x0000000088400000|  0%| F|  |TAMS 0x0000000088300000, 0x0000000088300000| Untracked 
| 132|0x0000000088400000, 0x0000000088400000, 0x0000000088500000|  0%| F|  |TAMS 0x0000000088400000, 0x0000000088400000| Untracked 
| 133|0x0000000088500000, 0x0000000088500000, 0x0000000088600000|  0%| F|  |TAMS 0x0000000088500000, 0x0000000088500000| Untracked 
| 134|0x0000000088600000, 0x0000000088600000, 0x0000000088700000|  0%| F|  |TAMS 0x0000000088600000, 0x0000000088600000| Untracked 
| 135|0x0000000088700000, 0x0000000088700000, 0x0000000088800000|  0%| F|  |TAMS 0x0000000088700000, 0x0000000088700000| Untracked 
| 136|0x0000000088800000, 0x0000000088900000, 0x0000000088900000|100%| S|CS|TAMS 0x0000000088800000, 0x0000000088800000| Complete 
| 137|0x0000000088900000, 0x0000000088a00000, 0x0000000088a00000|100%| S|CS|TAMS 0x0000000088900000, 0x0000000088900000| Complete 
| 138|0x0000000088a00000, 0x0000000088b00000, 0x0000000088b00000|100%| S|CS|TAMS 0x0000000088a00000, 0x0000000088a00000| Complete 
| 139|0x0000000088b00000, 0x0000000088c00000, 0x0000000088c00000|100%| S|CS|TAMS 0x0000000088b00000, 0x0000000088b00000| Complete 
| 140|0x0000000088c00000, 0x0000000088d00000, 0x0000000088d00000|100%| S|CS|TAMS 0x0000000088c00000, 0x0000000088c00000| Complete 
| 141|0x0000000088d00000, 0x0000000088e00000, 0x0000000088e00000|100%| S|CS|TAMS 0x0000000088d00000, 0x0000000088d00000| Complete 
| 142|0x0000000088e00000, 0x0000000088f00000, 0x0000000088f00000|100%| S|CS|TAMS 0x0000000088e00000, 0x0000000088e00000| Complete 
| 143|0x0000000088f00000, 0x0000000089000000, 0x0000000089000000|100%| S|CS|TAMS 0x0000000088f00000, 0x0000000088f00000| Complete 
| 144|0x0000000089000000, 0x0000000089100000, 0x0000000089100000|100%| S|CS|TAMS 0x0000000089000000, 0x0000000089000000| Complete 
| 145|0x0000000089100000, 0x0000000089100000, 0x0000000089200000|  0%| F|  |TAMS 0x0000000089100000, 0x0000000089100000| Untracked 
| 146|0x0000000089200000, 0x0000000089200000, 0x0000000089300000|  0%| F|  |TAMS 0x0000000089200000, 0x0000000089200000| Untracked 
| 147|0x0000000089300000, 0x0000000089300000, 0x0000000089400000|  0%| F|  |TAMS 0x0000000089300000, 0x0000000089300000| Untracked 
| 148|0x0000000089400000, 0x0000000089400000, 0x0000000089500000|  0%| F|  |TAMS 0x0000000089400000, 0x0000000089400000| Untracked 
| 149|0x0000000089500000, 0x0000000089500000, 0x0000000089600000|  0%| F|  |TAMS 0x0000000089500000, 0x0000000089500000| Untracked 
| 150|0x0000000089600000, 0x0000000089600000, 0x0000000089700000|  0%| F|  |TAMS 0x0000000089600000, 0x0000000089600000| Untracked 
| 151|0x0000000089700000, 0x0000000089700000, 0x0000000089800000|  0%| F|  |TAMS 0x0000000089700000, 0x0000000089700000| Untracked 
| 152|0x0000000089800000, 0x0000000089800000, 0x0000000089900000|  0%| F|  |TAMS 0x0000000089800000, 0x0000000089800000| Untracked 
| 153|0x0000000089900000, 0x0000000089900000, 0x0000000089a00000|  0%| F|  |TAMS 0x0000000089900000, 0x0000000089900000| Untracked 
| 154|0x0000000089a00000, 0x0000000089a00000, 0x0000000089b00000|  0%| F|  |TAMS 0x0000000089a00000, 0x0000000089a00000| Untracked 
| 155|0x0000000089b00000, 0x0000000089b00000, 0x0000000089c00000|  0%| F|  |TAMS 0x0000000089b00000, 0x0000000089b00000| Untracked 
| 156|0x0000000089c00000, 0x0000000089c00000, 0x0000000089d00000|  0%| F|  |TAMS 0x0000000089c00000, 0x0000000089c00000| Untracked 
| 157|0x0000000089d00000, 0x0000000089d00000, 0x0000000089e00000|  0%| F|  |TAMS 0x0000000089d00000, 0x0000000089d00000| Untracked 
| 158|0x0000000089e00000, 0x0000000089e00000, 0x0000000089f00000|  0%| F|  |TAMS 0x0000000089e00000, 0x0000000089e00000| Untracked 
| 159|0x0000000089f00000, 0x0000000089f00000, 0x000000008a000000|  0%| F|  |TAMS 0x0000000089f00000, 0x0000000089f00000| Untracked 
| 160|0x000000008a000000, 0x000000008a000000, 0x000000008a100000|  0%| F|  |TAMS 0x000000008a000000, 0x000000008a000000| Untracked 
| 161|0x000000008a100000, 0x000000008a100000, 0x000000008a200000|  0%| F|  |TAMS 0x000000008a100000, 0x000000008a100000| Untracked 
| 162|0x000000008a200000, 0x000000008a200000, 0x000000008a300000|  0%| F|  |TAMS 0x000000008a200000, 0x000000008a200000| Untracked 
| 163|0x000000008a300000, 0x000000008a300000, 0x000000008a400000|  0%| F|  |TAMS 0x000000008a300000, 0x000000008a300000| Untracked 
| 164|0x000000008a400000, 0x000000008a400000, 0x000000008a500000|  0%| F|  |TAMS 0x000000008a400000, 0x000000008a400000| Untracked 
| 165|0x000000008a500000, 0x000000008a5be3c0, 0x000000008a600000| 74%| E|  |TAMS 0x000000008a500000, 0x000000008a500000| Complete 
| 166|0x000000008a600000, 0x000000008a700000, 0x000000008a700000|100%| E|CS|TAMS 0x000000008a600000, 0x000000008a600000| Complete 
| 167|0x000000008a700000, 0x000000008a800000, 0x000000008a800000|100%| E|CS|TAMS 0x000000008a700000, 0x000000008a700000| Complete 
| 168|0x000000008a800000, 0x000000008a900000, 0x000000008a900000|100%| E|CS|TAMS 0x000000008a800000, 0x000000008a800000| Complete 
| 169|0x000000008a900000, 0x000000008aa00000, 0x000000008aa00000|100%| E|CS|TAMS 0x000000008a900000, 0x000000008a900000| Complete 
| 170|0x000000008aa00000, 0x000000008ab00000, 0x000000008ab00000|100%| E|CS|TAMS 0x000000008aa00000, 0x000000008aa00000| Complete 
| 171|0x000000008ab00000, 0x000000008ac00000, 0x000000008ac00000|100%| E|CS|TAMS 0x000000008ab00000, 0x000000008ab00000| Complete 
| 172|0x000000008ac00000, 0x000000008ad00000, 0x000000008ad00000|100%| E|CS|TAMS 0x000000008ac00000, 0x000000008ac00000| Complete 
| 173|0x000000008ad00000, 0x000000008ae00000, 0x000000008ae00000|100%| E|CS|TAMS 0x000000008ad00000, 0x000000008ad00000| Complete 
| 174|0x000000008ae00000, 0x000000008af00000, 0x000000008af00000|100%| E|CS|TAMS 0x000000008ae00000, 0x000000008ae00000| Complete 
| 175|0x000000008af00000, 0x000000008b000000, 0x000000008b000000|100%| E|CS|TAMS 0x000000008af00000, 0x000000008af00000| Complete 
| 176|0x000000008b000000, 0x000000008b100000, 0x000000008b100000|100%| E|CS|TAMS 0x000000008b000000, 0x000000008b000000| Complete 
| 177|0x000000008b100000, 0x000000008b200000, 0x000000008b200000|100%| E|CS|TAMS 0x000000008b100000, 0x000000008b100000| Complete 
| 178|0x000000008b200000, 0x000000008b300000, 0x000000008b300000|100%| E|CS|TAMS 0x000000008b200000, 0x000000008b200000| Complete 
| 179|0x000000008b300000, 0x000000008b400000, 0x000000008b400000|100%| E|CS|TAMS 0x000000008b300000, 0x000000008b300000| Complete 
| 180|0x000000008b400000, 0x000000008b500000, 0x000000008b500000|100%| E|CS|TAMS 0x000000008b400000, 0x000000008b400000| Complete 
| 181|0x000000008b500000, 0x000000008b600000, 0x000000008b600000|100%| E|CS|TAMS 0x000000008b500000, 0x000000008b500000| Complete 
| 182|0x000000008b600000, 0x000000008b700000, 0x000000008b700000|100%| E|CS|TAMS 0x000000008b600000, 0x000000008b600000| Complete 
| 183|0x000000008b700000, 0x000000008b800000, 0x000000008b800000|100%| E|CS|TAMS 0x000000008b700000, 0x000000008b700000| Complete 
| 184|0x000000008b800000, 0x000000008b900000, 0x000000008b900000|100%| E|CS|TAMS 0x000000008b800000, 0x000000008b800000| Complete 
| 185|0x000000008b900000, 0x000000008ba00000, 0x000000008ba00000|100%| E|CS|TAMS 0x000000008b900000, 0x000000008b900000| Complete 
| 186|0x000000008ba00000, 0x000000008bb00000, 0x000000008bb00000|100%| E|CS|TAMS 0x000000008ba00000, 0x000000008ba00000| Complete 
| 187|0x000000008bb00000, 0x000000008bc00000, 0x000000008bc00000|100%| E|CS|TAMS 0x000000008bb00000, 0x000000008bb00000| Complete 
| 188|0x000000008bc00000, 0x000000008bd00000, 0x000000008bd00000|100%| E|CS|TAMS 0x000000008bc00000, 0x000000008bc00000| Complete 
| 189|0x000000008bd00000, 0x000000008be00000, 0x000000008be00000|100%| E|CS|TAMS 0x000000008bd00000, 0x000000008bd00000| Complete 
| 190|0x000000008be00000, 0x000000008bf00000, 0x000000008bf00000|100%| E|CS|TAMS 0x000000008be00000, 0x000000008be00000| Complete 
| 191|0x000000008bf00000, 0x000000008c000000, 0x000000008c000000|100%| E|CS|TAMS 0x000000008bf00000, 0x000000008bf00000| Complete 
| 192|0x000000008c000000, 0x000000008c100000, 0x000000008c100000|100%| E|CS|TAMS 0x000000008c000000, 0x000000008c000000| Complete 
| 193|0x000000008c100000, 0x000000008c200000, 0x000000008c200000|100%| E|CS|TAMS 0x000000008c100000, 0x000000008c100000| Complete 
| 194|0x000000008c200000, 0x000000008c300000, 0x000000008c300000|100%| E|CS|TAMS 0x000000008c200000, 0x000000008c200000| Complete 
| 195|0x000000008c300000, 0x000000008c400000, 0x000000008c400000|100%| E|CS|TAMS 0x000000008c300000, 0x000000008c300000| Complete 
| 196|0x000000008c400000, 0x000000008c500000, 0x000000008c500000|100%| E|CS|TAMS 0x000000008c400000, 0x000000008c400000| Complete 
| 197|0x000000008c500000, 0x000000008c600000, 0x000000008c600000|100%| E|CS|TAMS 0x000000008c500000, 0x000000008c500000| Complete 
| 198|0x000000008c600000, 0x000000008c700000, 0x000000008c700000|100%| E|CS|TAMS 0x000000008c600000, 0x000000008c600000| Complete 
| 199|0x000000008c700000, 0x000000008c800000, 0x000000008c800000|100%| E|CS|TAMS 0x000000008c700000, 0x000000008c700000| Complete 
| 200|0x000000008c800000, 0x000000008c900000, 0x000000008c900000|100%| E|  |TAMS 0x000000008c800000, 0x000000008c800000| Complete 
| 201|0x000000008c900000, 0x000000008ca00000, 0x000000008ca00000|100%| E|CS|TAMS 0x000000008c900000, 0x000000008c900000| Complete 
| 202|0x000000008ca00000, 0x000000008cb00000, 0x000000008cb00000|100%| E|CS|TAMS 0x000000008ca00000, 0x000000008ca00000| Complete 
| 203|0x000000008cb00000, 0x000000008cc00000, 0x000000008cc00000|100%| E|CS|TAMS 0x000000008cb00000, 0x000000008cb00000| Complete 
| 204|0x000000008cc00000, 0x000000008cd00000, 0x000000008cd00000|100%| E|CS|TAMS 0x000000008cc00000, 0x000000008cc00000| Complete 
| 205|0x000000008cd00000, 0x000000008ce00000, 0x000000008ce00000|100%| E|CS|TAMS 0x000000008cd00000, 0x000000008cd00000| Complete 
| 206|0x000000008ce00000, 0x000000008cf00000, 0x000000008cf00000|100%| E|CS|TAMS 0x000000008ce00000, 0x000000008ce00000| Complete 
| 207|0x000000008cf00000, 0x000000008d000000, 0x000000008d000000|100%| E|CS|TAMS 0x000000008cf00000, 0x000000008cf00000| Complete 
| 208|0x000000008d000000, 0x000000008d100000, 0x000000008d100000|100%| E|CS|TAMS 0x000000008d000000, 0x000000008d000000| Complete 
| 209|0x000000008d100000, 0x000000008d200000, 0x000000008d200000|100%| E|CS|TAMS 0x000000008d100000, 0x000000008d100000| Complete 
| 210|0x000000008d200000, 0x000000008d300000, 0x000000008d300000|100%| E|CS|TAMS 0x000000008d200000, 0x000000008d200000| Complete 
| 211|0x000000008d300000, 0x000000008d400000, 0x000000008d400000|100%| E|CS|TAMS 0x000000008d300000, 0x000000008d300000| Complete 
| 212|0x000000008d400000, 0x000000008d500000, 0x000000008d500000|100%| E|CS|TAMS 0x000000008d400000, 0x000000008d400000| Complete 
| 213|0x000000008d500000, 0x000000008d600000, 0x000000008d600000|100%| E|CS|TAMS 0x000000008d500000, 0x000000008d500000| Complete 
| 214|0x000000008d600000, 0x000000008d700000, 0x000000008d700000|100%| E|CS|TAMS 0x000000008d600000, 0x000000008d600000| Complete 
| 215|0x000000008d700000, 0x000000008d800000, 0x000000008d800000|100%| E|CS|TAMS 0x000000008d700000, 0x000000008d700000| Complete 
| 216|0x000000008d800000, 0x000000008d900000, 0x000000008d900000|100%| E|CS|TAMS 0x000000008d800000, 0x000000008d800000| Complete 
| 217|0x000000008d900000, 0x000000008da00000, 0x000000008da00000|100%| E|CS|TAMS 0x000000008d900000, 0x000000008d900000| Complete 
| 218|0x000000008da00000, 0x000000008db00000, 0x000000008db00000|100%| E|CS|TAMS 0x000000008da00000, 0x000000008da00000| Complete 
| 219|0x000000008db00000, 0x000000008dc00000, 0x000000008dc00000|100%| E|CS|TAMS 0x000000008db00000, 0x000000008db00000| Complete 
| 220|0x000000008dc00000, 0x000000008dd00000, 0x000000008dd00000|100%| E|CS|TAMS 0x000000008dc00000, 0x000000008dc00000| Complete 
| 221|0x000000008dd00000, 0x000000008de00000, 0x000000008de00000|100%| E|CS|TAMS 0x000000008dd00000, 0x000000008dd00000| Complete 
| 222|0x000000008de00000, 0x000000008df00000, 0x000000008df00000|100%| E|CS|TAMS 0x000000008de00000, 0x000000008de00000| Complete 
| 223|0x000000008df00000, 0x000000008e000000, 0x000000008e000000|100%| E|CS|TAMS 0x000000008df00000, 0x000000008df00000| Complete 
| 224|0x000000008e000000, 0x000000008e100000, 0x000000008e100000|100%| E|CS|TAMS 0x000000008e000000, 0x000000008e000000| Complete 
| 225|0x000000008e100000, 0x000000008e200000, 0x000000008e200000|100%| E|CS|TAMS 0x000000008e100000, 0x000000008e100000| Complete 
| 226|0x000000008e200000, 0x000000008e300000, 0x000000008e300000|100%| E|CS|TAMS 0x000000008e200000, 0x000000008e200000| Complete 
| 227|0x000000008e300000, 0x000000008e400000, 0x000000008e400000|100%| E|CS|TAMS 0x000000008e300000, 0x000000008e300000| Complete 
| 228|0x000000008e400000, 0x000000008e500000, 0x000000008e500000|100%| E|CS|TAMS 0x000000008e400000, 0x000000008e400000| Complete 
| 229|0x000000008e500000, 0x000000008e600000, 0x000000008e600000|100%| E|CS|TAMS 0x000000008e500000, 0x000000008e500000| Complete 
| 230|0x000000008e600000, 0x000000008e700000, 0x000000008e700000|100%| E|CS|TAMS 0x000000008e600000, 0x000000008e600000| Complete 
| 231|0x000000008e700000, 0x000000008e800000, 0x000000008e800000|100%| E|CS|TAMS 0x000000008e700000, 0x000000008e700000| Complete 
| 232|0x000000008e800000, 0x000000008e900000, 0x000000008e900000|100%| E|CS|TAMS 0x000000008e800000, 0x000000008e800000| Complete 
| 233|0x000000008e900000, 0x000000008ea00000, 0x000000008ea00000|100%| E|CS|TAMS 0x000000008e900000, 0x000000008e900000| Complete 
| 234|0x000000008ea00000, 0x000000008eb00000, 0x000000008eb00000|100%| E|CS|TAMS 0x000000008ea00000, 0x000000008ea00000| Complete 
| 235|0x000000008eb00000, 0x000000008ec00000, 0x000000008ec00000|100%| E|CS|TAMS 0x000000008eb00000, 0x000000008eb00000| Complete 
| 236|0x000000008ec00000, 0x000000008ed00000, 0x000000008ed00000|100%| E|CS|TAMS 0x000000008ec00000, 0x000000008ec00000| Complete 
| 237|0x000000008ed00000, 0x000000008ee00000, 0x000000008ee00000|100%| E|CS|TAMS 0x000000008ed00000, 0x000000008ed00000| Complete 
| 238|0x000000008ee00000, 0x000000008ef00000, 0x000000008ef00000|100%| E|CS|TAMS 0x000000008ee00000, 0x000000008ee00000| Complete 
| 239|0x000000008ef00000, 0x000000008f000000, 0x000000008f000000|100%| E|CS|TAMS 0x000000008ef00000, 0x000000008ef00000| Complete 
| 240|0x000000008f000000, 0x000000008f100000, 0x000000008f100000|100%| E|CS|TAMS 0x000000008f000000, 0x000000008f000000| Complete 
| 241|0x000000008f100000, 0x000000008f200000, 0x000000008f200000|100%| E|CS|TAMS 0x000000008f100000, 0x000000008f100000| Complete 
| 242|0x000000008f200000, 0x000000008f300000, 0x000000008f300000|100%| E|CS|TAMS 0x000000008f200000, 0x000000008f200000| Complete 
| 243|0x000000008f300000, 0x000000008f400000, 0x000000008f400000|100%| E|CS|TAMS 0x000000008f300000, 0x000000008f300000| Complete 
| 244|0x000000008f400000, 0x000000008f500000, 0x000000008f500000|100%| E|CS|TAMS 0x000000008f400000, 0x000000008f400000| Complete 
| 245|0x000000008f500000, 0x000000008f600000, 0x000000008f600000|100%| E|CS|TAMS 0x000000008f500000, 0x000000008f500000| Complete 
| 246|0x000000008f600000, 0x000000008f700000, 0x000000008f700000|100%| E|CS|TAMS 0x000000008f600000, 0x000000008f600000| Complete 
| 247|0x000000008f700000, 0x000000008f800000, 0x000000008f800000|100%| E|CS|TAMS 0x000000008f700000, 0x000000008f700000| Complete 
| 248|0x000000008f800000, 0x000000008f900000, 0x000000008f900000|100%| E|CS|TAMS 0x000000008f800000, 0x000000008f800000| Complete 
| 249|0x000000008f900000, 0x000000008fa00000, 0x000000008fa00000|100%| E|CS|TAMS 0x000000008f900000, 0x000000008f900000| Complete 
| 250|0x000000008fa00000, 0x000000008fb00000, 0x000000008fb00000|100%| E|CS|TAMS 0x000000008fa00000, 0x000000008fa00000| Complete 
| 251|0x000000008fb00000, 0x000000008fc00000, 0x000000008fc00000|100%| E|CS|TAMS 0x000000008fb00000, 0x000000008fb00000| Complete 
| 252|0x000000008fc00000, 0x000000008fd00000, 0x000000008fd00000|100%| E|CS|TAMS 0x000000008fc00000, 0x000000008fc00000| Complete 
| 253|0x000000008fd00000, 0x000000008fe00000, 0x000000008fe00000|100%| E|CS|TAMS 0x000000008fd00000, 0x000000008fd00000| Complete 
| 254|0x000000008fe00000, 0x000000008ff00000, 0x000000008ff00000|100%| E|CS|TAMS 0x000000008fe00000, 0x000000008fe00000| Complete 
| 255|0x000000008ff00000, 0x0000000090000000, 0x0000000090000000|100%| E|CS|TAMS 0x000000008ff00000, 0x000000008ff00000| Complete 
| 256|0x0000000090000000, 0x0000000090100000, 0x0000000090100000|100%| E|CS|TAMS 0x0000000090000000, 0x0000000090000000| Complete 
| 257|0x0000000090100000, 0x0000000090200000, 0x0000000090200000|100%| E|CS|TAMS 0x0000000090100000, 0x0000000090100000| Complete 
| 258|0x0000000090200000, 0x0000000090300000, 0x0000000090300000|100%| E|CS|TAMS 0x0000000090200000, 0x0000000090200000| Complete 
| 259|0x0000000090300000, 0x0000000090400000, 0x0000000090400000|100%| E|CS|TAMS 0x0000000090300000, 0x0000000090300000| Complete 
| 260|0x0000000090400000, 0x0000000090500000, 0x0000000090500000|100%| E|CS|TAMS 0x0000000090400000, 0x0000000090400000| Complete 
| 261|0x0000000090500000, 0x0000000090600000, 0x0000000090600000|100%| E|CS|TAMS 0x0000000090500000, 0x0000000090500000| Complete 
| 262|0x0000000090600000, 0x0000000090700000, 0x0000000090700000|100%| E|CS|TAMS 0x0000000090600000, 0x0000000090600000| Complete 
| 263|0x0000000090700000, 0x0000000090800000, 0x0000000090800000|100%| E|CS|TAMS 0x0000000090700000, 0x0000000090700000| Complete 
| 264|0x0000000090800000, 0x0000000090900000, 0x0000000090900000|100%| E|CS|TAMS 0x0000000090800000, 0x0000000090800000| Complete 
| 265|0x0000000090900000, 0x0000000090a00000, 0x0000000090a00000|100%| E|CS|TAMS 0x0000000090900000, 0x0000000090900000| Complete 

Card table byte_map: [0x0000023b443a0000,0x0000023b447a0000] _byte_map_base: 0x0000023b43fa0000

Marking Bits (Prev, Next): (CMBitMap*) 0x0000023b2d15c220, (CMBitMap*) 0x0000023b2d15c1e0
 Prev Bits: [0x0000023b46ba0000, 0x0000023b48ba0000)
 Next Bits: [0x0000023b44ba0000, 0x0000023b46ba0000)

Polling page: 0x0000023b2b0e0000

Metaspace:

Usage:
  Non-class:     89.63 MB used.
      Class:     14.17 MB used.
       Both:    103.80 MB used.

Virtual space:
  Non-class space:      128.00 MB reserved,      90.19 MB ( 70%) committed,  2 nodes.
      Class space:        1.00 GB reserved,      14.75 MB (  1%) committed,  1 nodes.
             Both:        1.12 GB reserved,     104.94 MB (  9%) committed. 

Chunk freelists:
   Non-Class:  4.88 MB
       Class:  1.25 MB
        Both:  6.12 MB

MaxMetaspaceSize: unlimited
CompressedClassSpaceSize: 1.00 GB
Initial GC threshold: 21.00 MB
Current GC threshold: 116.19 MB
CDS: on
MetaspaceReclaimPolicy: balanced
 - commit_granule_bytes: 65536.
 - commit_granule_words: 8192.
 - virtual_space_node_default_size: 8388608.
 - enlarge_chunks_in_place: 1.
 - new_chunks_are_fully_committed: 0.
 - uncommit_free_chunks: 1.
 - use_allocation_guard: 0.
 - handle_deallocations: 1.


Internal statistics:

num_allocs_failed_limit: 6.
num_arena_births: 1734.
num_arena_deaths: 0.
num_vsnodes_births: 3.
num_vsnodes_deaths: 0.
num_space_committed: 1677.
num_space_uncommitted: 0.
num_chunks_returned_to_freelist: 6.
num_chunks_taken_from_freelist: 6335.
num_chunk_merges: 6.
num_chunk_splits: 4074.
num_chunks_enlarged: 2584.
num_inconsistent_stats: 0.

CodeHeap 'non-profiled nmethods': size=120000Kb used=6341Kb max_used=6341Kb free=113659Kb
 bounds [0x0000023b3c740000, 0x0000023b3cd80000, 0x0000023b43c70000]
CodeHeap 'profiled nmethods': size=120000Kb used=23890Kb max_used=23890Kb free=96109Kb
 bounds [0x0000023b34c70000, 0x0000023b363d0000, 0x0000023b3c1a0000]
CodeHeap 'non-nmethods': size=5760Kb used=1799Kb max_used=1838Kb free=3960Kb
 bounds [0x0000023b3c1a0000, 0x0000023b3c410000, 0x0000023b3c740000]
 total_blobs=13132 nmethods=12238 adapters=806
 compilation: enabled
              stopped_count=0, restarted_count=0
 full_count=0

Compilation events (20 events):
Event: 75.290 Thread 0x0000023b4b4e5490 14193       3       org.gradle.execution.plan.DefaultPlanExecutor$ExecutorState$WorkerState::startWaitingForNextItem (27 bytes)
Event: 75.293 Thread 0x0000023b4b4e5490 nmethod 14193 0x0000023b363acc90 code [0x0000023b363acf60, 0x0000023b363addd8]
Event: 75.306 Thread 0x0000023b4b4e5490 14194 %     3       java.lang.AbstractStringBuilder::appendChars @ 26 (130 bytes)
Event: 75.307 Thread 0x0000023b4b4e5490 nmethod 14194% 0x0000023b363ae290 code [0x0000023b363ae4a0, 0x0000023b363aeb48]
Event: 75.308 Thread 0x0000023b4b4e5490 14196       3       java.lang.StringUTF16::length (5 bytes)
Event: 75.308 Thread 0x0000023b4b4e5490 nmethod 14196 0x0000023b363aee10 code [0x0000023b363aefa0, 0x0000023b363af098]
Event: 75.311 Thread 0x0000023b4b4e5490 14197       3       com.sun.org.apache.xerces.internal.util.XMLAttributesImpl::getIndexFast (38 bytes)
Event: 75.312 Thread 0x0000023b4b4e5490 nmethod 14197 0x0000023b363af190 code [0x0000023b363af340, 0x0000023b363af598]
Event: 75.313 Thread 0x0000023b4b4e5490 14199       3       com.sun.org.apache.xerces.internal.impl.XMLEntityScanner::skipString (122 bytes)
Event: 75.316 Thread 0x0000023b4b4e5490 nmethod 14199 0x0000023b363af710 code [0x0000023b363af960, 0x0000023b363b02f8]
Event: 75.323 Thread 0x0000023b4b4e5490 14200       3       com.google.common.collect.StandardTable::contains (23 bytes)
Event: 75.324 Thread 0x0000023b4b4e5490 nmethod 14200 0x0000023b363b0790 code [0x0000023b363b09e0, 0x0000023b363b13e8]
Event: 75.325 Thread 0x0000023b4b4e5490 14201       3       com.google.common.collect.Maps$IteratorBasedAbstractMap::<init> (5 bytes)
Event: 75.325 Thread 0x0000023b4b4e5490 nmethod 14201 0x0000023b363b1710 code [0x0000023b363b18c0, 0x0000023b363b1a78]
Event: 75.325 Thread 0x0000023b4b4e5490 14202       3       com.google.common.collect.StandardTable::row (10 bytes)
Event: 75.326 Thread 0x0000023b4b4e5490 nmethod 14202 0x0000023b363b1b90 code [0x0000023b363b1d80, 0x0000023b363b2288]
Event: 75.326 Thread 0x0000023b4b4e5490 14204       3       com.google.common.base.Preconditions::checkArgument (18 bytes)
Event: 75.327 Thread 0x0000023b4b4e5490 nmethod 14204 0x0000023b363b2490 code [0x0000023b363b2640, 0x0000023b363b2858]
Event: 75.327 Thread 0x0000023b4b4e5490 14203       3       com.google.common.collect.StandardTable$Row::<init> (18 bytes)
Event: 75.327 Thread 0x0000023b4b4e5490 nmethod 14203 0x0000023b363b2990 code [0x0000023b363b2b60, 0x0000023b363b2fa8]

GC Heap History (20 events):
Event: 31.461 GC heap before
{Heap before GC invocations=51 (full 0):
 garbage-first heap   total 133120K, used 100423K [0x0000000080000000, 0x0000000100000000)
  region size 1024K, 29 young (29696K), 2 survivors (2048K)
 Metaspace       used 68685K, committed 69568K, reserved 1114112K
  class space    used 9405K, committed 9792K, reserved 1048576K
}
Event: 31.472 GC heap after
{Heap after GC invocations=52 (full 0):
 garbage-first heap   total 133120K, used 74749K [0x0000000080000000, 0x0000000100000000)
  region size 1024K, 3 young (3072K), 3 survivors (3072K)
 Metaspace       used 68685K, committed 69568K, reserved 1114112K
  class space    used 9405K, committed 9792K, reserved 1048576K
}
Event: 31.602 GC heap before
{Heap before GC invocations=52 (full 0):
 garbage-first heap   total 133120K, used 77821K [0x0000000080000000, 0x0000000100000000)
  region size 1024K, 6 young (6144K), 3 survivors (3072K)
 Metaspace       used 68919K, committed 69824K, reserved 1114112K
  class space    used 9443K, committed 9856K, reserved 1048576K
}
Event: 31.621 GC heap after
{Heap after GC invocations=53 (full 0):
 garbage-first heap   total 133120K, used 74394K [0x0000000080000000, 0x0000000100000000)
  region size 1024K, 1 young (1024K), 1 survivors (1024K)
 Metaspace       used 68919K, committed 69824K, reserved 1114112K
  class space    used 9443K, committed 9856K, reserved 1048576K
}
Event: 32.199 GC heap before
{Heap before GC invocations=53 (full 0):
 garbage-first heap   total 133120K, used 86682K [0x0000000080000000, 0x0000000100000000)
  region size 1024K, 14 young (14336K), 1 survivors (1024K)
 Metaspace       used 70219K, committed 71168K, reserved 1114112K
  class space    used 9666K, committed 10112K, reserved 1048576K
}
Event: 32.203 GC heap after
{Heap after GC invocations=54 (full 0):
 garbage-first heap   total 133120K, used 74670K [0x0000000080000000, 0x0000000100000000)
  region size 1024K, 1 young (1024K), 1 survivors (1024K)
 Metaspace       used 70219K, committed 71168K, reserved 1114112K
  class space    used 9666K, committed 10112K, reserved 1048576K
}
Event: 33.320 GC heap before
{Heap before GC invocations=55 (full 0):
 garbage-first heap   total 138240K, used 109486K [0x0000000080000000, 0x0000000100000000)
  region size 1024K, 33 young (33792K), 1 survivors (1024K)
 Metaspace       used 73365K, committed 74304K, reserved 1114112K
  class space    used 10077K, committed 10496K, reserved 1048576K
}
Event: 33.332 GC heap after
{Heap after GC invocations=56 (full 0):
 garbage-first heap   total 138240K, used 78231K [0x0000000080000000, 0x0000000100000000)
  region size 1024K, 3 young (3072K), 3 survivors (3072K)
 Metaspace       used 73365K, committed 74304K, reserved 1114112K
  class space    used 10077K, committed 10496K, reserved 1048576K
}
Event: 33.396 GC heap before
{Heap before GC invocations=56 (full 0):
 garbage-first heap   total 138240K, used 80279K [0x0000000080000000, 0x0000000100000000)
  region size 1024K, 6 young (6144K), 3 survivors (3072K)
 Metaspace       used 73534K, committed 74432K, reserved 1114112K
  class space    used 10101K, committed 10496K, reserved 1048576K
}
Event: 33.411 GC heap after
{Heap after GC invocations=57 (full 0):
 garbage-first heap   total 138240K, used 78150K [0x0000000080000000, 0x0000000100000000)
  region size 1024K, 1 young (1024K), 1 survivors (1024K)
 Metaspace       used 73534K, committed 74432K, reserved 1114112K
  class space    used 10101K, committed 10496K, reserved 1048576K
}
Event: 34.436 GC heap before
{Heap before GC invocations=57 (full 0):
 garbage-first heap   total 138240K, used 100678K [0x0000000080000000, 0x0000000100000000)
  region size 1024K, 24 young (24576K), 1 survivors (1024K)
 Metaspace       used 74945K, committed 75904K, reserved 1114112K
  class space    used 10294K, committed 10752K, reserved 1048576K
}
Event: 34.445 GC heap after
{Heap after GC invocations=58 (full 0):
 garbage-first heap   total 272384K, used 79950K [0x0000000080000000, 0x0000000100000000)
  region size 1024K, 3 young (3072K), 3 survivors (3072K)
 Metaspace       used 74945K, committed 75904K, reserved 1114112K
  class space    used 10294K, committed 10752K, reserved 1048576K
}
Event: 40.179 GC heap before
{Heap before GC invocations=58 (full 0):
 garbage-first heap   total 272384K, used 192590K [0x0000000080000000, 0x0000000100000000)
  region size 1024K, 108 young (110592K), 3 survivors (3072K)
 Metaspace       used 81056K, committed 81984K, reserved 1179648K
  class space    used 11075K, committed 11520K, reserved 1048576K
}
Event: 40.222 GC heap after
{Heap after GC invocations=59 (full 0):
 garbage-first heap   total 272384K, used 87200K [0x0000000080000000, 0x0000000100000000)
  region size 1024K, 9 young (9216K), 9 survivors (9216K)
 Metaspace       used 81056K, committed 81984K, reserved 1179648K
  class space    used 11075K, committed 11520K, reserved 1048576K
}
Event: 43.143 GC heap before
{Heap before GC invocations=59 (full 0):
 garbage-first heap   total 272384K, used 198816K [0x0000000080000000, 0x0000000100000000)
  region size 1024K, 118 young (120832K), 9 survivors (9216K)
 Metaspace       used 88539K, committed 89600K, reserved 1179648K
  class space    used 12287K, committed 12800K, reserved 1048576K
}
Event: 43.170 GC heap after
{Heap after GC invocations=60 (full 0):
 garbage-first heap   total 272384K, used 91573K [0x0000000080000000, 0x0000000100000000)
  region size 1024K, 12 young (12288K), 12 survivors (12288K)
 Metaspace       used 88539K, committed 89600K, reserved 1179648K
  class space    used 12287K, committed 12800K, reserved 1048576K
}
Event: 46.912 GC heap before
{Heap before GC invocations=60 (full 0):
 garbage-first heap   total 272384K, used 210357K [0x0000000080000000, 0x0000000100000000)
  region size 1024K, 128 young (131072K), 12 survivors (12288K)
 Metaspace       used 97187K, committed 98240K, reserved 1179648K
  class space    used 13504K, committed 14016K, reserved 1048576K
}
Event: 47.045 GC heap after
{Heap after GC invocations=61 (full 0):
 garbage-first heap   total 272384K, used 97616K [0x0000000080000000, 0x0000000100000000)
  region size 1024K, 11 young (11264K), 11 survivors (11264K)
 Metaspace       used 97187K, committed 98240K, reserved 1179648K
  class space    used 13504K, committed 14016K, reserved 1048576K
}
Event: 66.075 GC heap before
{Heap before GC invocations=61 (full 0):
 garbage-first heap   total 272384K, used 223568K [0x0000000080000000, 0x0000000100000000)
  region size 1024K, 130 young (133120K), 11 survivors (11264K)
 Metaspace       used 103860K, committed 104960K, reserved 1179648K
  class space    used 14258K, committed 14784K, reserved 1048576K
}
Event: 66.337 GC heap after
{Heap after GC invocations=62 (full 0):
 garbage-first heap   total 272384K, used 113021K [0x0000000080000000, 0x0000000100000000)
  region size 1024K, 17 young (17408K), 17 survivors (17408K)
 Metaspace       used 103860K, committed 104960K, reserved 1179648K
  class space    used 14258K, committed 14784K, reserved 1048576K
}

Dll operation events (15 events):
Event: 0.056 Loaded shared library C:\Users\welcome\.gradle\jdks\eclipse_adoptium-17-amd64-windows.2\bin\java.dll
Event: 0.091 Loaded shared library C:\Users\welcome\.gradle\jdks\eclipse_adoptium-17-amd64-windows.2\bin\jsvml.dll
Event: 0.202 Loaded shared library C:\Users\welcome\.gradle\jdks\eclipse_adoptium-17-amd64-windows.2\bin\zip.dll
Event: 0.205 Loaded shared library C:\Users\welcome\.gradle\jdks\eclipse_adoptium-17-amd64-windows.2\bin\instrument.dll
Event: 0.214 Loaded shared library C:\Users\welcome\.gradle\jdks\eclipse_adoptium-17-amd64-windows.2\bin\net.dll
Event: 0.219 Loaded shared library C:\Users\welcome\.gradle\jdks\eclipse_adoptium-17-amd64-windows.2\bin\nio.dll
Event: 0.223 Loaded shared library C:\Users\welcome\.gradle\jdks\eclipse_adoptium-17-amd64-windows.2\bin\zip.dll
Event: 0.811 Loaded shared library C:\Users\welcome\.gradle\jdks\eclipse_adoptium-17-amd64-windows.2\bin\jimage.dll
Event: 1.192 Loaded shared library C:\Users\welcome\.gradle\jdks\eclipse_adoptium-17-amd64-windows.2\bin\verify.dll
Event: 1.263 Loaded shared library C:\Users\welcome\.gradle\native\660c5614fbf4a5f2a75b1949f50a0caf5cd603558e7d8a26e50b933a0cfb79d1\windows-amd64\native-platform.dll
Event: 1.284 Loaded shared library C:\Users\welcome\.gradle\native\0.2.8\x86_64-windows-gnu\gradle-fileevents.dll
Event: 4.257 Loaded shared library C:\Users\welcome\.gradle\jdks\eclipse_adoptium-17-amd64-windows.2\bin\management.dll
Event: 4.270 Loaded shared library C:\Users\welcome\.gradle\jdks\eclipse_adoptium-17-amd64-windows.2\bin\management_ext.dll
Event: 4.837 Loaded shared library C:\Users\welcome\.gradle\jdks\eclipse_adoptium-17-amd64-windows.2\bin\extnet.dll
Event: 5.404 Loaded shared library C:\Users\welcome\.gradle\jdks\eclipse_adoptium-17-amd64-windows.2\bin\sunmscapi.dll

Deoptimization events (20 events):
Event: 75.153 Thread 0x0000023b96008bf0 Uncommon trap: trap_request=0xffffff45 fr.pc=0x0000023b3c8985c0 relative=0x00000000000002a0
Event: 75.153 Thread 0x0000023b96008bf0 Uncommon trap: reason=unstable_if action=reinterpret pc=0x0000023b3c8985c0 method=java.lang.AbstractStringBuilder.appendChars([CII)V @ 43 c2
Event: 75.153 Thread 0x0000023b96008bf0 DEOPT PACKING pc=0x0000023b3c8985c0 sp=0x0000003b047fd500
Event: 75.153 Thread 0x0000023b96008bf0 DEOPT UNPACKING pc=0x0000023b3c1fa1a3 sp=0x0000003b047fd478 mode 2
Event: 75.170 Thread 0x0000023b96008bf0 Uncommon trap: trap_request=0xffffff45 fr.pc=0x0000023b3cd5b8d4 relative=0x00000000000007f4
Event: 75.170 Thread 0x0000023b96008bf0 Uncommon trap: reason=unstable_if action=reinterpret pc=0x0000023b3cd5b8d4 method=java.lang.StringConcatHelper.mix(JLjava/lang/String;)J @ 13 c2
Event: 75.170 Thread 0x0000023b96008bf0 DEOPT PACKING pc=0x0000023b3cd5b8d4 sp=0x0000003b047fd890
Event: 75.170 Thread 0x0000023b96008bf0 DEOPT UNPACKING pc=0x0000023b3c1fa1a3 sp=0x0000003b047fd7c0 mode 2
Event: 75.170 Thread 0x0000023b96008bf0 Uncommon trap: trap_request=0xffffff45 fr.pc=0x0000023b3c81e5cc relative=0x000000000000012c
Event: 75.170 Thread 0x0000023b96008bf0 Uncommon trap: reason=unstable_if action=reinterpret pc=0x0000023b3c81e5cc method=java.lang.StringConcatHelper.prepend(J[BLjava/lang/String;)J @ 13 c2
Event: 75.170 Thread 0x0000023b96008bf0 DEOPT PACKING pc=0x0000023b3c81e5cc sp=0x0000003b047fd7e0
Event: 75.170 Thread 0x0000023b96008bf0 DEOPT UNPACKING pc=0x0000023b3c1fa1a3 sp=0x0000003b047fd7b0 mode 2
Event: 75.170 Thread 0x0000023b96008bf0 Uncommon trap: trap_request=0xffffff45 fr.pc=0x0000023b3c8561cc relative=0x00000000000000ac
Event: 75.170 Thread 0x0000023b96008bf0 Uncommon trap: reason=unstable_if action=reinterpret pc=0x0000023b3c8561cc method=java.lang.StringConcatHelper.newString([BJ)Ljava/lang/String; @ 3 c2
Event: 75.170 Thread 0x0000023b96008bf0 DEOPT PACKING pc=0x0000023b3c8561cc sp=0x0000003b047fd820
Event: 75.170 Thread 0x0000023b96008bf0 DEOPT UNPACKING pc=0x0000023b3c1fa1a3 sp=0x0000003b047fd7c0 mode 2
Event: 75.308 Thread 0x0000023b96008bf0 Uncommon trap: trap_request=0xffffff45 fr.pc=0x0000023b3ca2cf84 relative=0x0000000000000064
Event: 75.308 Thread 0x0000023b96008bf0 Uncommon trap: reason=unstable_if action=reinterpret pc=0x0000023b3ca2cf84 method=java.lang.StringConcatHelper.mix(JLjava/lang/String;)J @ 13 c2
Event: 75.308 Thread 0x0000023b96008bf0 DEOPT PACKING pc=0x0000023b3ca2cf84 sp=0x0000003b047fd810
Event: 75.308 Thread 0x0000023b96008bf0 DEOPT UNPACKING pc=0x0000023b3c1fa1a3 sp=0x0000003b047fd7a8 mode 2

Classes loaded (20 events):
Event: 73.531 Loading class com/sun/org/apache/xerces/internal/util/URI
Event: 73.546 Loading class com/sun/org/apache/xerces/internal/util/URI done
Event: 73.551 Loading class java/net/HttpURLConnection
Event: 73.580 Loading class java/net/HttpURLConnection done
Event: 73.584 Loading class sun/net/ProgressMonitor
Event: 73.601 Loading class sun/net/ProgressMonitor done
Event: 73.601 Loading class sun/net/DefaultProgressMeteringPolicy
Event: 73.617 Loading class sun/net/ProgressMeteringPolicy
Event: 73.618 Loading class sun/net/ProgressMeteringPolicy done
Event: 73.618 Loading class sun/net/DefaultProgressMeteringPolicy done
Event: 73.673 Loading class com/sun/org/apache/xerces/internal/dom/DeferredElementImpl
Event: 73.677 Loading class com/sun/org/apache/xerces/internal/dom/DeferredElementImpl done
Event: 73.677 Loading class com/sun/org/apache/xerces/internal/dom/DeferredAttrImpl
Event: 73.679 Loading class com/sun/org/apache/xerces/internal/dom/DeferredAttrImpl done
Event: 75.316 Loading class com/sun/org/apache/xerces/internal/dom/DeferredCommentImpl
Event: 75.318 Loading class com/sun/org/apache/xerces/internal/dom/CommentImpl
Event: 75.319 Loading class org/w3c/dom/Comment
Event: 75.321 Loading class org/w3c/dom/Comment done
Event: 75.321 Loading class com/sun/org/apache/xerces/internal/dom/CommentImpl done
Event: 75.321 Loading class com/sun/org/apache/xerces/internal/dom/DeferredCommentImpl done

Classes unloaded (0 events):
No events

Classes redefined (0 events):
No events

Internal exceptions (20 events):
Event: 62.190 Thread 0x0000023b935159b0 Exception <a 'java/lang/NoSuchMethodError'{0x000000008a887fe8}: 'void java.lang.invoke.DirectMethodHandle$Holder.invokeInterface(java.lang.Object, java.lang.Object, java.lang.Object, java.lang.Object)'> (0x000000008a887fe8) 
thrown [s\src\hotspot\share\interpreter\linkResolver.cpp, line 759]
Event: 62.447 Thread 0x0000023b946ad300 Exception <a 'java/lang/NoSuchMethodError'{0x000000008aaed860}: static Lcom/android/buildanalyzer/common/AndroidGradlePluginAttributionData$BuildInfo;.<clinit>()V> (0x000000008aaed860) 
thrown [s\src\hotspot\share\prims\jni.cpp, line 1112]
Event: 62.471 Thread 0x0000023b946ad300 Exception <a 'java/lang/NoSuchMethodError'{0x000000008aafd068}: static Lcom/android/buildanalyzer/common/AndroidGradlePluginAttributionData$JavaInfo;.<clinit>()V> (0x000000008aafd068) 
thrown [s\src\hotspot\share\prims\jni.cpp, line 1112]
Event: 62.593 Thread 0x0000023b946ad300 Exception <a 'java/lang/NoSuchMethodError'{0x000000008a78bd50}: static [Ljava/lang/String;.<clinit>()V> (0x000000008a78bd50) 
thrown [s\src\hotspot\share\prims\jni.cpp, line 1112]
Event: 62.598 Thread 0x0000023b946ad300 Exception <a 'java/lang/NoSuchMethodError'{0x000000008a798188}: static Lcom/android/buildanalyzer/common/AndroidGradlePluginAttributionData$TaskInfo;.<clinit>()V> (0x000000008a798188) 
thrown [s\src\hotspot\share\prims\jni.cpp, line 1112]
Event: 62.603 Thread 0x0000023b946ad300 Exception <a 'java/lang/NoSuchMethodError'{0x000000008a608698}: static Lcom/android/buildanalyzer/common/AndroidGradlePluginAttributionData$TaskCategoryInfo;.<clinit>()V> (0x000000008a608698) 
thrown [s\src\hotspot\share\prims\jni.cpp, line 1112]
Event: 63.803 Thread 0x0000023b935159b0 Exception <a 'sun/nio/fs/WindowsException'{0x000000008a7ee0f8}> (0x000000008a7ee0f8) 
thrown [s\src\hotspot\share\prims\jni.cpp, line 516]
Event: 64.038 Thread 0x0000023b4b4c6ef0 Exception <a 'java/lang/NoSuchMethodError'{0x000000008a4da8f8}: static Lorg/gradle/internal/build/event/types/DefaultTaskSkippedResult;.<clinit>()V> (0x000000008a4da8f8) 
thrown [s\src\hotspot\share\prims\jni.cpp, line 1112]
Event: 64.281 Thread 0x0000023b935159b0 Exception <a 'java/lang/IncompatibleClassChangeError'{0x000000008a3b55a8}: Found class java.lang.Object, but interface was expected> (0x000000008a3b55a8) 
thrown [s\src\hotspot\share\interpreter\linkResolver.cpp, line 826]
Event: 64.511 Thread 0x0000023b935159b0 Exception <a 'sun/nio/fs/WindowsException'{0x000000008a19daf0}> (0x000000008a19daf0) 
thrown [s\src\hotspot\share\prims\jni.cpp, line 516]
Event: 64.685 Thread 0x0000023b935159b0 Exception <a 'java/lang/NoSuchMethodError'{0x0000000089f3a3d8}: 'int java.lang.invoke.DirectMethodHandle$Holder.invokeStaticInit(java.lang.Object, java.lang.Object, java.lang.Object, java.lang.Object, java.lang.Object)'> (0x0000000089f3a3d8) 
thrown [s\src\hotspot\share\interpreter\linkResolver.cpp, line 759]
Event: 64.939 Thread 0x0000023b935159b0 Exception <a 'sun/nio/fs/WindowsException'{0x0000000089d2c998}> (0x0000000089d2c998) 
thrown [s\src\hotspot\share\prims\jni.cpp, line 516]
Event: 64.946 Thread 0x0000023b935159b0 Exception <a 'sun/nio/fs/WindowsException'{0x0000000089d361e8}> (0x0000000089d361e8) 
thrown [s\src\hotspot\share\prims\jni.cpp, line 516]
Event: 67.985 Thread 0x0000023b95857e00 Exception <a 'java/lang/NoSuchMethodError'{0x000000008fe297d8}: 'int java.lang.invoke.DirectMethodHandle$Holder.invokeSpecial(java.lang.Object, java.lang.Object, int)'> (0x000000008fe297d8) 
thrown [s\src\hotspot\share\interpreter\linkResolver.cpp, line 759]
Event: 69.267 Thread 0x0000023b946acdf0 Implicit null exception at 0x0000023b3cc375db to 0x0000023b3cc3766c
Event: 70.422 Thread 0x0000023b946b05a0 Implicit null exception at 0x0000023b3cd01484 to 0x0000023b3cd0161c
Event: 70.819 Thread 0x0000023b95857e00 Exception <a 'sun/nio/fs/WindowsException'{0x000000008d3f7e68}> (0x000000008d3f7e68) 
thrown [s\src\hotspot\share\prims\jni.cpp, line 516]
Event: 70.820 Thread 0x0000023b95857e00 Exception <a 'sun/nio/fs/WindowsException'{0x000000008d3f9210}> (0x000000008d3f9210) 
thrown [s\src\hotspot\share\prims\jni.cpp, line 516]
Event: 73.974 Thread 0x0000023b95857e00 Exception <a 'sun/nio/fs/WindowsException'{0x000000008bfc8190}> (0x000000008bfc8190) 
thrown [s\src\hotspot\share\prims\jni.cpp, line 516]
Event: 74.010 Thread 0x0000023b95857e00 Exception <a 'sun/nio/fs/WindowsException'{0x000000008bfd0038}> (0x000000008bfd0038) 
thrown [s\src\hotspot\share\prims\jni.cpp, line 516]

VM Operations (20 events):
Event: 69.986 Executing VM operation: Cleanup
Event: 69.986 Executing VM operation: Cleanup done
Event: 70.991 Executing VM operation: Cleanup
Event: 70.992 Executing VM operation: Cleanup done
Event: 71.999 Executing VM operation: Cleanup
Event: 72.047 Executing VM operation: Cleanup done
Event: 72.396 Executing VM operation: HandshakeAllThreads
Event: 72.524 Executing VM operation: HandshakeAllThreads done
Event: 73.477 Executing VM operation: HandshakeAllThreads
Event: 73.483 Executing VM operation: HandshakeAllThreads done
Event: 73.483 Executing VM operation: Cleanup
Event: 73.484 Executing VM operation: Cleanup done
Event: 74.003 Executing VM operation: HandshakeAllThreads
Event: 74.003 Executing VM operation: HandshakeAllThreads done
Event: 74.006 Executing VM operation: HandshakeAllThreads
Event: 74.006 Executing VM operation: HandshakeAllThreads done
Event: 75.014 Executing VM operation: Cleanup
Event: 75.014 Executing VM operation: Cleanup done
Event: 75.069 Executing VM operation: HandshakeAllThreads
Event: 75.069 Executing VM operation: HandshakeAllThreads done

Memory protections (0 events):
No events

Nmethod flushes (20 events):
Event: 43.867 Thread 0x0000023b4b4ee880 flushing  nmethod 0x0000023b35c63b10
Event: 43.867 Thread 0x0000023b4b4ee880 flushing osr nmethod 0x0000023b35c64410
Event: 43.867 Thread 0x0000023b4b4ee880 flushing  nmethod 0x0000023b35c66690
Event: 43.867 Thread 0x0000023b4b4ee880 flushing osr nmethod 0x0000023b35c69d10
Event: 43.867 Thread 0x0000023b4b4ee880 flushing  nmethod 0x0000023b35c8ee90
Event: 43.867 Thread 0x0000023b4b4ee880 flushing  nmethod 0x0000023b35c9bb90
Event: 43.867 Thread 0x0000023b4b4ee880 flushing  nmethod 0x0000023b35ca7190
Event: 43.867 Thread 0x0000023b4b4ee880 flushing  nmethod 0x0000023b35ca8890
Event: 43.868 Thread 0x0000023b4b4ee880 flushing  nmethod 0x0000023b35d7d490
Event: 43.869 Thread 0x0000023b4b4ee880 flushing  nmethod 0x0000023b35e18510
Event: 43.869 Thread 0x0000023b4b4ee880 flushing  nmethod 0x0000023b35e54390
Event: 43.869 Thread 0x0000023b4b4ee880 flushing  nmethod 0x0000023b35e54c90
Event: 43.869 Thread 0x0000023b4b4ee880 flushing  nmethod 0x0000023b35ea7c10
Event: 43.869 Thread 0x0000023b4b4ee880 flushing  nmethod 0x0000023b35ea8010
Event: 64.096 Thread 0x0000023b4b4ee880 flushing  nmethod 0x0000023b34eaef10
Event: 64.096 Thread 0x0000023b4b4ee880 flushing  nmethod 0x0000023b34eb0e10
Event: 64.159 Thread 0x0000023b4b4ee880 flushing  nmethod 0x0000023b354e4210
Event: 64.173 Thread 0x0000023b4b4ee880 flushing  nmethod 0x0000023b35618f90
Event: 64.173 Thread 0x0000023b4b4ee880 flushing  nmethod 0x0000023b35619b90
Event: 64.253 Thread 0x0000023b4b4ee880 flushing  nmethod 0x0000023b35df0e90

Events (20 events):
Event: 69.262 Thread 0x0000023b95857e00 Thread added: 0x0000023b946acdf0
Event: 69.262 Thread 0x0000023b95857e00 Thread added: 0x0000023b946b05a0
Event: 69.262 Thread 0x0000023b95857e00 Thread added: 0x0000023b946aaa80
Event: 71.496 Thread 0x0000023b935159b0 Thread added: 0x0000023b960081d0
Event: 71.687 Thread 0x0000023b935159b0 Thread added: 0x0000023b96008bf0
Event: 72.264 Thread 0x0000023b95857e00 Thread added: 0x0000023b95859240
Event: 72.267 Thread 0x0000023b95857e00 Thread added: 0x0000023b95858310
Event: 72.278 Thread 0x0000023b95857e00 Thread added: 0x0000023b95858820
Event: 72.279 Thread 0x0000023b95857e00 Thread added: 0x0000023b95858d30
Event: 72.280 Thread 0x0000023b95857e00 Thread added: 0x0000023b95859750
Event: 72.282 Thread 0x0000023b95857e00 Thread added: 0x0000023b92f21ef0
Event: 72.286 Thread 0x0000023b95857e00 Thread added: 0x0000023b92f22400
Event: 74.216 Thread 0x0000023b93514570 Thread added: 0x0000023b946abec0
Event: 74.217 Thread 0x0000023b93514570 Thread added: 0x0000023b946ac3d0
Event: 74.218 Thread 0x0000023b93514570 Thread added: 0x0000023b946ac8e0
Event: 74.219 Thread 0x0000023b93514570 Thread added: 0x0000023b946af160
Event: 74.220 Thread 0x0000023b93514570 Thread added: 0x0000023b92ea4fe0
Event: 74.220 Thread 0x0000023b93514570 Thread added: 0x0000023b9360bb50
Event: 74.221 Thread 0x0000023b93514570 Thread added: 0x0000023b9360c570
Event: 74.227 Thread 0x0000023b4b4e5490 Thread added: 0x0000023b931e5ec0


Dynamic libraries:
0x00007ff784650000 - 0x00007ff78465e000 	C:\Users\welcome\.gradle\jdks\eclipse_adoptium-17-amd64-windows.2\bin\java.exe
0x00007ffd5ed30000 - 0x00007ffd5ef28000 	C:\Windows\SYSTEM32\ntdll.dll
0x00007ffd5d0a0000 - 0x00007ffd5d162000 	C:\Windows\System32\KERNEL32.DLL
0x00007ffd5c6b0000 - 0x00007ffd5c9a7000 	C:\Windows\System32\KERNELBASE.dll
0x00007ffd5c9b0000 - 0x00007ffd5cab0000 	C:\Windows\System32\ucrtbase.dll
0x00007ffd3e2e0000 - 0x00007ffd3e2f8000 	C:\Users\welcome\.gradle\jdks\eclipse_adoptium-17-amd64-windows.2\bin\jli.dll
0x00007ffd5e140000 - 0x00007ffd5e2dd000 	C:\Windows\System32\USER32.dll
0x00007ffd3e050000 - 0x00007ffd3e06e000 	C:\Users\welcome\.gradle\jdks\eclipse_adoptium-17-amd64-windows.2\bin\VCRUNTIME140.dll
0x00007ffd5cd10000 - 0x00007ffd5cd32000 	C:\Windows\System32\win32u.dll
0x00007ffd5ec30000 - 0x00007ffd5ec5b000 	C:\Windows\System32\GDI32.dll
0x00007ffd5b750000 - 0x00007ffd5b9eb000 	C:\Windows\WinSxS\amd64_microsoft.windows.common-controls_6595b64144ccf1df_6.0.19041.6926_none_60b5a53971f8f7e6\COMCTL32.dll
0x00007ffd5eb90000 - 0x00007ffd5ec2e000 	C:\Windows\System32\msvcrt.dll
0x00007ffd5c450000 - 0x00007ffd5c569000 	C:\Windows\System32\gdi32full.dll
0x00007ffd5c3b0000 - 0x00007ffd5c44d000 	C:\Windows\System32\msvcp_win.dll
0x00007ffd5ecc0000 - 0x00007ffd5ecef000 	C:\Windows\System32\IMM32.DLL
0x00007ffd5bf60000 - 0x00007ffd5bf6c000 	C:\Users\welcome\.gradle\jdks\eclipse_adoptium-17-amd64-windows.2\bin\vcruntime140_1.dll
0x00007ffd21280000 - 0x00007ffd2130d000 	C:\Users\welcome\.gradle\jdks\eclipse_adoptium-17-amd64-windows.2\bin\msvcp140.dll
0x00007ffcc8d90000 - 0x00007ffcc99fb000 	C:\Users\welcome\.gradle\jdks\eclipse_adoptium-17-amd64-windows.2\bin\server\jvm.dll
0x00007ffd5e2e0000 - 0x00007ffd5e391000 	C:\Windows\System32\ADVAPI32.dll
0x00007ffd5e9d0000 - 0x00007ffd5ea6f000 	C:\Windows\System32\sechost.dll
0x00007ffd5cf70000 - 0x00007ffd5d096000 	C:\Windows\System32\RPCRT4.dll
0x00007ffd5cb80000 - 0x00007ffd5cba7000 	C:\Windows\System32\bcrypt.dll
0x00007ffd5ea70000 - 0x00007ffd5eadb000 	C:\Windows\System32\WS2_32.dll
0x00007ffd426e0000 - 0x00007ffd42707000 	C:\Windows\SYSTEM32\WINMM.dll
0x00007ffd52750000 - 0x00007ffd5275a000 	C:\Windows\SYSTEM32\VERSION.dll
0x00007ffd5bfa0000 - 0x00007ffd5bfeb000 	C:\Windows\SYSTEM32\POWRPROF.dll
0x00007ffd5bae0000 - 0x00007ffd5baf2000 	C:\Windows\SYSTEM32\UMPDC.dll
0x00007ffd5a530000 - 0x00007ffd5a542000 	C:\Windows\SYSTEM32\kernel.appcore.dll
0x00007ffd55020000 - 0x00007ffd5502a000 	C:\Users\welcome\.gradle\jdks\eclipse_adoptium-17-amd64-windows.2\bin\jimage.dll
0x00007ffd5bd10000 - 0x00007ffd5bf11000 	C:\Windows\SYSTEM32\DBGHELP.DLL
0x00007ffd5bb20000 - 0x00007ffd5bb54000 	C:\Windows\SYSTEM32\dbgcore.DLL
0x00007ffd5c620000 - 0x00007ffd5c6a2000 	C:\Windows\System32\bcryptPrimitives.dll
0x00007ffd3dd70000 - 0x00007ffd3dd7e000 	C:\Users\welcome\.gradle\jdks\eclipse_adoptium-17-amd64-windows.2\bin\instrument.dll
0x00007ffd36540000 - 0x00007ffd36565000 	C:\Users\welcome\.gradle\jdks\eclipse_adoptium-17-amd64-windows.2\bin\java.dll
0x00007ffd211a0000 - 0x00007ffd21277000 	C:\Users\welcome\.gradle\jdks\eclipse_adoptium-17-amd64-windows.2\bin\jsvml.dll
0x00007ffd5d190000 - 0x00007ffd5d902000 	C:\Windows\System32\SHELL32.dll
0x00007ffd59d70000 - 0x00007ffd5a516000 	C:\Windows\SYSTEM32\windows.storage.dll
0x00007ffd5e400000 - 0x00007ffd5e753000 	C:\Windows\System32\combase.dll
0x00007ffd5b6b0000 - 0x00007ffd5b6db000 	C:\Windows\SYSTEM32\Wldp.dll
0x00007ffd5e010000 - 0x00007ffd5e0dd000 	C:\Windows\System32\OLEAUT32.dll
0x00007ffd5eae0000 - 0x00007ffd5eb8d000 	C:\Windows\System32\SHCORE.dll
0x00007ffd5e0e0000 - 0x00007ffd5e13b000 	C:\Windows\System32\shlwapi.dll
0x00007ffd5c2e0000 - 0x00007ffd5c304000 	C:\Windows\SYSTEM32\profapi.dll
0x00007ffd36520000 - 0x00007ffd36538000 	C:\Users\welcome\.gradle\jdks\eclipse_adoptium-17-amd64-windows.2\bin\zip.dll
0x00007ffd30450000 - 0x00007ffd3046a000 	C:\Users\welcome\.gradle\jdks\eclipse_adoptium-17-amd64-windows.2\bin\net.dll
0x00007ffd55550000 - 0x00007ffd5565a000 	C:\Windows\SYSTEM32\WINHTTP.dll
0x00007ffd5b580000 - 0x00007ffd5b5ea000 	C:\Windows\system32\mswsock.dll
0x00007ffd55030000 - 0x00007ffd55046000 	C:\Users\welcome\.gradle\jdks\eclipse_adoptium-17-amd64-windows.2\bin\nio.dll
0x00007ffd3dd60000 - 0x00007ffd3dd70000 	C:\Users\welcome\.gradle\jdks\eclipse_adoptium-17-amd64-windows.2\bin\verify.dll
0x00007ffd1de00000 - 0x00007ffd1de27000 	C:\Users\welcome\.gradle\native\660c5614fbf4a5f2a75b1949f50a0caf5cd603558e7d8a26e50b933a0cfb79d1\windows-amd64\native-platform.dll
0x00007ffd21120000 - 0x00007ffd21197000 	C:\Users\welcome\.gradle\native\0.2.8\x86_64-windows-gnu\gradle-fileevents.dll
0x00007ffd3dc80000 - 0x00007ffd3dc8a000 	C:\Users\welcome\.gradle\jdks\eclipse_adoptium-17-amd64-windows.2\bin\management.dll
0x00007ffd3c690000 - 0x00007ffd3c69c000 	C:\Users\welcome\.gradle\jdks\eclipse_adoptium-17-amd64-windows.2\bin\management_ext.dll
0x00007ffd5cf50000 - 0x00007ffd5cf58000 	C:\Windows\System32\PSAPI.DLL
0x00007ffd5b0f0000 - 0x00007ffd5b12b000 	C:\Windows\SYSTEM32\IPHLPAPI.DLL
0x00007ffd5e890000 - 0x00007ffd5e898000 	C:\Windows\System32\NSI.dll
0x00007ffd527d0000 - 0x00007ffd527e7000 	C:\Windows\SYSTEM32\dhcpcsvc6.DLL
0x00007ffd52790000 - 0x00007ffd527ad000 	C:\Windows\SYSTEM32\dhcpcsvc.DLL
0x00007ffd5b130000 - 0x00007ffd5b1fa000 	C:\Windows\SYSTEM32\DNSAPI.dll
0x00007ffd3a480000 - 0x00007ffd3a489000 	C:\Users\welcome\.gradle\jdks\eclipse_adoptium-17-amd64-windows.2\bin\extnet.dll
0x00007ffd5c120000 - 0x00007ffd5c138000 	C:\Windows\SYSTEM32\CRYPTSP.dll
0x00007ffd5ad90000 - 0x00007ffd5adc8000 	C:\Windows\system32\rsaenh.dll
0x00007ffd5c2a0000 - 0x00007ffd5c2ce000 	C:\Windows\SYSTEM32\USERENV.dll
0x00007ffd5b670000 - 0x00007ffd5b67c000 	C:\Windows\SYSTEM32\CRYPTBASE.dll
0x00007ffd3a160000 - 0x00007ffd3a16e000 	C:\Users\welcome\.gradle\jdks\eclipse_adoptium-17-amd64-windows.2\bin\sunmscapi.dll
0x00007ffd5cbb0000 - 0x00007ffd5cd0d000 	C:\Windows\System32\CRYPT32.dll
0x00007ffd5b720000 - 0x00007ffd5b747000 	C:\Windows\SYSTEM32\ncrypt.dll
0x00007ffd5b6e0000 - 0x00007ffd5b71b000 	C:\Windows\SYSTEM32\NTASN1.dll
0x00007ffd4c920000 - 0x00007ffd4c927000 	C:\Windows\system32\wshunix.dll
0x00007ffd52780000 - 0x00007ffd5278a000 	C:\Windows\System32\rasadhlp.dll
0x00007ffd521a0000 - 0x00007ffd52220000 	C:\Windows\System32\fwpuclnt.dll
0x00007ffd5c0e0000 - 0x00007ffd5c113000 	C:\Windows\SYSTEM32\ntmarta.dll

dbghelp: loaded successfully - version: 4.0.5 - missing functions: none
symbol engine: initialized successfully - sym options: 0x614 - pdb path: .;C:\Users\welcome\.gradle\jdks\eclipse_adoptium-17-amd64-windows.2\bin;C:\Windows\SYSTEM32;C:\Windows\WinSxS\amd64_microsoft.windows.common-controls_6595b64144ccf1df_6.0.19041.6926_none_60b5a53971f8f7e6;C:\Users\welcome\.gradle\jdks\eclipse_adoptium-17-amd64-windows.2\bin\server;C:\Users\welcome\.gradle\native\660c5614fbf4a5f2a75b1949f50a0caf5cd603558e7d8a26e50b933a0cfb79d1\windows-amd64;C:\Users\welcome\.gradle\native\0.2.8\x86_64-windows-gnu

VM Arguments:
jvm_args: --add-opens=java.base/java.lang=ALL-UNNAMED --add-opens=java.base/java.lang.invoke=ALL-UNNAMED --add-opens=java.base/java.util=ALL-UNNAMED --add-opens=java.prefs/java.util.prefs=ALL-UNNAMED --add-exports=jdk.compiler/com.sun.tools.javac.api=ALL-UNNAMED --add-exports=jdk.compiler/com.sun.tools.javac.util=ALL-UNNAMED --add-opens=java.base/java.util=ALL-UNNAMED --add-opens=java.prefs/java.util.prefs=ALL-UNNAMED --add-opens=java.base/java.nio.charset=ALL-UNNAMED --add-opens=java.base/java.net=ALL-UNNAMED --add-opens=java.base/java.util.concurrent=ALL-UNNAMED --add-opens=java.base/java.util.concurrent.atomic=ALL-UNNAMED --add-opens=java.xml/javax.xml.namespace=ALL-UNNAMED --add-opens=java.base/java.time=ALL-UNNAMED -Xmx2048m -Dfile.encoding=UTF-8 -Duser.country=IN -Duser.language=en -Duser.variant -javaagent:C:\Users\welcome\.gradle\wrapper\dists\gradle-9.3.1-bin\23ovyewtku6u96viwx3xl3oks\gradle-9.3.1\lib\agents\gradle-instrumentation-agent-9.3.1.jar 
java_command: org.gradle.launcher.daemon.bootstrap.GradleDaemon 9.3.1
java_class_path (initial): C:\Users\welcome\.gradle\wrapper\dists\gradle-9.3.1-bin\23ovyewtku6u96viwx3xl3oks\gradle-9.3.1\lib\gradle-daemon-main-9.3.1.jar
Launcher Type: SUN_STANDARD

[Global flags]
     intx CICompilerCount                          = 4                                         {product} {ergonomic}
     uint ConcGCThreads                            = 2                                         {product} {ergonomic}
     uint G1ConcRefinementThreads                  = 8                                         {product} {ergonomic}
   size_t G1HeapRegionSize                         = 1048576                                   {product} {ergonomic}
    uintx GCDrainStackTargetSize                   = 64                                        {product} {ergonomic}
   size_t InitialHeapSize                          = 62914560                                  {product} {ergonomic}
   size_t MarkStackSize                            = 4194304                                   {product} {ergonomic}
   size_t MaxHeapSize                              = 2147483648                                {product} {command line}
   size_t MaxNewSize                               = 1287651328                                {product} {ergonomic}
   size_t MinHeapDeltaBytes                        = 1048576                                   {product} {ergonomic}
   size_t MinHeapSize                              = 8388608                                   {product} {ergonomic}
    uintx NonNMethodCodeHeapSize                   = 5839372                                {pd product} {ergonomic}
    uintx NonProfiledCodeHeapSize                  = 122909434                              {pd product} {ergonomic}
    uintx ProfiledCodeHeapSize                     = 122909434                              {pd product} {ergonomic}
    uintx ReservedCodeCacheSize                    = 251658240                              {pd product} {ergonomic}
     bool SegmentedCodeCache                       = true                                      {product} {ergonomic}
   size_t SoftMaxHeapSize                          = 2147483648                             {manageable} {ergonomic}
     bool UseCompressedClassPointers               = true                           {product lp64_product} {ergonomic}
     bool UseCompressedOops                        = true                           {product lp64_product} {ergonomic}
     bool UseG1GC                                  = true                                      {product} {ergonomic}
     bool UseLargePagesIndividualAllocation        = false                                  {pd product} {ergonomic}

Logging:
Log output configuration:
 #0: stdout all=warning uptime,level,tags
 #1: stderr all=off uptime,level,tags

Environment Variables:
PATH=C:\Windows\system32;C:\Windows;C:\Windows\System32\Wbem;C:\Windows\System32\WindowsPowerShell\v1.0\;C:\Windows\System32\OpenSSH\;C:\Program Files\Git\cmd;C:\Program Files\nodejs\;C:\Users\welcome\AppData\Local\Microsoft\WindowsApps;C:\Users\welcome\AppData\Local\Programs\Antigravity\bin;C:\Users\welcome\AppData\Local\Programs\cursor\resources\app\bin;C:\Users\welcome\AppData\Local\Programs\Microsoft VS Code\bin;C:\Users\welcome\AppData\Roaming\npm
USERNAME=welcome
OS=Windows_NT
PROCESSOR_IDENTIFIER=Intel64 Family 6 Model 140 Stepping 2, GenuineIntel
TMP=C:\Users\welcome\AppData\Local\Temp
TEMP=C:\Users\welcome\AppData\Local\Temp



Periodic native trim disabled


---------------  S Y S T E M  ---------------

OS:
 Windows 10 , 64 bit Build 19041 (10.0.19041.6807)
OS uptime: 1 days 1:39 hours

CPU: total 8 (initial active 8) (4 cores per cpu, 2 threads per core) family 6 model 140 stepping 2 microcode 0x34, cx8, cmov, fxsr, ht, mmx, 3dnowpref, sse, sse2, sse3, ssse3, sse4.1, sse4.2, popcnt, lzcnt, tsc, tscinvbit, avx, avx2, aes, erms, clmul, bmi1, bmi2, adx, avx512f, avx512dq, avx512cd, avx512bw, avx512vl, sha, fma, vzeroupper, avx512_vpopcntdq, avx512_vpclmulqdq, avx512_vaes, avx512_vnni, clflush, clflushopt, clwb, avx512_vbmi2, avx512_vbmi
Processor Information for processor 0
  Max Mhz: 2496, Current Mhz: 2496, Mhz Limit: 2496
Processor Information for processor 1
  Max Mhz: 2496, Current Mhz: 2496, Mhz Limit: 2496
Processor Information for processor 2
  Max Mhz: 2496, Current Mhz: 2496, Mhz Limit: 2496
Processor Information for processor 3
  Max Mhz: 2496, Current Mhz: 2496, Mhz Limit: 2496
Processor Information for processor 4
  Max Mhz: 2496, Current Mhz: 998, Mhz Limit: 2496
Processor Information for processor 5
  Max Mhz: 2496, Current Mhz: 2496, Mhz Limit: 2496
Processor Information for processor 6
  Max Mhz: 2496, Current Mhz: 998, Mhz Limit: 2496
Processor Information for processor 7
  Max Mhz: 2496, Current Mhz: 998, Mhz Limit: 2496

Memory: 4k page, system-wide physical 3738M (216M free)
TotalPageFile size 15002M (AvailPageFile size 1M)
current process WorkingSet (physical memory assigned to process): 251M, peak: 358M
current process commit charge ("private bytes"): 606M, peak: 611M

vm_info: OpenJDK 64-Bit Server VM (17.0.18+8) for windows-amd64 JRE (17.0.18+8), built on Jan 20 2026 22:28:22 by "admin" with MS VC++ 17.12 (VS2022)

END.
