#
# There is insufficient memory for the Java Runtime Environment to continue.
# Native memory allocation (malloc) failed to allocate 1047056 bytes. Error detail: Chunk::new
# Possible reasons:
#   The system is out of physical RAM or swap space
#   This process is running with CompressedOops enabled, and the Java Heap may be blocking the growth of the native heap
# Possible solutions:
#   Reduce memory load on the system
#   Increase physical memory or swap space
#   Check if swap backing store is full
#   Decrease Java heap size (-Xmx/-Xms)
#   Decrease number of Java threads
#   Decrease Java thread stack sizes (-Xss)
#   Set larger code cache with -XX:ReservedCodeCacheSize=
#   JVM is running with Unscaled Compressed Oops mode in which the Java heap is
#     placed in the first 4GB address space. The Java Heap base address is the
#     maximum limit for the native heap growth. Please use -XX:HeapBaseMinAddress
#     to set the Java Heap base and to place the Java Heap above 4GB virtual address.
# This output file may be truncated or incomplete.
#
#  Out of Memory Error (arena.cpp:191), pid=15988, tid=13704
#
# JRE version: OpenJDK Runtime Environment Temurin-17.0.18+8 (17.0.18+8) (build 17.0.18+8)
# Java VM: OpenJDK 64-Bit Server VM Temurin-17.0.18+8 (17.0.18+8, mixed mode, sharing, tiered, compressed oops, compressed class ptrs, g1 gc, windows-amd64)
# No core dump will be written. Minidumps are not enabled by default on client versions of Windows
#

---------------  S U M M A R Y ------------

Command Line: --add-opens=java.base/java.lang=ALL-UNNAMED --add-opens=java.base/java.lang.invoke=ALL-UNNAMED --add-opens=java.base/java.util=ALL-UNNAMED --add-opens=java.prefs/java.util.prefs=ALL-UNNAMED --add-exports=jdk.compiler/com.sun.tools.javac.api=ALL-UNNAMED --add-exports=jdk.compiler/com.sun.tools.javac.util=ALL-UNNAMED --add-opens=java.base/java.util=ALL-UNNAMED --add-opens=java.prefs/java.util.prefs=ALL-UNNAMED --add-opens=java.base/java.nio.charset=ALL-UNNAMED --add-opens=java.base/java.net=ALL-UNNAMED --add-opens=java.base/java.util.concurrent=ALL-UNNAMED --add-opens=java.base/java.util.concurrent.atomic=ALL-UNNAMED --add-opens=java.xml/javax.xml.namespace=ALL-UNNAMED --add-opens=java.base/java.time=ALL-UNNAMED -Xmx2048m -Dfile.encoding=UTF-8 -Duser.country=IN -Duser.language=en -Duser.variant -javaagent:C:\Users\welcome\.gradle\wrapper\dists\gradle-9.3.1-bin\23ovyewtku6u96viwx3xl3oks\gradle-9.3.1\lib\agents\gradle-instrumentation-agent-9.3.1.jar org.gradle.launcher.daemon.bootstrap.GradleDaemon 9.3.1

Host: 11th Gen Intel(R) Core(TM) i5-1155G7 @ 2.50GHz, 8 cores, 3G,  Windows 10 , 64 bit Build 19041 (10.0.19041.6807)
Time: Thu Mar 19 12:51:30 2026 India Standard Time elapsed time: 83.474014 seconds (0d 0h 1m 23s)

---------------  T H R E A D  ---------------

Current thread (0x000002c3d9ed19c0):  JavaThread "C2 CompilerThread0" daemon [_thread_in_native, id=13704, stack(0x000000f224b00000,0x000000f224c00000)]


Current CompileTask:
C2:83474 14462       4       sun.invoke.util.VerifyAccess::isClassAccessible (230 bytes)

Stack: [0x000000f224b00000,0x000000f224c00000]
Native frames: (J=compiled Java code, j=interpreted, Vv=VM code, C=native code)
V  [jvm.dll+0x6846f9]
V  [jvm.dll+0x839ea5]
V  [jvm.dll+0x83b91e]
V  [jvm.dll+0x83bfa3]
V  [jvm.dll+0x248eff]
V  [jvm.dll+0xad496]
V  [jvm.dll+0xadb3c]
V  [jvm.dll+0x368bcf]
V  [jvm.dll+0x333055]
V  [jvm.dll+0x3324ba]
V  [jvm.dll+0x219db9]
V  [jvm.dll+0x219200]
V  [jvm.dll+0x1a4920]
V  [jvm.dll+0x22989a]
V  [jvm.dll+0x227a4b]
V  [jvm.dll+0x7f0658]
V  [jvm.dll+0x7eaaec]
V  [jvm.dll+0x6835c7]
C  [ucrtbase.dll+0x21bb2]
C  [KERNEL32.DLL+0x17374]
C  [ntdll.dll+0x4cc91]


---------------  P R O C E S S  ---------------

Threads class SMR info:
_java_thread_list=0x000002c422ec2da0, length=143, elements={
0x000002c3bbd2f600, 0x000002c3d9eb1cc0, 0x000002c3d9eb47a0, 0x000002c3d9ec71a0,
0x000002c3d9ec9f90, 0x000002c3d9ecd090, 0x000002c3d9ecf990, 0x000002c3d9ed19c0,
0x000002c3d9eda710, 0x000002c3d9edac30, 0x000002c3da41a2e0, 0x000002c3da576d70,
0x000002c420c4cd20, 0x000002c420c1d790, 0x000002c4209941d0, 0x000002c3da8c1350,
0x000002c420e5b9d0, 0x000002c420e5d830, 0x000002c420e5afb0, 0x000002c420e5ce10,
0x000002c420e5bee0, 0x000002c420e5d320, 0x000002c420e5c3f0, 0x000002c420e5a080,
0x000002c420e5a590, 0x000002c420e5c900, 0x000002c420e5aaa0, 0x000002c420e5b4c0,
0x000002c420fb5450, 0x000002c420fb0860, 0x000002c420fb1790, 0x000002c420fb4010,
0x000002c420fb21b0, 0x000002c420fb3b00, 0x000002c420fb4f40, 0x000002c420faf930,
0x000002c420fb5960, 0x000002c420fb4520, 0x000002c420fb72b0, 0x000002c420fb30e0,
0x000002c420fb4a30, 0x000002c420fb5e70, 0x000002c420fb6380, 0x000002c420fb6890,
0x000002c420fb6da0, 0x000002c420fb1ca0, 0x000002c420fafe40, 0x000002c420fb35f0,
0x000002c420fb0d70, 0x000002c420fb0350, 0x000002c420fb1280, 0x000002c420fb26c0,
0x000002c420fb2bd0, 0x000002c4230e81d0, 0x000002c4230e6880, 0x000002c4230e6370,
0x000002c4230e6d90, 0x000002c4230e4f30, 0x000002c4230e77b0, 0x000002c4230e5950,
0x000002c4230e5440, 0x000002c4230e72a0, 0x000002c4230e5e60, 0x000002c4230e7cc0,
0x000002c4230e4a20, 0x000002c422ac70d0, 0x000002c422acb2a0, 0x000002c422ac4d60,
0x000002c422ac8f30, 0x000002c422ac75e0, 0x000002c422ac3e30, 0x000002c422aca370,
0x000002c422aca880, 0x000002c422acb7b0, 0x000002c422ac9e60, 0x000002c422acad90,
0x000002c422ac9440, 0x000002c422ac8a20, 0x000002c422ac7af0, 0x000002c422ac4340,
0x000002c422ac9950, 0x000002c422ac4850, 0x000002c422ac5270, 0x000002c422ac5780,
0x000002c422ac8000, 0x000002c422ac8510, 0x000002c422ac6bc0, 0x000002c422ac5c90,
0x000002c422ac61a0, 0x000002c421956f50, 0x000002c421952d80, 0x000002c4219546d0,
0x000002c421956020, 0x000002c421958390, 0x000002c4219588a0, 0x000002c421953290,
0x000002c4219537a0, 0x000002c421956a40, 0x000002c421957e80, 0x000002c421957970,
0x000002c4219550f0, 0x000002c421953cb0, 0x000002c421957460, 0x000002c421958db0,
0x000002c4219592c0, 0x000002c421951e50, 0x000002c421954be0, 0x000002c4219597d0,
0x000002c4219541c0, 0x000002c421955600, 0x000002c421955b10, 0x000002c421956530,
0x000002c421952360, 0x000002c424fc34c0, 0x000002c424fc2fb0, 0x000002c424fc5830,
0x000002c424fc5320, 0x000002c424fc2590, 0x000002c424fc2aa0, 0x000002c424fc39d0,
0x000002c424fc3ee0, 0x000002c424fc4900, 0x000002c424fc43f0, 0x000002c424fc4e10,
0x000002c424fc2080, 0x000002c423d1ba30, 0x000002c423d1c960, 0x000002c423d1b520,
0x000002c423d1bf40, 0x000002c423d1e7c0, 0x000002c423d20620, 0x000002c423d1fc00,
0x000002c423d1ecd0, 0x000002c423d20110, 0x000002c423d1f1e0, 0x000002c423d1f6f0,
0x000002c423d1c450, 0x000002c423d20b30, 0x000002c423d1dda0, 0x000002c423d21f70,
0x000002c423d1d380, 0x000002c423d21550, 0x000002c423d21040
}

Java Threads: ( => current thread )
  0x000002c3bbd2f600 JavaThread "main" [_thread_blocked, id=16916, stack(0x000000f223e00000,0x000000f223f00000)]
  0x000002c3d9eb1cc0 JavaThread "Reference Handler" daemon [_thread_blocked, id=21344, stack(0x000000f224500000,0x000000f224600000)]
  0x000002c3d9eb47a0 JavaThread "Finalizer" daemon [_thread_blocked, id=20308, stack(0x000000f224600000,0x000000f224700000)]
  0x000002c3d9ec71a0 JavaThread "Signal Dispatcher" daemon [_thread_blocked, id=19472, stack(0x000000f224700000,0x000000f224800000)]
  0x000002c3d9ec9f90 JavaThread "Attach Listener" daemon [_thread_blocked, id=11144, stack(0x000000f224800000,0x000000f224900000)]
  0x000002c3d9ecd090 JavaThread "Service Thread" daemon [_thread_blocked, id=13828, stack(0x000000f224900000,0x000000f224a00000)]
  0x000002c3d9ecf990 JavaThread "Monitor Deflation Thread" daemon [_thread_blocked, id=6720, stack(0x000000f224a00000,0x000000f224b00000)]
=>0x000002c3d9ed19c0 JavaThread "C2 CompilerThread0" daemon [_thread_in_native, id=13704, stack(0x000000f224b00000,0x000000f224c00000)]
  0x000002c3d9eda710 JavaThread "C1 CompilerThread0" daemon [_thread_blocked, id=11356, stack(0x000000f224c00000,0x000000f224d00000)]
  0x000002c3d9edac30 JavaThread "Sweeper thread" daemon [_thread_in_vm, id=19156, stack(0x000000f224d00000,0x000000f224e00000)]
  0x000002c3da41a2e0 JavaThread "Common-Cleaner" daemon [_thread_blocked, id=9256, stack(0x000000f224e00000,0x000000f224f00000)]
  0x000002c3da576d70 JavaThread "Notification Thread" daemon [_thread_blocked, id=17936, stack(0x000000f224f00000,0x000000f225000000)]
  0x000002c420c4cd20 JavaThread "Daemon health stats" [_thread_blocked, id=12672, stack(0x000000f225500000,0x000000f225600000)]
  0x000002c420c1d790 JavaThread "Incoming local TCP Connector on port 63068" [_thread_in_native, id=20540, stack(0x000000f225600000,0x000000f225700000)]
  0x000002c4209941d0 JavaThread "Daemon periodic checks" [_thread_blocked, id=20600, stack(0x000000f225700000,0x000000f225800000)]
  0x000002c3da8c1350 JavaThread "Daemon" [_thread_blocked, id=15444, stack(0x000000f225b00000,0x000000f225c00000)]
  0x000002c420e5b9d0 JavaThread "Handler for socket connection from /127.0.0.1:63068 to /127.0.0.1:63069" [_thread_in_native, id=21188, stack(0x000000f225c00000,0x000000f225d00000)]
  0x000002c420e5d830 JavaThread "Cancel handler" [_thread_blocked, id=432, stack(0x000000f225d00000,0x000000f225e00000)]
  0x000002c420e5afb0 JavaThread "Daemon worker" [_thread_blocked, id=8740, stack(0x000000f225e00000,0x000000f225f00000)]
  0x000002c420e5ce10 JavaThread "Asynchronous log dispatcher for DefaultDaemonConnection: socket connection from /127.0.0.1:63068 to /127.0.0.1:63069" [_thread_blocked, id=5584, stack(0x000000f225f00000,0x000000f226000000)]
  0x000002c420e5bee0 JavaThread "Stdin handler" [_thread_blocked, id=4724, stack(0x000000f226000000,0x000000f226100000)]
  0x000002c420e5d320 JavaThread "Daemon client event forwarder" [_thread_blocked, id=9676, stack(0x000000f226100000,0x000000f226200000)]
  0x000002c420e5c3f0 JavaThread "Cache worker for journal cache (C:\Users\welcome\.gradle\caches\journal-1)" [_thread_blocked, id=12312, stack(0x000000f226200000,0x000000f226300000)]
  0x000002c420e5a080 JavaThread "File lock request listener" [_thread_in_native, id=14928, stack(0x000000f226300000,0x000000f226400000)]
  0x000002c420e5a590 JavaThread "Cache worker for file hash cache (C:\Users\welcome\.gradle\caches\9.3.1\fileHashes)" [_thread_blocked, id=20296, stack(0x000000f226400000,0x000000f226500000)]
  0x000002c420e5c900 JavaThread "Cache worker for file hash cache (C:\Users\welcome\AndroidStudioProjects\mindguardaipsychologicalsupportapp\.gradle\9.3.1\fileHashes)" [_thread_blocked, id=268, stack(0x000000f226600000,0x000000f226700000)]
  0x000002c420e5aaa0 JavaThread "Cache worker for Build Output Cleanup Cache (C:\Users\welcome\AndroidStudioProjects\mindguardaipsychologicalsupportapp\.gradle\buildOutputCleanup)" [_thread_blocked, id=19552, stack(0x000000f226700000,0x000000f226800000)]
  0x000002c420e5b4c0 JavaThread "File watcher server" daemon [_thread_in_native, id=2196, stack(0x000000f226800000,0x000000f226900000)]
  0x000002c420fb5450 JavaThread "File watcher consumer" daemon [_thread_blocked, id=4324, stack(0x000000f226900000,0x000000f226a00000)]
  0x000002c420fb0860 JavaThread "Cache worker for checksums cache (C:\Users\welcome\AndroidStudioProjects\mindguardaipsychologicalsupportapp\.gradle\9.3.1\checksums)" [_thread_blocked, id=3252, stack(0x000000f226a00000,0x000000f226b00000)]
  0x000002c420fb1790 JavaThread "Cache worker for file content cache (C:\Users\welcome\.gradle\caches\9.3.1\fileContent)" [_thread_blocked, id=5028, stack(0x000000f226b00000,0x000000f226c00000)]
  0x000002c420fb4010 JavaThread "Cache worker for cache directory md-supplier (C:\Users\welcome\.gradle\caches\9.3.1\md-supplier)" [_thread_blocked, id=21016, stack(0x000000f226d00000,0x000000f226e00000)]
  0x000002c420fb21b0 JavaThread "Cache worker for cache directory md-rule (C:\Users\welcome\.gradle\caches\9.3.1\md-rule)" [_thread_blocked, id=6812, stack(0x000000f226e00000,0x000000f226f00000)]
  0x000002c420fb3b00 JavaThread "jar transforms" [_thread_blocked, id=15136, stack(0x000000f226f00000,0x000000f227000000)]
  0x000002c420fb4f40 JavaThread "jar transforms Thread 2" [_thread_blocked, id=10648, stack(0x000000f227000000,0x000000f227100000)]
  0x000002c420faf930 JavaThread "jar transforms Thread 3" [_thread_blocked, id=15592, stack(0x000000f227100000,0x000000f227200000)]
  0x000002c420fb5960 JavaThread "jar transforms Thread 4" [_thread_blocked, id=21028, stack(0x000000f227200000,0x000000f227300000)]
  0x000002c420fb4520 JavaThread "jar transforms Thread 5" [_thread_blocked, id=13016, stack(0x000000f227300000,0x000000f227400000)]
  0x000002c420fb72b0 JavaThread "Unconstrained build operations" [_thread_blocked, id=4616, stack(0x000000f227400000,0x000000f227500000)]
  0x000002c420fb30e0 JavaThread "Unconstrained build operations Thread 2" [_thread_blocked, id=11848, stack(0x000000f227500000,0x000000f227600000)]
  0x000002c420fb4a30 JavaThread "Unconstrained build operations Thread 3" [_thread_blocked, id=9484, stack(0x000000f227600000,0x000000f227700000)]
  0x000002c420fb5e70 JavaThread "Unconstrained build operations Thread 4" [_thread_blocked, id=2024, stack(0x000000f227700000,0x000000f227800000)]
  0x000002c420fb6380 JavaThread "Unconstrained build operations Thread 5" [_thread_blocked, id=6680, stack(0x000000f227800000,0x000000f227900000)]
  0x000002c420fb6890 JavaThread "Unconstrained build operations Thread 6" [_thread_blocked, id=14252, stack(0x000000f227900000,0x000000f227a00000)]
  0x000002c420fb6da0 JavaThread "Unconstrained build operations Thread 7" [_thread_blocked, id=7132, stack(0x000000f227a00000,0x000000f227b00000)]
  0x000002c420fb1ca0 JavaThread "Unconstrained build operations Thread 8" [_thread_blocked, id=13580, stack(0x000000f227b00000,0x000000f227c00000)]
  0x000002c420fafe40 JavaThread "Unconstrained build operations Thread 9" [_thread_blocked, id=20964, stack(0x000000f227c00000,0x000000f227d00000)]
  0x000002c420fb35f0 JavaThread "Unconstrained build operations Thread 10" [_thread_blocked, id=20204, stack(0x000000f227d00000,0x000000f227e00000)]
  0x000002c420fb0d70 JavaThread "Unconstrained build operations Thread 11" [_thread_blocked, id=4900, stack(0x000000f227e00000,0x000000f227f00000)]
  0x000002c420fb0350 JavaThread "Unconstrained build operations Thread 12" [_thread_blocked, id=16592, stack(0x000000f227f00000,0x000000f228000000)]
  0x000002c420fb1280 JavaThread "Unconstrained build operations Thread 13" [_thread_blocked, id=3076, stack(0x000000f228000000,0x000000f228100000)]
  0x000002c420fb26c0 JavaThread "Unconstrained build operations Thread 14" [_thread_blocked, id=11352, stack(0x000000f228100000,0x000000f228200000)]
  0x000002c420fb2bd0 JavaThread "jar transforms Thread 6" [_thread_blocked, id=13872, stack(0x000000f228200000,0x000000f228300000)]
  0x000002c4230e81d0 JavaThread "jar transforms Thread 7" [_thread_blocked, id=6596, stack(0x000000f228300000,0x000000f228400000)]
  0x000002c4230e6880 JavaThread "Unconstrained build operations Thread 15" [_thread_blocked, id=12340, stack(0x000000f228400000,0x000000f228500000)]
  0x000002c4230e6370 JavaThread "Unconstrained build operations Thread 16" [_thread_blocked, id=15024, stack(0x000000f228500000,0x000000f228600000)]
  0x000002c4230e6d90 JavaThread "Unconstrained build operations Thread 17" [_thread_blocked, id=19136, stack(0x000000f228600000,0x000000f228700000)]
  0x000002c4230e4f30 JavaThread "Unconstrained build operations Thread 18" [_thread_blocked, id=7356, stack(0x000000f228700000,0x000000f228800000)]
  0x000002c4230e77b0 JavaThread "Unconstrained build operations Thread 19" [_thread_blocked, id=1344, stack(0x000000f228800000,0x000000f228900000)]
  0x000002c4230e5950 JavaThread "Unconstrained build operations Thread 20" [_thread_blocked, id=17960, stack(0x000000f228900000,0x000000f228a00000)]
  0x000002c4230e5440 JavaThread "Unconstrained build operations Thread 21" [_thread_blocked, id=15032, stack(0x000000f228a00000,0x000000f228b00000)]
  0x000002c4230e72a0 JavaThread "jar transforms Thread 8" [_thread_blocked, id=19636, stack(0x000000f228b00000,0x000000f228c00000)]
  0x000002c4230e5e60 JavaThread "Unconstrained build operations Thread 22" [_thread_blocked, id=11036, stack(0x000000f228c00000,0x000000f228d00000)]
  0x000002c4230e7cc0 JavaThread "Unconstrained build operations Thread 23" [_thread_blocked, id=628, stack(0x000000f228d00000,0x000000f228e00000)]
  0x000002c4230e4a20 JavaThread "Unconstrained build operations Thread 24" [_thread_blocked, id=6512, stack(0x000000f228e00000,0x000000f228f00000)]
  0x000002c422ac70d0 JavaThread "Unconstrained build operations Thread 25" [_thread_blocked, id=11396, stack(0x000000f228f00000,0x000000f229000000)]
  0x000002c422acb2a0 JavaThread "Unconstrained build operations Thread 26" [_thread_blocked, id=14172, stack(0x000000f229000000,0x000000f229100000)]
  0x000002c422ac4d60 JavaThread "Unconstrained build operations Thread 27" [_thread_blocked, id=18428, stack(0x000000f229100000,0x000000f229200000)]
  0x000002c422ac8f30 JavaThread "Unconstrained build operations Thread 28" [_thread_blocked, id=6632, stack(0x000000f229200000,0x000000f229300000)]
  0x000002c422ac75e0 JavaThread "Unconstrained build operations Thread 29" [_thread_blocked, id=6056, stack(0x000000f229300000,0x000000f229400000)]
  0x000002c422ac3e30 JavaThread "Unconstrained build operations Thread 30" [_thread_blocked, id=8452, stack(0x000000f229400000,0x000000f229500000)]
  0x000002c422aca370 JavaThread "Unconstrained build operations Thread 31" [_thread_blocked, id=2960, stack(0x000000f229500000,0x000000f229600000)]
  0x000002c422aca880 JavaThread "Unconstrained build operations Thread 32" [_thread_blocked, id=4876, stack(0x000000f229600000,0x000000f229700000)]
  0x000002c422acb7b0 JavaThread "Unconstrained build operations Thread 33" [_thread_blocked, id=19220, stack(0x000000f229700000,0x000000f229800000)]
  0x000002c422ac9e60 JavaThread "Unconstrained build operations Thread 34" [_thread_blocked, id=15040, stack(0x000000f229800000,0x000000f229900000)]
  0x000002c422acad90 JavaThread "Unconstrained build operations Thread 35" [_thread_blocked, id=16896, stack(0x000000f229900000,0x000000f229a00000)]
  0x000002c422ac9440 JavaThread "Unconstrained build operations Thread 36" [_thread_blocked, id=18384, stack(0x000000f229a00000,0x000000f229b00000)]
  0x000002c422ac8a20 JavaThread "Unconstrained build operations Thread 37" [_thread_blocked, id=14268, stack(0x000000f229b00000,0x000000f229c00000)]
  0x000002c422ac7af0 JavaThread "Unconstrained build operations Thread 38" [_thread_blocked, id=13592, stack(0x000000f229c00000,0x000000f229d00000)]
  0x000002c422ac4340 JavaThread "Unconstrained build operations Thread 39" [_thread_blocked, id=19372, stack(0x000000f229d00000,0x000000f229e00000)]
  0x000002c422ac9950 JavaThread "Unconstrained build operations Thread 40" [_thread_blocked, id=21152, stack(0x000000f229e00000,0x000000f229f00000)]
  0x000002c422ac4850 JavaThread "Unconstrained build operations Thread 41" [_thread_blocked, id=16824, stack(0x000000f229f00000,0x000000f22a000000)]
  0x000002c422ac5270 JavaThread "Unconstrained build operations Thread 42" [_thread_blocked, id=14036, stack(0x000000f22a000000,0x000000f22a100000)]
  0x000002c422ac5780 JavaThread "Unconstrained build operations Thread 43" [_thread_blocked, id=11808, stack(0x000000f22a100000,0x000000f22a200000)]
  0x000002c422ac8000 JavaThread "Unconstrained build operations Thread 44" [_thread_blocked, id=17876, stack(0x000000f22a200000,0x000000f22a300000)]
  0x000002c422ac8510 JavaThread "Unconstrained build operations Thread 45" [_thread_blocked, id=19096, stack(0x000000f22a300000,0x000000f22a400000)]
  0x000002c422ac6bc0 JavaThread "build event listener" [_thread_blocked, id=12328, stack(0x000000f22a400000,0x000000f22a500000)]
  0x000002c422ac5c90 JavaThread "Memory manager" [_thread_blocked, id=6260, stack(0x000000f22a500000,0x000000f22a600000)]
  0x000002c422ac61a0 JavaThread "build event listener" [_thread_blocked, id=4076, stack(0x000000f22a600000,0x000000f22a700000)]
  0x000002c421956f50 JavaThread "pool-3-thread-1" [_thread_blocked, id=20020, stack(0x000000f22aa00000,0x000000f22ab00000)]
  0x000002c421952d80 JavaThread "build event listener" [_thread_blocked, id=11188, stack(0x000000f22ab00000,0x000000f22ac00000)]
  0x000002c4219546d0 JavaThread "included builds" [_thread_blocked, id=13116, stack(0x000000f22ac00000,0x000000f22ad00000)]
  0x000002c421956020 JavaThread "Execution worker" [_thread_blocked, id=16536, stack(0x000000f22ad00000,0x000000f22ae00000)]
  0x000002c421958390 JavaThread "Execution worker Thread 2" [_thread_blocked, id=6756, stack(0x000000f22ae00000,0x000000f22af00000)]
  0x000002c4219588a0 JavaThread "Execution worker Thread 3" [_thread_blocked, id=10640, stack(0x000000f22af00000,0x000000f22b000000)]
  0x000002c421953290 JavaThread "Execution worker Thread 4" [_thread_blocked, id=1260, stack(0x000000f22b000000,0x000000f22b100000)]
  0x000002c4219537a0 JavaThread "Execution worker Thread 5" [_thread_blocked, id=9068, stack(0x000000f22b100000,0x000000f22b200000)]
  0x000002c421956a40 JavaThread "Execution worker Thread 6" [_thread_blocked, id=10732, stack(0x000000f22b200000,0x000000f22b300000)]
  0x000002c421957e80 JavaThread "Execution worker Thread 7" [_thread_blocked, id=15736, stack(0x000000f22b300000,0x000000f22b400000)]
  0x000002c421957970 JavaThread "Cache worker for execution history cache (C:\Users\welcome\AndroidStudioProjects\mindguardaipsychologicalsupportapp\.gradle\9.3.1\executionHistory)" [_thread_blocked, id=19392, stack(0x000000f22b400000,0x000000f22b500000)]
  0x000002c4219550f0 JavaThread "Unconstrained build operations Thread 46" [_thread_blocked, id=4196, stack(0x000000f22b500000,0x000000f22b600000)]
  0x000002c421953cb0 JavaThread "Unconstrained build operations Thread 47" [_thread_blocked, id=1704, stack(0x000000f22b600000,0x000000f22b700000)]
  0x000002c421957460 JavaThread "Unconstrained build operations Thread 48" [_thread_blocked, id=12816, stack(0x000000f22b700000,0x000000f22b800000)]
  0x000002c421958db0 JavaThread "Unconstrained build operations Thread 49" [_thread_blocked, id=15280, stack(0x000000f22b800000,0x000000f22b900000)]
  0x000002c4219592c0 JavaThread "Unconstrained build operations Thread 50" [_thread_blocked, id=9948, stack(0x000000f22b900000,0x000000f22ba00000)]
  0x000002c421951e50 JavaThread "Unconstrained build operations Thread 51" [_thread_blocked, id=20688, stack(0x000000f22ba00000,0x000000f22bb00000)]
  0x000002c421954be0 JavaThread "Unconstrained build operations Thread 52" [_thread_blocked, id=17860, stack(0x000000f22bb00000,0x000000f22bc00000)]
  0x000002c4219597d0 JavaThread "Unconstrained build operations Thread 53" [_thread_blocked, id=8724, stack(0x000000f22bc00000,0x000000f22bd00000)]
  0x000002c4219541c0 JavaThread "Unconstrained build operations Thread 54" [_thread_blocked, id=17580, stack(0x000000f22bd00000,0x000000f22be00000)]
  0x000002c421955600 JavaThread "Unconstrained build operations Thread 55" [_thread_blocked, id=16236, stack(0x000000f22be00000,0x000000f22bf00000)]
  0x000002c421955b10 JavaThread "Unconstrained build operations Thread 56" [_thread_blocked, id=19080, stack(0x000000f22bf00000,0x000000f22c000000)]
  0x000002c421956530 JavaThread "Unconstrained build operations Thread 57" [_thread_blocked, id=7156, stack(0x000000f22c000000,0x000000f22c100000)]
  0x000002c421952360 JavaThread "Unconstrained build operations Thread 58" [_thread_blocked, id=10512, stack(0x000000f22c100000,0x000000f22c200000)]
  0x000002c424fc34c0 JavaThread "Unconstrained build operations Thread 59" [_thread_blocked, id=6080, stack(0x000000f22c200000,0x000000f22c300000)]
  0x000002c424fc2fb0 JavaThread "Unconstrained build operations Thread 60" [_thread_blocked, id=10484, stack(0x000000f22c300000,0x000000f22c400000)]
  0x000002c424fc5830 JavaThread "Unconstrained build operations Thread 61" [_thread_blocked, id=1332, stack(0x000000f22c400000,0x000000f22c500000)]
  0x000002c424fc5320 JavaThread "Unconstrained build operations Thread 62" [_thread_blocked, id=12620, stack(0x000000f22c500000,0x000000f22c600000)]
  0x000002c424fc2590 JavaThread "Unconstrained build operations Thread 63" [_thread_blocked, id=13608, stack(0x000000f22c600000,0x000000f22c700000)]
  0x000002c424fc2aa0 JavaThread "Unconstrained build operations Thread 64" [_thread_blocked, id=19120, stack(0x000000f22c700000,0x000000f22c800000)]
  0x000002c424fc39d0 JavaThread "Unconstrained build operations Thread 65" [_thread_blocked, id=4656, stack(0x000000f22c800000,0x000000f22c900000)]
  0x000002c424fc3ee0 JavaThread "Unconstrained build operations Thread 66" [_thread_blocked, id=11832, stack(0x000000f22c900000,0x000000f22ca00000)]
  0x000002c424fc4900 JavaThread "Unconstrained build operations Thread 67" [_thread_blocked, id=14632, stack(0x000000f22ca00000,0x000000f22cb00000)]
  0x000002c424fc43f0 JavaThread "Unconstrained build operations Thread 68" [_thread_blocked, id=4220, stack(0x000000f22cb00000,0x000000f22cc00000)]
  0x000002c424fc4e10 JavaThread "Unconstrained build operations Thread 69" [_thread_blocked, id=11208, stack(0x000000f22cc00000,0x000000f22cd00000)]
  0x000002c424fc2080 JavaThread "Unconstrained build operations Thread 70" [_thread_blocked, id=19892, stack(0x000000f22cd00000,0x000000f22ce00000)]
  0x000002c423d1ba30 JavaThread "Unconstrained build operations Thread 71" [_thread_blocked, id=14648, stack(0x000000f22ce00000,0x000000f22cf00000)]
  0x000002c423d1c960 JavaThread "Unconstrained build operations Thread 72" [_thread_blocked, id=9236, stack(0x000000f22cf00000,0x000000f22d000000)]
  0x000002c423d1b520 JavaThread "Unconstrained build operations Thread 73" [_thread_blocked, id=11732, stack(0x000000f22d000000,0x000000f22d100000)]
  0x000002c423d1bf40 JavaThread "Unconstrained build operations Thread 74" [_thread_blocked, id=12668, stack(0x000000f22d100000,0x000000f22d200000)]
  0x000002c423d1e7c0 JavaThread "Unconstrained build operations Thread 75" [_thread_blocked, id=9152, stack(0x000000f22d200000,0x000000f22d300000)]
  0x000002c423d20620 JavaThread "Unconstrained build operations Thread 76" [_thread_blocked, id=20924, stack(0x000000f22d300000,0x000000f22d400000)]
  0x000002c423d1fc00 JavaThread "Unconstrained build operations Thread 77" [_thread_blocked, id=2896, stack(0x000000f22d400000,0x000000f22d500000)]
  0x000002c423d1ecd0 JavaThread "Unconstrained build operations Thread 78" [_thread_blocked, id=19272, stack(0x000000f22d500000,0x000000f22d600000)]
  0x000002c423d20110 JavaThread "Unconstrained build operations Thread 79" [_thread_blocked, id=20336, stack(0x000000f22d600000,0x000000f22d700000)]
  0x000002c423d1f1e0 JavaThread "Unconstrained build operations Thread 80" [_thread_blocked, id=13816, stack(0x000000f22d700000,0x000000f22d800000)]
  0x000002c423d1f6f0 JavaThread "WorkerExecutor Queue" [_thread_blocked, id=9912, stack(0x000000f223b00000,0x000000f223c00000)]
  0x000002c423d1c450 JavaThread "WorkerExecutor Queue Thread 2" [_thread_in_Java, id=8328, stack(0x000000f223c00000,0x000000f223d00000)]
  0x000002c423d20b30 JavaThread "WorkerExecutor Queue Thread 3" [_thread_in_native, id=9644, stack(0x000000f223d00000,0x000000f223e00000)]
  0x000002c423d1dda0 JavaThread "WorkerExecutor Queue Thread 4" [_thread_in_vm, id=17864, stack(0x000000f22d800000,0x000000f22d900000)]
  0x000002c423d21f70 JavaThread "WorkerExecutor Queue Thread 5" [_thread_blocked, id=14004, stack(0x000000f22d900000,0x000000f22da00000)]
  0x000002c423d1d380 JavaThread "WorkerExecutor Queue Thread 6" [_thread_in_Java, id=16976, stack(0x000000f22da00000,0x000000f22db00000)]
  0x000002c423d21550 JavaThread "WorkerExecutor Queue Thread 7" [_thread_in_vm, id=20228, stack(0x000000f22db00000,0x000000f22dc00000)]
  0x000002c423d21040 JavaThread "WorkerExecutor Queue Thread 8" [_thread_in_vm, id=6240, stack(0x000000f22dc00000,0x000000f22dd00000)]

Other Threads:
  0x000002c3d9eab410 VMThread "VM Thread" [stack: 0x000000f224400000,0x000000f224500000] [id=11840]
  0x000002c3da577a60 WatcherThread [stack: 0x000000f225000000,0x000000f225100000] [id=20644]
  0x000002c3bbd8dfb0 GCTaskThread "GC Thread#0" [stack: 0x000000f223f00000,0x000000f224000000] [id=21448]
  0x000002c3da8e6870 GCTaskThread "GC Thread#1" [stack: 0x000000f225100000,0x000000f225200000] [id=1796]
  0x000002c3da8e93d0 GCTaskThread "GC Thread#2" [stack: 0x000000f225200000,0x000000f225300000] [id=3576]
  0x000002c3da9abe70 GCTaskThread "GC Thread#3" [stack: 0x000000f225300000,0x000000f225400000] [id=3400]
  0x000002c3da9ac130 GCTaskThread "GC Thread#4" [stack: 0x000000f225400000,0x000000f225500000] [id=13148]
  0x000002c3da9ac3f0 GCTaskThread "GC Thread#5" [stack: 0x000000f225800000,0x000000f225900000] [id=2468]
  0x000002c3da9acef0 GCTaskThread "GC Thread#6" [stack: 0x000000f225900000,0x000000f225a00000] [id=1136]
  0x000002c3da9ac970 GCTaskThread "GC Thread#7" [stack: 0x000000f225a00000,0x000000f225b00000] [id=2500]
  0x000002c3bbd9ee10 ConcurrentGCThread "G1 Main Marker" [stack: 0x000000f224000000,0x000000f224100000] [id=7824]
  0x000002c3bbd9f740 ConcurrentGCThread "G1 Conc#0" [stack: 0x000000f224100000,0x000000f224200000] [id=2432]
  0x000002c3da9ad470 ConcurrentGCThread "G1 Conc#1" [stack: 0x000000f226500000,0x000000f226600000] [id=14024]
  0x000002c3bbde2130 ConcurrentGCThread "G1 Refine#0" [stack: 0x000000f224200000,0x000000f224300000] [id=20252]
  0x000002c42054aab0 ConcurrentGCThread "G1 Refine#1" [stack: 0x000000f226c00000,0x000000f226d00000] [id=860]
  0x000002c425d108c0 ConcurrentGCThread "G1 Refine#2" [stack: 0x000000f22a900000,0x000000f22aa00000] [id=8296]
  0x000002c3bbde2970 ConcurrentGCThread "G1 Service" [stack: 0x000000f224300000,0x000000f224400000] [id=13868]

Threads with active compile tasks:
C2 CompilerThread0  83581 14462       4       sun.invoke.util.VerifyAccess::isClassAccessible (230 bytes)
C1 CompilerThread0  83581 14495       3       com.android.tools.r8.internal.rv::a (4509 bytes)

VM state: not at safepoint (normal execution)

VM Mutex/Monitor currently owned by a thread:  ([mutex/lock_event])
[0x000002c3bbd2b910] CompiledIC_lock - owner thread: 0x000002c3d9edac30
[0x000002c3bbd2b490] MethodData_lock - owner thread: 0x0000000000000000

Heap address: 0x0000000080000000, size: 2048 MB, Compressed Oops mode: 32-bit

CDS archive(s) mapped at: [0x000002c3db000000-0x000002c3dbbb0000-0x000002c3dbbb0000), size 12255232, SharedBaseAddress: 0x000002c3db000000, ArchiveRelocationMode: 1.
Compressed class space mapped at: 0x000002c3dc000000-0x000002c41c000000, reserved size: 1073741824
Narrow klass base: 0x000002c3db000000, Narrow klass shift: 0, Narrow klass range: 0x100000000

GC Precious Log:
 CPUs: 8 total, 8 available
 Memory: 3738M
 Large Page Support: Disabled
 NUMA Support: Disabled
 Compressed Oops: Enabled (32-bit)
 Heap Region Size: 1M
 Heap Min Capacity: 8M
 Heap Initial Capacity: 60M
 Heap Max Capacity: 2G
 Pre-touch: Disabled
 Parallel Workers: 8
 Concurrent Workers: 2
 Concurrent Refinement Workers: 8
 Periodic GC: Disabled

Heap:
 garbage-first heap   total 305152K, used 245464K [0x0000000080000000, 0x0000000100000000)
  region size 1024K, 121 young (123904K), 2 survivors (2048K)
 Metaspace       used 107152K, committed 108288K, reserved 1179648K
  class space    used 14900K, committed 15424K, reserved 1048576K

Heap Regions: E=young(eden), S=young(survivor), O=old, HS=humongous(starts), HC=humongous(continues), CS=collection set, F=free, OA=open archive, CA=closed archive, TAMS=top-at-mark-start (previous, next)
|   0|0x0000000080000000, 0x0000000080100000, 0x0000000080100000|100%|HS|  |TAMS 0x0000000080100000, 0x0000000080000000| Complete 
|   1|0x0000000080100000, 0x0000000080200000, 0x0000000080200000|100%|HC|  |TAMS 0x0000000080200000, 0x0000000080100000| Complete 
|   2|0x0000000080200000, 0x0000000080300000, 0x0000000080300000|100%|HC|  |TAMS 0x0000000080300000, 0x0000000080200000| Complete 
|   3|0x0000000080300000, 0x0000000080400000, 0x0000000080400000|100%|HC|  |TAMS 0x0000000080400000, 0x0000000080300000| Complete 
|   4|0x0000000080400000, 0x0000000080500000, 0x0000000080500000|100%| O|  |TAMS 0x0000000080500000, 0x0000000080400000| Untracked 
|   5|0x0000000080500000, 0x0000000080600000, 0x0000000080600000|100%| O|  |TAMS 0x0000000080600000, 0x0000000080500000| Untracked 
|   6|0x0000000080600000, 0x0000000080700000, 0x0000000080700000|100%| O|  |TAMS 0x0000000080700000, 0x0000000080600000| Untracked 
|   7|0x0000000080700000, 0x0000000080800000, 0x0000000080800000|100%| O|  |TAMS 0x0000000080800000, 0x0000000080700000| Untracked 
|   8|0x0000000080800000, 0x0000000080900000, 0x0000000080900000|100%| O|  |TAMS 0x0000000080900000, 0x0000000080800000| Untracked 
|   9|0x0000000080900000, 0x0000000080a00000, 0x0000000080a00000|100%| O|  |TAMS 0x0000000080a00000, 0x0000000080900000| Untracked 
|  10|0x0000000080a00000, 0x0000000080b00000, 0x0000000080b00000|100%| O|  |TAMS 0x0000000080b00000, 0x0000000080a00000| Untracked 
|  11|0x0000000080b00000, 0x0000000080c00000, 0x0000000080c00000|100%| O|  |TAMS 0x0000000080c00000, 0x0000000080b00000| Untracked 
|  12|0x0000000080c00000, 0x0000000080d00000, 0x0000000080d00000|100%|HS|  |TAMS 0x0000000080d00000, 0x0000000080c00000| Complete 
|  13|0x0000000080d00000, 0x0000000080e00000, 0x0000000080e00000|100%| O|  |TAMS 0x0000000080e00000, 0x0000000080d00000| Untracked 
|  14|0x0000000080e00000, 0x0000000080f00000, 0x0000000080f00000|100%| O|  |TAMS 0x0000000080f00000, 0x0000000080e00000| Untracked 
|  15|0x0000000080f00000, 0x0000000081000000, 0x0000000081000000|100%| O|  |TAMS 0x0000000081000000, 0x0000000080f00000| Untracked 
|  16|0x0000000081000000, 0x0000000081100000, 0x0000000081100000|100%| O|  |TAMS 0x0000000081100000, 0x0000000081000000| Untracked 
|  17|0x0000000081100000, 0x0000000081200000, 0x0000000081200000|100%| O|  |TAMS 0x0000000081200000, 0x0000000081100000| Untracked 
|  18|0x0000000081200000, 0x0000000081300000, 0x0000000081300000|100%| O|  |TAMS 0x0000000081300000, 0x0000000081200000| Untracked 
|  19|0x0000000081300000, 0x0000000081400000, 0x0000000081400000|100%| O|  |TAMS 0x0000000081400000, 0x0000000081300000| Untracked 
|  20|0x0000000081400000, 0x0000000081500000, 0x0000000081500000|100%| O|  |TAMS 0x0000000081500000, 0x0000000081400000| Untracked 
|  21|0x0000000081500000, 0x0000000081600000, 0x0000000081600000|100%| O|  |TAMS 0x0000000081600000, 0x0000000081500000| Untracked 
|  22|0x0000000081600000, 0x0000000081700000, 0x0000000081700000|100%| O|  |TAMS 0x0000000081700000, 0x0000000081600000| Untracked 
|  23|0x0000000081700000, 0x0000000081800000, 0x0000000081800000|100%| O|  |TAMS 0x0000000081800000, 0x0000000081700000| Untracked 
|  24|0x0000000081800000, 0x0000000081900000, 0x0000000081900000|100%| O|  |TAMS 0x0000000081900000, 0x0000000081800000| Untracked 
|  25|0x0000000081900000, 0x0000000081a00000, 0x0000000081a00000|100%| O|  |TAMS 0x0000000081a00000, 0x0000000081900000| Untracked 
|  26|0x0000000081a00000, 0x0000000081b00000, 0x0000000081b00000|100%| O|  |TAMS 0x0000000081b00000, 0x0000000081a00000| Untracked 
|  27|0x0000000081b00000, 0x0000000081c00000, 0x0000000081c00000|100%| O|  |TAMS 0x0000000081c00000, 0x0000000081b00000| Untracked 
|  28|0x0000000081c00000, 0x0000000081d00000, 0x0000000081d00000|100%| O|  |TAMS 0x0000000081d00000, 0x0000000081c00000| Untracked 
|  29|0x0000000081d00000, 0x0000000081e00000, 0x0000000081e00000|100%| O|  |TAMS 0x0000000081e00000, 0x0000000081d00000| Untracked 
|  30|0x0000000081e00000, 0x0000000081f00000, 0x0000000081f00000|100%| O|  |TAMS 0x0000000081f00000, 0x0000000081e00000| Untracked 
|  31|0x0000000081f00000, 0x0000000082000000, 0x0000000082000000|100%| O|  |TAMS 0x0000000082000000, 0x0000000081f00000| Untracked 
|  32|0x0000000082000000, 0x0000000082100000, 0x0000000082100000|100%| O|  |TAMS 0x0000000082100000, 0x0000000082000000| Untracked 
|  33|0x0000000082100000, 0x0000000082200000, 0x0000000082200000|100%| O|  |TAMS 0x0000000082200000, 0x0000000082100000| Untracked 
|  34|0x0000000082200000, 0x0000000082300000, 0x0000000082300000|100%|HS|  |TAMS 0x0000000082300000, 0x0000000082200000| Complete 
|  35|0x0000000082300000, 0x0000000082400000, 0x0000000082400000|100%|HC|  |TAMS 0x0000000082400000, 0x0000000082300000| Complete 
|  36|0x0000000082400000, 0x0000000082500000, 0x0000000082500000|100%| O|  |TAMS 0x0000000082500000, 0x0000000082400000| Untracked 
|  37|0x0000000082500000, 0x0000000082600000, 0x0000000082600000|100%| O|  |TAMS 0x0000000082600000, 0x0000000082500000| Untracked 
|  38|0x0000000082600000, 0x0000000082700000, 0x0000000082700000|100%| O|  |TAMS 0x0000000082700000, 0x0000000082600000| Untracked 
|  39|0x0000000082700000, 0x0000000082800000, 0x0000000082800000|100%| O|  |TAMS 0x0000000082800000, 0x0000000082700000| Untracked 
|  40|0x0000000082800000, 0x0000000082900000, 0x0000000082900000|100%| O|  |TAMS 0x0000000082900000, 0x0000000082800000| Untracked 
|  41|0x0000000082900000, 0x0000000082a00000, 0x0000000082a00000|100%| O|  |TAMS 0x0000000082a00000, 0x0000000082900000| Untracked 
|  42|0x0000000082a00000, 0x0000000082b00000, 0x0000000082b00000|100%| O|  |TAMS 0x0000000082b00000, 0x0000000082a00000| Untracked 
|  43|0x0000000082b00000, 0x0000000082c00000, 0x0000000082c00000|100%| O|  |TAMS 0x0000000082c00000, 0x0000000082b00000| Untracked 
|  44|0x0000000082c00000, 0x0000000082d00000, 0x0000000082d00000|100%| O|  |TAMS 0x0000000082d00000, 0x0000000082c00000| Untracked 
|  45|0x0000000082d00000, 0x0000000082e00000, 0x0000000082e00000|100%| O|  |TAMS 0x0000000082e00000, 0x0000000082d00000| Untracked 
|  46|0x0000000082e00000, 0x0000000082f00000, 0x0000000082f00000|100%| O|  |TAMS 0x0000000082e00000, 0x0000000082e00000| Untracked 
|  47|0x0000000082f00000, 0x0000000083000000, 0x0000000083000000|100%| O|  |TAMS 0x0000000083000000, 0x0000000082f00000| Untracked 
|  48|0x0000000083000000, 0x0000000083100000, 0x0000000083100000|100%| O|  |TAMS 0x0000000083100000, 0x0000000083000000| Untracked 
|  49|0x0000000083100000, 0x0000000083200000, 0x0000000083200000|100%| O|  |TAMS 0x0000000083200000, 0x0000000083100000| Untracked 
|  50|0x0000000083200000, 0x0000000083300000, 0x0000000083300000|100%|HS|  |TAMS 0x0000000083300000, 0x0000000083200000| Complete 
|  51|0x0000000083300000, 0x0000000083400000, 0x0000000083400000|100%| O|  |TAMS 0x0000000083400000, 0x0000000083300000| Untracked 
|  52|0x0000000083400000, 0x0000000083500000, 0x0000000083500000|100%| O|  |TAMS 0x0000000083500000, 0x0000000083400000| Untracked 
|  53|0x0000000083500000, 0x0000000083600000, 0x0000000083600000|100%| O|  |TAMS 0x0000000083600000, 0x0000000083500000| Untracked 
|  54|0x0000000083600000, 0x0000000083700000, 0x0000000083700000|100%| O|  |TAMS 0x0000000083600000, 0x0000000083600000| Untracked 
|  55|0x0000000083700000, 0x0000000083800000, 0x0000000083800000|100%|HS|  |TAMS 0x0000000083800000, 0x0000000083700000| Complete 
|  56|0x0000000083800000, 0x0000000083900000, 0x0000000083900000|100%|HS|  |TAMS 0x0000000083900000, 0x0000000083800000| Complete 
|  57|0x0000000083900000, 0x0000000083a00000, 0x0000000083a00000|100%|HC|  |TAMS 0x0000000083a00000, 0x0000000083900000| Complete 
|  58|0x0000000083a00000, 0x0000000083b00000, 0x0000000083b00000|100%|HS|  |TAMS 0x0000000083b00000, 0x0000000083a00000| Complete 
|  59|0x0000000083b00000, 0x0000000083c00000, 0x0000000083c00000|100%|HS|  |TAMS 0x0000000083c00000, 0x0000000083b00000| Complete 
|  60|0x0000000083c00000, 0x0000000083d00000, 0x0000000083d00000|100%| O|  |TAMS 0x0000000083d00000, 0x0000000083c00000| Untracked 
|  61|0x0000000083d00000, 0x0000000083e00000, 0x0000000083e00000|100%| O|  |TAMS 0x0000000083e00000, 0x0000000083d00000| Untracked 
|  62|0x0000000083e00000, 0x0000000083f00000, 0x0000000083f00000|100%| O|  |TAMS 0x0000000083f00000, 0x0000000083e00000| Untracked 
|  63|0x0000000083f00000, 0x0000000084000000, 0x0000000084000000|100%|HS|  |TAMS 0x0000000084000000, 0x0000000083f00000| Complete 
|  64|0x0000000084000000, 0x0000000084100000, 0x0000000084100000|100%|HS|  |TAMS 0x0000000084100000, 0x0000000084000000| Complete 
|  65|0x0000000084100000, 0x0000000084200000, 0x0000000084200000|100%| O|  |TAMS 0x0000000084200000, 0x0000000084100000| Untracked 
|  66|0x0000000084200000, 0x0000000084300000, 0x0000000084300000|100%| O|  |TAMS 0x0000000084300000, 0x0000000084200000| Untracked 
|  67|0x0000000084300000, 0x0000000084400000, 0x0000000084400000|100%| O|  |TAMS 0x0000000084400000, 0x0000000084300000| Untracked 
|  68|0x0000000084400000, 0x0000000084500000, 0x0000000084500000|100%| O|  |TAMS 0x0000000084500000, 0x0000000084400000| Untracked 
|  69|0x0000000084500000, 0x0000000084600000, 0x0000000084600000|100%| O|  |TAMS 0x0000000084600000, 0x0000000084500000| Untracked 
|  70|0x0000000084600000, 0x0000000084700000, 0x0000000084700000|100%|HS|  |TAMS 0x0000000084700000, 0x0000000084600000| Complete 
|  71|0x0000000084700000, 0x0000000084800000, 0x0000000084800000|100%|HC|  |TAMS 0x0000000084800000, 0x0000000084700000| Complete 
|  72|0x0000000084800000, 0x0000000084900000, 0x0000000084900000|100%| O|  |TAMS 0x0000000084900000, 0x0000000084800000| Untracked 
|  73|0x0000000084900000, 0x0000000084a00000, 0x0000000084a00000|100%| O|  |TAMS 0x00000000849fa400, 0x0000000084900000| Untracked 
|  74|0x0000000084a00000, 0x0000000084b00000, 0x0000000084b00000|100%| O|  |TAMS 0x0000000084a00000, 0x0000000084a00000| Untracked 
|  75|0x0000000084b00000, 0x0000000084c00000, 0x0000000084c00000|100%| O|  |TAMS 0x0000000084b00000, 0x0000000084b00000| Untracked 
|  76|0x0000000084c00000, 0x0000000084d00000, 0x0000000084d00000|100%| O|  |TAMS 0x0000000084c00000, 0x0000000084c00000| Untracked 
|  77|0x0000000084d00000, 0x0000000084e00000, 0x0000000084e00000|100%|HS|  |TAMS 0x0000000084e00000, 0x0000000084d00000| Complete 
|  78|0x0000000084e00000, 0x0000000084f00000, 0x0000000084f00000|100%| O|  |TAMS 0x0000000084e00000, 0x0000000084e00000| Untracked 
|  79|0x0000000084f00000, 0x0000000085000000, 0x0000000085000000|100%| O|  |TAMS 0x0000000084f00000, 0x0000000084f00000| Untracked 
|  80|0x0000000085000000, 0x0000000085100000, 0x0000000085100000|100%| O|  |TAMS 0x0000000085000000, 0x0000000085000000| Untracked 
|  81|0x0000000085100000, 0x0000000085200000, 0x0000000085200000|100%| O|  |TAMS 0x0000000085100000, 0x0000000085100000| Untracked 
|  82|0x0000000085200000, 0x0000000085300000, 0x0000000085300000|100%| O|  |TAMS 0x0000000085200000, 0x0000000085200000| Untracked 
|  83|0x0000000085300000, 0x0000000085400000, 0x0000000085400000|100%| O|  |TAMS 0x0000000085300000, 0x0000000085300000| Untracked 
|  84|0x0000000085400000, 0x0000000085500000, 0x0000000085500000|100%| O|  |TAMS 0x0000000085400000, 0x0000000085400000| Untracked 
|  85|0x0000000085500000, 0x0000000085600000, 0x0000000085600000|100%| O|  |TAMS 0x0000000085500000, 0x0000000085500000| Untracked 
|  86|0x0000000085600000, 0x0000000085700000, 0x0000000085700000|100%| O|  |TAMS 0x0000000085600000, 0x0000000085600000| Untracked 
|  87|0x0000000085700000, 0x0000000085800000, 0x0000000085800000|100%| O|  |TAMS 0x0000000085700000, 0x0000000085700000| Untracked 
|  88|0x0000000085800000, 0x0000000085900000, 0x0000000085900000|100%| O|  |TAMS 0x0000000085800000, 0x0000000085800000| Untracked 
|  89|0x0000000085900000, 0x0000000085a00000, 0x0000000085a00000|100%| O|  |TAMS 0x0000000085900000, 0x0000000085900000| Untracked 
|  90|0x0000000085a00000, 0x0000000085b00000, 0x0000000085b00000|100%| O|  |TAMS 0x0000000085a00000, 0x0000000085a00000| Untracked 
|  91|0x0000000085b00000, 0x0000000085c00000, 0x0000000085c00000|100%| O|  |TAMS 0x0000000085b00000, 0x0000000085b00000| Untracked 
|  92|0x0000000085c00000, 0x0000000085d00000, 0x0000000085d00000|100%| O|  |TAMS 0x0000000085c00000, 0x0000000085c00000| Untracked 
|  93|0x0000000085d00000, 0x0000000085e00000, 0x0000000085e00000|100%| O|  |TAMS 0x0000000085d00000, 0x0000000085d00000| Untracked 
|  94|0x0000000085e00000, 0x0000000085f00000, 0x0000000085f00000|100%| O|  |TAMS 0x0000000085e00000, 0x0000000085e00000| Untracked 
|  95|0x0000000085f00000, 0x0000000086000000, 0x0000000086000000|100%| O|  |TAMS 0x0000000085f00000, 0x0000000085f00000| Untracked 
|  96|0x0000000086000000, 0x0000000086100000, 0x0000000086100000|100%| O|  |TAMS 0x0000000086000000, 0x0000000086000000| Untracked 
|  97|0x0000000086100000, 0x0000000086200000, 0x0000000086200000|100%| O|  |TAMS 0x0000000086100000, 0x0000000086100000| Untracked 
|  98|0x0000000086200000, 0x0000000086300000, 0x0000000086300000|100%| O|  |TAMS 0x0000000086200000, 0x0000000086200000| Untracked 
|  99|0x0000000086300000, 0x0000000086400000, 0x0000000086400000|100%| O|  |TAMS 0x0000000086300000, 0x0000000086300000| Untracked 
| 100|0x0000000086400000, 0x0000000086500000, 0x0000000086500000|100%| O|  |TAMS 0x0000000086400000, 0x0000000086400000| Untracked 
| 101|0x0000000086500000, 0x0000000086600000, 0x0000000086600000|100%| O|  |TAMS 0x0000000086500000, 0x0000000086500000| Untracked 
| 102|0x0000000086600000, 0x0000000086700000, 0x0000000086700000|100%| O|  |TAMS 0x0000000086600000, 0x0000000086600000| Untracked 
| 103|0x0000000086700000, 0x0000000086800000, 0x0000000086800000|100%| O|  |TAMS 0x0000000086700000, 0x0000000086700000| Untracked 
| 104|0x0000000086800000, 0x0000000086900000, 0x0000000086900000|100%| O|  |TAMS 0x0000000086800000, 0x0000000086800000| Untracked 
| 105|0x0000000086900000, 0x0000000086a00000, 0x0000000086a00000|100%| O|  |TAMS 0x0000000086900000, 0x0000000086900000| Untracked 
| 106|0x0000000086a00000, 0x0000000086b00000, 0x0000000086b00000|100%| O|  |TAMS 0x0000000086a00000, 0x0000000086a00000| Untracked 
| 107|0x0000000086b00000, 0x0000000086c00000, 0x0000000086c00000|100%| O|  |TAMS 0x0000000086b00000, 0x0000000086b00000| Untracked 
| 108|0x0000000086c00000, 0x0000000086d00000, 0x0000000086d00000|100%| O|  |TAMS 0x0000000086c00000, 0x0000000086c00000| Untracked 
| 109|0x0000000086d00000, 0x0000000086e00000, 0x0000000086e00000|100%| O|  |TAMS 0x0000000086d00000, 0x0000000086d00000| Untracked 
| 110|0x0000000086e00000, 0x0000000086f00000, 0x0000000086f00000|100%| O|  |TAMS 0x0000000086e00000, 0x0000000086e00000| Untracked 
| 111|0x0000000086f00000, 0x0000000087000000, 0x0000000087000000|100%| O|  |TAMS 0x0000000086f00000, 0x0000000086f00000| Untracked 
| 112|0x0000000087000000, 0x0000000087100000, 0x0000000087100000|100%| O|  |TAMS 0x0000000087000000, 0x0000000087000000| Untracked 
| 113|0x0000000087100000, 0x0000000087200000, 0x0000000087200000|100%| O|  |TAMS 0x0000000087100000, 0x0000000087100000| Untracked 
| 114|0x0000000087200000, 0x0000000087300000, 0x0000000087300000|100%| O|  |TAMS 0x0000000087200000, 0x0000000087200000| Untracked 
| 115|0x0000000087300000, 0x0000000087300000, 0x0000000087400000|  0%| F|  |TAMS 0x0000000087300000, 0x0000000087300000| Untracked 
| 116|0x0000000087400000, 0x0000000087400000, 0x0000000087500000|  0%| F|  |TAMS 0x0000000087400000, 0x0000000087400000| Untracked 
| 117|0x0000000087500000, 0x0000000087600000, 0x0000000087600000|100%| O|  |TAMS 0x0000000087500000, 0x0000000087500000| Untracked 
| 118|0x0000000087600000, 0x0000000087700000, 0x0000000087700000|100%| O|  |TAMS 0x0000000087600000, 0x0000000087600000| Untracked 
| 119|0x0000000087700000, 0x0000000087800000, 0x0000000087800000|100%| O|  |TAMS 0x0000000087700000, 0x0000000087700000| Untracked 
| 120|0x0000000087800000, 0x0000000087900000, 0x0000000087900000|100%| O|  |TAMS 0x0000000087800000, 0x0000000087800000| Untracked 
| 121|0x0000000087900000, 0x0000000087a00000, 0x0000000087a00000|100%| O|  |TAMS 0x0000000087900000, 0x0000000087900000| Untracked 
| 122|0x0000000087a00000, 0x0000000087b00000, 0x0000000087b00000|100%| O|  |TAMS 0x0000000087a00000, 0x0000000087a00000| Untracked 
| 123|0x0000000087b00000, 0x0000000087b00000, 0x0000000087c00000|  0%| F|  |TAMS 0x0000000087b00000, 0x0000000087b00000| Untracked 
| 124|0x0000000087c00000, 0x0000000087c00000, 0x0000000087d00000|  0%| F|  |TAMS 0x0000000087c00000, 0x0000000087c00000| Untracked 
| 125|0x0000000087d00000, 0x0000000087d00000, 0x0000000087e00000|  0%| F|  |TAMS 0x0000000087d00000, 0x0000000087d00000| Untracked 
| 126|0x0000000087e00000, 0x0000000087e00000, 0x0000000087f00000|  0%| F|  |TAMS 0x0000000087e00000, 0x0000000087e00000| Untracked 
| 127|0x0000000087f00000, 0x0000000087f00000, 0x0000000088000000|  0%| F|  |TAMS 0x0000000087f00000, 0x0000000087f00000| Untracked 
| 128|0x0000000088000000, 0x0000000088000000, 0x0000000088100000|  0%| F|  |TAMS 0x0000000088000000, 0x0000000088000000| Untracked 
| 129|0x0000000088100000, 0x0000000088100000, 0x0000000088200000|  0%| F|  |TAMS 0x0000000088100000, 0x0000000088100000| Untracked 
| 130|0x0000000088200000, 0x0000000088200000, 0x0000000088300000|  0%| F|  |TAMS 0x0000000088200000, 0x0000000088200000| Untracked 
| 131|0x0000000088300000, 0x0000000088300000, 0x0000000088400000|  0%| F|  |TAMS 0x0000000088300000, 0x0000000088300000| Untracked 
| 132|0x0000000088400000, 0x0000000088400000, 0x0000000088500000|  0%| F|  |TAMS 0x0000000088400000, 0x0000000088400000| Untracked 
| 133|0x0000000088500000, 0x0000000088500000, 0x0000000088600000|  0%| F|  |TAMS 0x0000000088500000, 0x0000000088500000| Untracked 
| 134|0x0000000088600000, 0x0000000088600000, 0x0000000088700000|  0%| F|  |TAMS 0x0000000088600000, 0x0000000088600000| Untracked 
| 135|0x0000000088700000, 0x0000000088700000, 0x0000000088800000|  0%| F|  |TAMS 0x0000000088700000, 0x0000000088700000| Untracked 
| 136|0x0000000088800000, 0x0000000088800000, 0x0000000088900000|  0%| F|  |TAMS 0x0000000088800000, 0x0000000088800000| Untracked 
| 137|0x0000000088900000, 0x0000000088900000, 0x0000000088a00000|  0%| F|  |TAMS 0x0000000088900000, 0x0000000088900000| Untracked 
| 138|0x0000000088a00000, 0x0000000088a00000, 0x0000000088b00000|  0%| F|  |TAMS 0x0000000088a00000, 0x0000000088a00000| Untracked 
| 139|0x0000000088b00000, 0x0000000088b00000, 0x0000000088c00000|  0%| F|  |TAMS 0x0000000088b00000, 0x0000000088b00000| Untracked 
| 140|0x0000000088c00000, 0x0000000088c00000, 0x0000000088d00000|  0%| F|  |TAMS 0x0000000088c00000, 0x0000000088c00000| Untracked 
| 141|0x0000000088d00000, 0x0000000088d00000, 0x0000000088e00000|  0%| F|  |TAMS 0x0000000088d00000, 0x0000000088d00000| Untracked 
| 142|0x0000000088e00000, 0x0000000088e00000, 0x0000000088f00000|  0%| F|  |TAMS 0x0000000088e00000, 0x0000000088e00000| Untracked 
| 143|0x0000000088f00000, 0x0000000088f00000, 0x0000000089000000|  0%| F|  |TAMS 0x0000000088f00000, 0x0000000088f00000| Untracked 
| 144|0x0000000089000000, 0x0000000089000000, 0x0000000089100000|  0%| F|  |TAMS 0x0000000089000000, 0x0000000089000000| Untracked 
| 145|0x0000000089100000, 0x0000000089100000, 0x0000000089200000|  0%| F|  |TAMS 0x0000000089100000, 0x0000000089100000| Untracked 
| 146|0x0000000089200000, 0x0000000089200000, 0x0000000089300000|  0%| F|  |TAMS 0x0000000089200000, 0x0000000089200000| Untracked 
| 147|0x0000000089300000, 0x0000000089300000, 0x0000000089400000|  0%| F|  |TAMS 0x0000000089300000, 0x0000000089300000| Untracked 
| 148|0x0000000089400000, 0x0000000089400000, 0x0000000089500000|  0%| F|  |TAMS 0x0000000089400000, 0x0000000089400000| Untracked 
| 149|0x0000000089500000, 0x0000000089500000, 0x0000000089600000|  0%| F|  |TAMS 0x0000000089500000, 0x0000000089500000| Untracked 
| 150|0x0000000089600000, 0x0000000089600000, 0x0000000089700000|  0%| F|  |TAMS 0x0000000089600000, 0x0000000089600000| Untracked 
| 151|0x0000000089700000, 0x0000000089700000, 0x0000000089800000|  0%| F|  |TAMS 0x0000000089700000, 0x0000000089700000| Untracked 
| 152|0x0000000089800000, 0x0000000089800000, 0x0000000089900000|  0%| F|  |TAMS 0x0000000089800000, 0x0000000089800000| Untracked 
| 153|0x0000000089900000, 0x0000000089900000, 0x0000000089a00000|  0%| F|  |TAMS 0x0000000089900000, 0x0000000089900000| Untracked 
| 154|0x0000000089a00000, 0x0000000089a00000, 0x0000000089b00000|  0%| F|  |TAMS 0x0000000089a00000, 0x0000000089a00000| Untracked 
| 155|0x0000000089b00000, 0x0000000089b00000, 0x0000000089c00000|  0%| F|  |TAMS 0x0000000089b00000, 0x0000000089b00000| Untracked 
| 156|0x0000000089c00000, 0x0000000089c00000, 0x0000000089d00000|  0%| F|  |TAMS 0x0000000089c00000, 0x0000000089c00000| Untracked 
| 157|0x0000000089d00000, 0x0000000089d00000, 0x0000000089e00000|  0%| F|  |TAMS 0x0000000089d00000, 0x0000000089d00000| Untracked 
| 158|0x0000000089e00000, 0x0000000089e00000, 0x0000000089f00000|  0%| F|  |TAMS 0x0000000089e00000, 0x0000000089e00000| Untracked 
| 159|0x0000000089f00000, 0x0000000089f00000, 0x000000008a000000|  0%| F|  |TAMS 0x0000000089f00000, 0x0000000089f00000| Untracked 
| 160|0x000000008a000000, 0x000000008a000000, 0x000000008a100000|  0%| F|  |TAMS 0x000000008a000000, 0x000000008a000000| Untracked 
| 161|0x000000008a100000, 0x000000008a100000, 0x000000008a200000|  0%| F|  |TAMS 0x000000008a100000, 0x000000008a100000| Untracked 
| 162|0x000000008a200000, 0x000000008a200000, 0x000000008a300000|  0%| F|  |TAMS 0x000000008a200000, 0x000000008a200000| Untracked 
| 163|0x000000008a300000, 0x000000008a300000, 0x000000008a400000|  0%| F|  |TAMS 0x000000008a300000, 0x000000008a300000| Untracked 
| 164|0x000000008a400000, 0x000000008a400000, 0x000000008a500000|  0%| F|  |TAMS 0x000000008a400000, 0x000000008a400000| Untracked 
| 165|0x000000008a500000, 0x000000008a500000, 0x000000008a600000|  0%| F|  |TAMS 0x000000008a500000, 0x000000008a500000| Untracked 
| 166|0x000000008a600000, 0x000000008a600000, 0x000000008a700000|  0%| F|  |TAMS 0x000000008a600000, 0x000000008a600000| Untracked 
| 167|0x000000008a700000, 0x000000008a700000, 0x000000008a800000|  0%| F|  |TAMS 0x000000008a700000, 0x000000008a700000| Untracked 
| 168|0x000000008a800000, 0x000000008a800000, 0x000000008a900000|  0%| F|  |TAMS 0x000000008a800000, 0x000000008a800000| Untracked 
| 169|0x000000008a900000, 0x000000008a900000, 0x000000008aa00000|  0%| F|  |TAMS 0x000000008a900000, 0x000000008a900000| Untracked 
| 170|0x000000008aa00000, 0x000000008aa00000, 0x000000008ab00000|  0%| F|  |TAMS 0x000000008aa00000, 0x000000008aa00000| Untracked 
| 171|0x000000008ab00000, 0x000000008ab00000, 0x000000008ac00000|  0%| F|  |TAMS 0x000000008ab00000, 0x000000008ab00000| Untracked 
| 172|0x000000008ac00000, 0x000000008ac00000, 0x000000008ad00000|  0%| F|  |TAMS 0x000000008ac00000, 0x000000008ac00000| Untracked 
| 173|0x000000008ad00000, 0x000000008ad00000, 0x000000008ae00000|  0%| F|  |TAMS 0x000000008ad00000, 0x000000008ad00000| Untracked 
| 174|0x000000008ae00000, 0x000000008ae00000, 0x000000008af00000|  0%| F|  |TAMS 0x000000008ae00000, 0x000000008ae00000| Untracked 
| 175|0x000000008af00000, 0x000000008af00000, 0x000000008b000000|  0%| F|  |TAMS 0x000000008af00000, 0x000000008af00000| Untracked 
| 176|0x000000008b000000, 0x000000008b0224f0, 0x000000008b100000| 13%| E|  |TAMS 0x000000008b000000, 0x000000008b000000| Complete 
| 177|0x000000008b100000, 0x000000008b200000, 0x000000008b200000|100%| E|CS|TAMS 0x000000008b100000, 0x000000008b100000| Complete 
| 178|0x000000008b200000, 0x000000008b300000, 0x000000008b300000|100%| E|CS|TAMS 0x000000008b200000, 0x000000008b200000| Complete 
| 179|0x000000008b300000, 0x000000008b400000, 0x000000008b400000|100%| E|CS|TAMS 0x000000008b300000, 0x000000008b300000| Complete 
| 180|0x000000008b400000, 0x000000008b500000, 0x000000008b500000|100%| E|CS|TAMS 0x000000008b400000, 0x000000008b400000| Complete 
| 181|0x000000008b500000, 0x000000008b5ffff8, 0x000000008b600000| 99%| E|CS|TAMS 0x000000008b500000, 0x000000008b500000| Complete 
| 182|0x000000008b600000, 0x000000008b700000, 0x000000008b700000|100%| E|CS|TAMS 0x000000008b600000, 0x000000008b600000| Complete 
| 183|0x000000008b700000, 0x000000008b800000, 0x000000008b800000|100%| E|  |TAMS 0x000000008b700000, 0x000000008b700000| Complete 
| 184|0x000000008b800000, 0x000000008b900000, 0x000000008b900000|100%| E|CS|TAMS 0x000000008b800000, 0x000000008b800000| Complete 
| 185|0x000000008b900000, 0x000000008ba00000, 0x000000008ba00000|100%| E|CS|TAMS 0x000000008b900000, 0x000000008b900000| Complete 
| 186|0x000000008ba00000, 0x000000008bb00000, 0x000000008bb00000|100%| E|CS|TAMS 0x000000008ba00000, 0x000000008ba00000| Complete 
| 187|0x000000008bb00000, 0x000000008bc00000, 0x000000008bc00000|100%| E|CS|TAMS 0x000000008bb00000, 0x000000008bb00000| Complete 
| 188|0x000000008bc00000, 0x000000008bd00000, 0x000000008bd00000|100%| E|CS|TAMS 0x000000008bc00000, 0x000000008bc00000| Complete 
| 189|0x000000008bd00000, 0x000000008be00000, 0x000000008be00000|100%| E|CS|TAMS 0x000000008bd00000, 0x000000008bd00000| Complete 
| 190|0x000000008be00000, 0x000000008bf00000, 0x000000008bf00000|100%| E|CS|TAMS 0x000000008be00000, 0x000000008be00000| Complete 
| 191|0x000000008bf00000, 0x000000008c000000, 0x000000008c000000|100%| E|CS|TAMS 0x000000008bf00000, 0x000000008bf00000| Complete 
| 192|0x000000008c000000, 0x000000008c100000, 0x000000008c100000|100%| E|CS|TAMS 0x000000008c000000, 0x000000008c000000| Complete 
| 193|0x000000008c100000, 0x000000008c200000, 0x000000008c200000|100%| E|CS|TAMS 0x000000008c100000, 0x000000008c100000| Complete 
| 194|0x000000008c200000, 0x000000008c300000, 0x000000008c300000|100%| E|CS|TAMS 0x000000008c200000, 0x000000008c200000| Complete 
| 195|0x000000008c300000, 0x000000008c400000, 0x000000008c400000|100%| E|CS|TAMS 0x000000008c300000, 0x000000008c300000| Complete 
| 196|0x000000008c400000, 0x000000008c500000, 0x000000008c500000|100%| E|CS|TAMS 0x000000008c400000, 0x000000008c400000| Complete 
| 197|0x000000008c500000, 0x000000008c600000, 0x000000008c600000|100%| E|CS|TAMS 0x000000008c500000, 0x000000008c500000| Complete 
| 198|0x000000008c600000, 0x000000008c700000, 0x000000008c700000|100%| E|CS|TAMS 0x000000008c600000, 0x000000008c600000| Complete 
| 199|0x000000008c700000, 0x000000008c800000, 0x000000008c800000|100%| E|CS|TAMS 0x000000008c700000, 0x000000008c700000| Complete 
| 200|0x000000008c800000, 0x000000008c900000, 0x000000008c900000|100%| E|CS|TAMS 0x000000008c800000, 0x000000008c800000| Complete 
| 201|0x000000008c900000, 0x000000008ca00000, 0x000000008ca00000|100%| E|CS|TAMS 0x000000008c900000, 0x000000008c900000| Complete 
| 202|0x000000008ca00000, 0x000000008cb00000, 0x000000008cb00000|100%| E|CS|TAMS 0x000000008ca00000, 0x000000008ca00000| Complete 
| 203|0x000000008cb00000, 0x000000008cc00000, 0x000000008cc00000|100%| E|CS|TAMS 0x000000008cb00000, 0x000000008cb00000| Complete 
| 204|0x000000008cc00000, 0x000000008cd00000, 0x000000008cd00000|100%| E|CS|TAMS 0x000000008cc00000, 0x000000008cc00000| Complete 
| 205|0x000000008cd00000, 0x000000008ce00000, 0x000000008ce00000|100%| E|CS|TAMS 0x000000008cd00000, 0x000000008cd00000| Complete 
| 206|0x000000008ce00000, 0x000000008cf00000, 0x000000008cf00000|100%| E|CS|TAMS 0x000000008ce00000, 0x000000008ce00000| Complete 
| 207|0x000000008cf00000, 0x000000008d000000, 0x000000008d000000|100%| E|CS|TAMS 0x000000008cf00000, 0x000000008cf00000| Complete 
| 208|0x000000008d000000, 0x000000008d100000, 0x000000008d100000|100%| E|CS|TAMS 0x000000008d000000, 0x000000008d000000| Complete 
| 209|0x000000008d100000, 0x000000008d200000, 0x000000008d200000|100%| E|CS|TAMS 0x000000008d100000, 0x000000008d100000| Complete 
| 210|0x000000008d200000, 0x000000008d300000, 0x000000008d300000|100%| E|CS|TAMS 0x000000008d200000, 0x000000008d200000| Complete 
| 211|0x000000008d300000, 0x000000008d400000, 0x000000008d400000|100%| E|CS|TAMS 0x000000008d300000, 0x000000008d300000| Complete 
| 212|0x000000008d400000, 0x000000008d500000, 0x000000008d500000|100%| E|CS|TAMS 0x000000008d400000, 0x000000008d400000| Complete 
| 213|0x000000008d500000, 0x000000008d600000, 0x000000008d600000|100%| E|CS|TAMS 0x000000008d500000, 0x000000008d500000| Complete 
| 214|0x000000008d600000, 0x000000008d700000, 0x000000008d700000|100%| E|CS|TAMS 0x000000008d600000, 0x000000008d600000| Complete 
| 215|0x000000008d700000, 0x000000008d800000, 0x000000008d800000|100%| E|CS|TAMS 0x000000008d700000, 0x000000008d700000| Complete 
| 216|0x000000008d800000, 0x000000008d900000, 0x000000008d900000|100%| E|CS|TAMS 0x000000008d800000, 0x000000008d800000| Complete 
| 217|0x000000008d900000, 0x000000008da00000, 0x000000008da00000|100%| E|CS|TAMS 0x000000008d900000, 0x000000008d900000| Complete 
| 218|0x000000008da00000, 0x000000008db00000, 0x000000008db00000|100%| E|CS|TAMS 0x000000008da00000, 0x000000008da00000| Complete 
| 219|0x000000008db00000, 0x000000008dc00000, 0x000000008dc00000|100%| E|CS|TAMS 0x000000008db00000, 0x000000008db00000| Complete 
| 220|0x000000008dc00000, 0x000000008dd00000, 0x000000008dd00000|100%| E|CS|TAMS 0x000000008dc00000, 0x000000008dc00000| Complete 
| 221|0x000000008dd00000, 0x000000008de00000, 0x000000008de00000|100%| E|CS|TAMS 0x000000008dd00000, 0x000000008dd00000| Complete 
| 222|0x000000008de00000, 0x000000008df00000, 0x000000008df00000|100%| E|CS|TAMS 0x000000008de00000, 0x000000008de00000| Complete 
| 223|0x000000008df00000, 0x000000008e000000, 0x000000008e000000|100%| E|CS|TAMS 0x000000008df00000, 0x000000008df00000| Complete 
| 224|0x000000008e000000, 0x000000008e100000, 0x000000008e100000|100%| E|CS|TAMS 0x000000008e000000, 0x000000008e000000| Complete 
| 225|0x000000008e100000, 0x000000008e200000, 0x000000008e200000|100%| E|CS|TAMS 0x000000008e100000, 0x000000008e100000| Complete 
| 226|0x000000008e200000, 0x000000008e300000, 0x000000008e300000|100%| E|CS|TAMS 0x000000008e200000, 0x000000008e200000| Complete 
| 227|0x000000008e300000, 0x000000008e400000, 0x000000008e400000|100%| E|CS|TAMS 0x000000008e300000, 0x000000008e300000| Complete 
| 228|0x000000008e400000, 0x000000008e500000, 0x000000008e500000|100%| E|CS|TAMS 0x000000008e400000, 0x000000008e400000| Complete 
| 229|0x000000008e500000, 0x000000008e600000, 0x000000008e600000|100%| E|CS|TAMS 0x000000008e500000, 0x000000008e500000| Complete 
| 230|0x000000008e600000, 0x000000008e700000, 0x000000008e700000|100%| E|CS|TAMS 0x000000008e600000, 0x000000008e600000| Complete 
| 231|0x000000008e700000, 0x000000008e800000, 0x000000008e800000|100%| E|CS|TAMS 0x000000008e700000, 0x000000008e700000| Complete 
| 232|0x000000008e800000, 0x000000008e900000, 0x000000008e900000|100%| E|CS|TAMS 0x000000008e800000, 0x000000008e800000| Complete 
| 233|0x000000008e900000, 0x000000008ea00000, 0x000000008ea00000|100%| E|CS|TAMS 0x000000008e900000, 0x000000008e900000| Complete 
| 234|0x000000008ea00000, 0x000000008eb00000, 0x000000008eb00000|100%| E|CS|TAMS 0x000000008ea00000, 0x000000008ea00000| Complete 
| 235|0x000000008eb00000, 0x000000008ec00000, 0x000000008ec00000|100%| E|CS|TAMS 0x000000008eb00000, 0x000000008eb00000| Complete 
| 236|0x000000008ec00000, 0x000000008ed00000, 0x000000008ed00000|100%| E|CS|TAMS 0x000000008ec00000, 0x000000008ec00000| Complete 
| 237|0x000000008ed00000, 0x000000008ee00000, 0x000000008ee00000|100%| E|CS|TAMS 0x000000008ed00000, 0x000000008ed00000| Complete 
| 238|0x000000008ee00000, 0x000000008ef00000, 0x000000008ef00000|100%| E|CS|TAMS 0x000000008ee00000, 0x000000008ee00000| Complete 
| 239|0x000000008ef00000, 0x000000008f000000, 0x000000008f000000|100%| E|CS|TAMS 0x000000008ef00000, 0x000000008ef00000| Complete 
| 240|0x000000008f000000, 0x000000008f100000, 0x000000008f100000|100%| E|CS|TAMS 0x000000008f000000, 0x000000008f000000| Complete 
| 241|0x000000008f100000, 0x000000008f200000, 0x000000008f200000|100%| E|CS|TAMS 0x000000008f100000, 0x000000008f100000| Complete 
| 242|0x000000008f200000, 0x000000008f300000, 0x000000008f300000|100%| E|CS|TAMS 0x000000008f200000, 0x000000008f200000| Complete 
| 243|0x000000008f300000, 0x000000008f400000, 0x000000008f400000|100%| E|CS|TAMS 0x000000008f300000, 0x000000008f300000| Complete 
| 244|0x000000008f400000, 0x000000008f500000, 0x000000008f500000|100%| E|CS|TAMS 0x000000008f400000, 0x000000008f400000| Complete 
| 245|0x000000008f500000, 0x000000008f600000, 0x000000008f600000|100%| E|CS|TAMS 0x000000008f500000, 0x000000008f500000| Complete 
| 246|0x000000008f600000, 0x000000008f700000, 0x000000008f700000|100%| E|CS|TAMS 0x000000008f600000, 0x000000008f600000| Complete 
| 247|0x000000008f700000, 0x000000008f800000, 0x000000008f800000|100%| E|CS|TAMS 0x000000008f700000, 0x000000008f700000| Complete 
| 248|0x000000008f800000, 0x000000008f900000, 0x000000008f900000|100%| E|CS|TAMS 0x000000008f800000, 0x000000008f800000| Complete 
| 249|0x000000008f900000, 0x000000008fa00000, 0x000000008fa00000|100%| E|CS|TAMS 0x000000008f900000, 0x000000008f900000| Complete 
| 250|0x000000008fa00000, 0x000000008fb00000, 0x000000008fb00000|100%| E|CS|TAMS 0x000000008fa00000, 0x000000008fa00000| Complete 
| 251|0x000000008fb00000, 0x000000008fc00000, 0x000000008fc00000|100%| E|CS|TAMS 0x000000008fb00000, 0x000000008fb00000| Complete 
| 252|0x000000008fc00000, 0x000000008fd00000, 0x000000008fd00000|100%| E|CS|TAMS 0x000000008fc00000, 0x000000008fc00000| Complete 
| 253|0x000000008fd00000, 0x000000008fe00000, 0x000000008fe00000|100%| E|CS|TAMS 0x000000008fd00000, 0x000000008fd00000| Complete 
| 254|0x000000008fe00000, 0x000000008ff00000, 0x000000008ff00000|100%| E|CS|TAMS 0x000000008fe00000, 0x000000008fe00000| Complete 
| 255|0x000000008ff00000, 0x0000000090000000, 0x0000000090000000|100%| E|CS|TAMS 0x000000008ff00000, 0x000000008ff00000| Complete 
| 256|0x0000000090000000, 0x0000000090100000, 0x0000000090100000|100%| E|CS|TAMS 0x0000000090000000, 0x0000000090000000| Complete 
| 257|0x0000000090100000, 0x0000000090200000, 0x0000000090200000|100%| E|CS|TAMS 0x0000000090100000, 0x0000000090100000| Complete 
| 258|0x0000000090200000, 0x0000000090300000, 0x0000000090300000|100%| E|CS|TAMS 0x0000000090200000, 0x0000000090200000| Complete 
| 259|0x0000000090300000, 0x0000000090400000, 0x0000000090400000|100%| E|CS|TAMS 0x0000000090300000, 0x0000000090300000| Complete 
| 260|0x0000000090400000, 0x0000000090500000, 0x0000000090500000|100%| E|CS|TAMS 0x0000000090400000, 0x0000000090400000| Complete 
| 261|0x0000000090500000, 0x0000000090600000, 0x0000000090600000|100%| E|CS|TAMS 0x0000000090500000, 0x0000000090500000| Complete 
| 262|0x0000000090600000, 0x0000000090700000, 0x0000000090700000|100%| E|CS|TAMS 0x0000000090600000, 0x0000000090600000| Complete 
| 263|0x0000000090700000, 0x0000000090800000, 0x0000000090800000|100%| E|CS|TAMS 0x0000000090700000, 0x0000000090700000| Complete 
| 264|0x0000000090800000, 0x0000000090900000, 0x0000000090900000|100%| E|CS|TAMS 0x0000000090800000, 0x0000000090800000| Complete 
| 265|0x0000000090900000, 0x0000000090a00000, 0x0000000090a00000|100%| E|CS|TAMS 0x0000000090900000, 0x0000000090900000| Complete 
| 266|0x0000000090a00000, 0x0000000090b00000, 0x0000000090b00000|100%| E|CS|TAMS 0x0000000090a00000, 0x0000000090a00000| Complete 
| 267|0x0000000090b00000, 0x0000000090c00000, 0x0000000090c00000|100%| E|CS|TAMS 0x0000000090b00000, 0x0000000090b00000| Complete 
| 268|0x0000000090c00000, 0x0000000090d00000, 0x0000000090d00000|100%| E|CS|TAMS 0x0000000090c00000, 0x0000000090c00000| Complete 
| 269|0x0000000090d00000, 0x0000000090e00000, 0x0000000090e00000|100%| E|CS|TAMS 0x0000000090d00000, 0x0000000090d00000| Complete 
| 270|0x0000000090e00000, 0x0000000090f00000, 0x0000000090f00000|100%| E|CS|TAMS 0x0000000090e00000, 0x0000000090e00000| Complete 
| 271|0x0000000090f00000, 0x0000000091000000, 0x0000000091000000|100%| E|CS|TAMS 0x0000000090f00000, 0x0000000090f00000| Complete 
| 272|0x0000000091000000, 0x0000000091100000, 0x0000000091100000|100%| E|CS|TAMS 0x0000000091000000, 0x0000000091000000| Complete 
| 273|0x0000000091100000, 0x00000000911b6260, 0x0000000091200000| 71%| S|CS|TAMS 0x0000000091100000, 0x0000000091100000| Complete 
| 274|0x0000000091200000, 0x0000000091300000, 0x0000000091300000|100%| S|CS|TAMS 0x0000000091200000, 0x0000000091200000| Complete 
| 275|0x0000000091300000, 0x0000000091400000, 0x0000000091400000|100%| E|CS|TAMS 0x0000000091300000, 0x0000000091300000| Complete 
| 276|0x0000000091400000, 0x0000000091500000, 0x0000000091500000|100%| E|CS|TAMS 0x0000000091400000, 0x0000000091400000| Complete 
| 277|0x0000000091500000, 0x0000000091600000, 0x0000000091600000|100%| E|CS|TAMS 0x0000000091500000, 0x0000000091500000| Complete 
| 278|0x0000000091600000, 0x0000000091700000, 0x0000000091700000|100%| E|CS|TAMS 0x0000000091600000, 0x0000000091600000| Complete 
| 279|0x0000000091700000, 0x0000000091800000, 0x0000000091800000|100%| E|CS|TAMS 0x0000000091700000, 0x0000000091700000| Complete 
| 280|0x0000000091800000, 0x0000000091900000, 0x0000000091900000|100%| E|CS|TAMS 0x0000000091800000, 0x0000000091800000| Complete 
| 281|0x0000000091900000, 0x0000000091a00000, 0x0000000091a00000|100%| E|CS|TAMS 0x0000000091900000, 0x0000000091900000| Complete 
| 282|0x0000000091a00000, 0x0000000091b00000, 0x0000000091b00000|100%| E|CS|TAMS 0x0000000091a00000, 0x0000000091a00000| Complete 
| 283|0x0000000091b00000, 0x0000000091c00000, 0x0000000091c00000|100%| E|CS|TAMS 0x0000000091b00000, 0x0000000091b00000| Complete 
| 284|0x0000000091c00000, 0x0000000091d00000, 0x0000000091d00000|100%| E|CS|TAMS 0x0000000091c00000, 0x0000000091c00000| Complete 
| 285|0x0000000091d00000, 0x0000000091e00000, 0x0000000091e00000|100%| E|CS|TAMS 0x0000000091d00000, 0x0000000091d00000| Complete 
| 286|0x0000000091e00000, 0x0000000091f00000, 0x0000000091f00000|100%| E|CS|TAMS 0x0000000091e00000, 0x0000000091e00000| Complete 
| 287|0x0000000091f00000, 0x0000000092000000, 0x0000000092000000|100%| E|CS|TAMS 0x0000000091f00000, 0x0000000091f00000| Complete 
| 288|0x0000000092000000, 0x0000000092100000, 0x0000000092100000|100%| E|CS|TAMS 0x0000000092000000, 0x0000000092000000| Complete 
| 289|0x0000000092100000, 0x0000000092200000, 0x0000000092200000|100%| E|CS|TAMS 0x0000000092100000, 0x0000000092100000| Complete 
| 290|0x0000000092200000, 0x0000000092300000, 0x0000000092300000|100%| E|CS|TAMS 0x0000000092200000, 0x0000000092200000| Complete 
| 291|0x0000000092300000, 0x0000000092400000, 0x0000000092400000|100%| E|CS|TAMS 0x0000000092300000, 0x0000000092300000| Complete 
| 292|0x0000000092400000, 0x0000000092500000, 0x0000000092500000|100%| E|CS|TAMS 0x0000000092400000, 0x0000000092400000| Complete 
| 293|0x0000000092500000, 0x0000000092600000, 0x0000000092600000|100%| E|CS|TAMS 0x0000000092500000, 0x0000000092500000| Complete 
| 294|0x0000000092600000, 0x0000000092700000, 0x0000000092700000|100%| E|CS|TAMS 0x0000000092600000, 0x0000000092600000| Complete 
| 295|0x0000000092700000, 0x0000000092800000, 0x0000000092800000|100%| E|CS|TAMS 0x0000000092700000, 0x0000000092700000| Complete 
| 296|0x0000000092800000, 0x0000000092900000, 0x0000000092900000|100%| E|CS|TAMS 0x0000000092800000, 0x0000000092800000| Complete 
| 297|0x0000000092900000, 0x0000000092a00000, 0x0000000092a00000|100%| E|CS|TAMS 0x0000000092900000, 0x0000000092900000| Complete 

Card table byte_map: [0x000002c3d2fd0000,0x000002c3d33d0000] _byte_map_base: 0x000002c3d2bd0000

Marking Bits (Prev, Next): (CMBitMap*) 0x000002c3bbd8e4e0, (CMBitMap*) 0x000002c3bbd8e520
 Prev Bits: [0x000002c3d37d0000, 0x000002c3d57d0000)
 Next Bits: [0x000002c3d57d0000, 0x000002c3d77d0000)

Polling page: 0x000002c3b9ca0000

Metaspace:

Usage:
  Non-class:     90.14 MB used.
      Class:     14.55 MB used.
       Both:    104.69 MB used.

Virtual space:
  Non-class space:      128.00 MB reserved,      90.69 MB ( 71%) committed,  2 nodes.
      Class space:        1.00 GB reserved,      15.06 MB (  1%) committed,  1 nodes.
             Both:        1.12 GB reserved,     105.75 MB (  9%) committed. 

Chunk freelists:
   Non-Class:  5.12 MB
       Class:  960.00 KB
        Both:  6.06 MB

MaxMetaspaceSize: unlimited
CompressedClassSpaceSize: 1.00 GB
Initial GC threshold: 21.00 MB
Current GC threshold: 115.94 MB
CDS: on
MetaspaceReclaimPolicy: balanced
 - commit_granule_bytes: 65536.
 - commit_granule_words: 8192.
 - virtual_space_node_default_size: 8388608.
 - enlarge_chunks_in_place: 1.
 - new_chunks_are_fully_committed: 0.
 - uncommit_free_chunks: 1.
 - use_allocation_guard: 0.
 - handle_deallocations: 1.


Internal statistics:

num_allocs_failed_limit: 6.
num_arena_births: 1772.
num_arena_deaths: 0.
num_vsnodes_births: 3.
num_vsnodes_deaths: 0.
num_space_committed: 1690.
num_space_uncommitted: 0.
num_chunks_returned_to_freelist: 6.
num_chunks_taken_from_freelist: 6566.
num_chunk_merges: 6.
num_chunk_splits: 4255.
num_chunks_enlarged: 2731.
num_inconsistent_stats: 0.

CodeHeap 'non-profiled nmethods': size=120000Kb used=6984Kb max_used=6984Kb free=113015Kb
 bounds [0x000002c3cb370000, 0x000002c3cba50000, 0x000002c3d28a0000]
CodeHeap 'profiled nmethods': size=120000Kb used=23264Kb max_used=23264Kb free=96735Kb
 bounds [0x000002c3c38a0000, 0x000002c3c4f60000, 0x000002c3cadd0000]
CodeHeap 'non-nmethods': size=5760Kb used=1776Kb max_used=1809Kb free=3983Kb
 bounds [0x000002c3cadd0000, 0x000002c3cb040000, 0x000002c3cb370000]
 total_blobs=13398 nmethods=12532 adapters=778
 compilation: enabled
              stopped_count=0, restarted_count=0
 full_count=0

Compilation events (20 events):
Event: 83.283 Thread 0x000002c3d9eda710 14467       3       com.google.common.util.concurrent.AbstractListeningExecutorService::newTaskFor (5 bytes)
Event: 83.283 Thread 0x000002c3d9eda710 nmethod 14467 0x000002c3c4f35990 code [0x000002c3c4f35b40, 0x000002c3c4f35d48]
Event: 83.283 Thread 0x000002c3d9eda710 14468       3       com.google.common.util.concurrent.TrustedListenableFutureTask::create (9 bytes)
Event: 83.283 Thread 0x000002c3d9eda710 nmethod 14468 0x000002c3c4f35e10 code [0x000002c3c4f35fc0, 0x000002c3c4f36148]
Event: 83.283 Thread 0x000002c3d9eda710 14471       3       com.google.common.util.concurrent.AbstractFuture::complete (135 bytes)
Event: 83.285 Thread 0x000002c3d9eda710 nmethod 14471 0x000002c3c4f36210 code [0x000002c3c4f364a0, 0x000002c3c4f37198]
Event: 83.287 Thread 0x000002c3d9eda710 14472       3       com.android.tools.r8.graph.i3::i1 (34 bytes)
Event: 83.288 Thread 0x000002c3d9eda710 nmethod 14472 0x000002c3c4f37590 code [0x000002c3c4f37760, 0x000002c3c4f37bb8]
Event: 83.288 Thread 0x000002c3d9eda710 14473       3       com.android.tools.r8.graph.i3::O0 (25 bytes)
Event: 83.288 Thread 0x000002c3d9eda710 nmethod 14473 0x000002c3c4f37d10 code [0x000002c3c4f37ea0, 0x000002c3c4f37fb8]
Event: 83.307 Thread 0x000002c3d9ed19c0 nmethod 14222 0x000002c3cba40990 code [0x000002c3cba40b80, 0x000002c3cba41690]
Event: 83.307 Thread 0x000002c3d9ed19c0 14462       4       sun.invoke.util.VerifyAccess::isClassAccessible (230 bytes)
Event: 83.314 Thread 0x000002c3d9eda710 14474       3       com.android.tools.r8.internal.rv::a (131 bytes)
Event: 83.315 Thread 0x000002c3d9eda710 nmethod 14474 0x000002c3c4f38090 code [0x000002c3c4f382c0, 0x000002c3c4f38b78]
Event: 83.315 Thread 0x000002c3d9eda710 14476       3       com.android.tools.r8.internal.rv::a (4509 bytes)
Event: 83.359 Thread 0x000002c3d9eda710 nmethod 14476 0x000002c3c4f38f90 code [0x000002c3c4f3a6e0, 0x000002c3c4f4ab08]
Event: 83.359 Thread 0x000002c3d9eda710 14477       3       com.android.tools.r8.internal.cw::a (23 bytes)
Event: 83.360 Thread 0x000002c3d9eda710 nmethod 14477 0x000002c3c4f55010 code [0x000002c3c4f551c0, 0x000002c3c4f55408]
Event: 83.422 Thread 0x000002c3d9eda710 14479   !   3       java.util.zip.ZipFile::getInputStream (275 bytes)
Event: 83.425 Thread 0x000002c3d9eda710 nmethod 14479 0x000002c3c4f55510 code [0x000002c3c4f55800, 0x000002c3c4f56968]

GC Heap History (20 events):
Event: 29.152 GC heap before
{Heap before GC invocations=53 (full 0):
 garbage-first heap   total 152576K, used 78064K [0x0000000080000000, 0x0000000100000000)
  region size 1024K, 7 young (7168K), 3 survivors (3072K)
 Metaspace       used 67185K, committed 68096K, reserved 1114112K
  class space    used 9347K, committed 9792K, reserved 1048576K
}
Event: 29.183 GC heap after
{Heap after GC invocations=54 (full 0):
 garbage-first heap   total 152576K, used 75143K [0x0000000080000000, 0x0000000100000000)
  region size 1024K, 1 young (1024K), 1 survivors (1024K)
 Metaspace       used 67185K, committed 68096K, reserved 1114112K
  class space    used 9347K, committed 9792K, reserved 1048576K
}
Event: 30.310 GC heap before
{Heap before GC invocations=54 (full 0):
 garbage-first heap   total 152576K, used 124295K [0x0000000080000000, 0x0000000100000000)
  region size 1024K, 44 young (45056K), 1 survivors (1024K)
 Metaspace       used 70040K, committed 70848K, reserved 1114112K
  class space    used 9730K, committed 10112K, reserved 1048576K
}
Event: 30.316 GC heap after
{Heap after GC invocations=55 (full 0):
 garbage-first heap   total 152576K, used 80324K [0x0000000080000000, 0x0000000100000000)
  region size 1024K, 5 young (5120K), 5 survivors (5120K)
 Metaspace       used 70040K, committed 70848K, reserved 1114112K
  class space    used 9730K, committed 10112K, reserved 1048576K
}
Event: 31.378 GC heap before
{Heap before GC invocations=56 (full 0):
 garbage-first heap   total 152576K, used 120260K [0x0000000080000000, 0x0000000100000000)
  region size 1024K, 44 young (45056K), 5 survivors (5120K)
 Metaspace       used 72707K, committed 73600K, reserved 1114112K
  class space    used 10066K, committed 10496K, reserved 1048576K
}
Event: 31.401 GC heap after
{Heap after GC invocations=57 (full 0):
 garbage-first heap   total 152576K, used 82374K [0x0000000080000000, 0x0000000100000000)
  region size 1024K, 2 young (2048K), 2 survivors (2048K)
 Metaspace       used 72707K, committed 73600K, reserved 1114112K
  class space    used 10066K, committed 10496K, reserved 1048576K
}
Event: 31.527 GC heap before
{Heap before GC invocations=57 (full 0):
 garbage-first heap   total 152576K, used 86470K [0x0000000080000000, 0x0000000100000000)
  region size 1024K, 7 young (7168K), 2 survivors (2048K)
 Metaspace       used 73075K, committed 73984K, reserved 1114112K
  class space    used 10098K, committed 10496K, reserved 1048576K
}
Event: 31.538 GC heap after
{Heap after GC invocations=58 (full 0):
 garbage-first heap   total 152576K, used 82982K [0x0000000080000000, 0x0000000100000000)
  region size 1024K, 1 young (1024K), 1 survivors (1024K)
 Metaspace       used 73075K, committed 73984K, reserved 1114112K
  class space    used 10098K, committed 10496K, reserved 1048576K
}
Event: 33.018 GC heap before
{Heap before GC invocations=58 (full 0):
 garbage-first heap   total 152576K, used 122918K [0x0000000080000000, 0x0000000100000000)
  region size 1024K, 40 young (40960K), 1 survivors (1024K)
 Metaspace       used 75572K, committed 76480K, reserved 1179648K
  class space    used 10407K, committed 10816K, reserved 1048576K
}
Event: 33.029 GC heap after
{Heap after GC invocations=59 (full 0):
 garbage-first heap   total 305152K, used 84595K [0x0000000080000000, 0x0000000100000000)
  region size 1024K, 3 young (3072K), 3 survivors (3072K)
 Metaspace       used 75572K, committed 76480K, reserved 1179648K
  class space    used 10407K, committed 10816K, reserved 1048576K
}
Event: 39.711 GC heap before
{Heap before GC invocations=59 (full 0):
 garbage-first heap   total 305152K, used 239219K [0x0000000080000000, 0x0000000100000000)
  region size 1024K, 154 young (157696K), 3 survivors (3072K)
 Metaspace       used 85970K, committed 86976K, reserved 1179648K
  class space    used 12039K, committed 12544K, reserved 1048576K
}
Event: 39.817 GC heap after
{Heap after GC invocations=60 (full 0):
 garbage-first heap   total 305152K, used 90718K [0x0000000080000000, 0x0000000100000000)
  region size 1024K, 9 young (9216K), 9 survivors (9216K)
 Metaspace       used 85970K, committed 86976K, reserved 1179648K
  class space    used 12039K, committed 12544K, reserved 1048576K
}
Event: 44.463 GC heap before
{Heap before GC invocations=60 (full 0):
 garbage-first heap   total 305152K, used 243294K [0x0000000080000000, 0x0000000100000000)
  region size 1024K, 159 young (162816K), 9 survivors (9216K)
 Metaspace       used 93807K, committed 94848K, reserved 1179648K
  class space    used 13019K, committed 13568K, reserved 1048576K
}
Event: 44.605 GC heap after
{Heap after GC invocations=61 (full 0):
 garbage-first heap   total 305152K, used 106607K [0x0000000080000000, 0x0000000100000000)
  region size 1024K, 20 young (20480K), 20 survivors (20480K)
 Metaspace       used 93807K, committed 94848K, reserved 1179648K
  class space    used 13019K, committed 13568K, reserved 1048576K
}
Event: 51.982 GC heap before
{Heap before GC invocations=61 (full 0):
 garbage-first heap   total 305152K, used 246895K [0x0000000080000000, 0x0000000100000000)
  region size 1024K, 152 young (155648K), 20 survivors (20480K)
 Metaspace       used 98072K, committed 99136K, reserved 1179648K
  class space    used 13501K, committed 14016K, reserved 1048576K
}
Event: 52.434 GC heap after
{Heap after GC invocations=62 (full 0):
 garbage-first heap   total 305152K, used 117203K [0x0000000080000000, 0x0000000100000000)
  region size 1024K, 11 young (11264K), 11 survivors (11264K)
 Metaspace       used 98072K, committed 99136K, reserved 1179648K
  class space    used 13501K, committed 14016K, reserved 1048576K
}
Event: 74.732 GC heap before
{Heap before GC invocations=62 (full 0):
 garbage-first heap   total 305152K, used 212435K [0x0000000080000000, 0x0000000100000000)
  region size 1024K, 105 young (107520K), 11 survivors (11264K)
 Metaspace       used 98246K, committed 99328K, reserved 1179648K
  class space    used 13513K, committed 14016K, reserved 1048576K
}
Event: 75.311 GC heap after
{Heap after GC invocations=63 (full 0):
 garbage-first heap   total 305152K, used 124280K [0x0000000080000000, 0x0000000100000000)
  region size 1024K, 7 young (7168K), 7 survivors (7168K)
 Metaspace       used 98246K, committed 99328K, reserved 1179648K
  class space    used 13513K, committed 14016K, reserved 1048576K
}
Event: 80.023 GC heap before
{Heap before GC invocations=63 (full 0):
 garbage-first heap   total 305152K, used 148856K [0x0000000080000000, 0x0000000100000000)
  region size 1024K, 30 young (30720K), 7 survivors (7168K)
 Metaspace       used 98734K, committed 99904K, reserved 1179648K
  class space    used 13585K, committed 14144K, reserved 1048576K
}
Event: 80.046 GC heap after
{Heap after GC invocations=64 (full 0):
 garbage-first heap   total 305152K, used 125656K [0x0000000080000000, 0x0000000100000000)
  region size 1024K, 2 young (2048K), 2 survivors (2048K)
 Metaspace       used 98734K, committed 99904K, reserved 1179648K
  class space    used 13585K, committed 14144K, reserved 1048576K
}

Dll operation events (15 events):
Event: 0.034 Loaded shared library C:\Users\welcome\.gradle\jdks\eclipse_adoptium-17-amd64-windows.2\bin\java.dll
Event: 0.092 Loaded shared library C:\Users\welcome\.gradle\jdks\eclipse_adoptium-17-amd64-windows.2\bin\jsvml.dll
Event: 0.267 Loaded shared library C:\Users\welcome\.gradle\jdks\eclipse_adoptium-17-amd64-windows.2\bin\zip.dll
Event: 0.275 Loaded shared library C:\Users\welcome\.gradle\jdks\eclipse_adoptium-17-amd64-windows.2\bin\instrument.dll
Event: 0.290 Loaded shared library C:\Users\welcome\.gradle\jdks\eclipse_adoptium-17-amd64-windows.2\bin\net.dll
Event: 0.294 Loaded shared library C:\Users\welcome\.gradle\jdks\eclipse_adoptium-17-amd64-windows.2\bin\nio.dll
Event: 0.299 Loaded shared library C:\Users\welcome\.gradle\jdks\eclipse_adoptium-17-amd64-windows.2\bin\zip.dll
Event: 1.275 Loaded shared library C:\Users\welcome\.gradle\jdks\eclipse_adoptium-17-amd64-windows.2\bin\jimage.dll
Event: 1.885 Loaded shared library C:\Users\welcome\.gradle\jdks\eclipse_adoptium-17-amd64-windows.2\bin\verify.dll
Event: 1.982 Loaded shared library C:\Users\welcome\.gradle\native\660c5614fbf4a5f2a75b1949f50a0caf5cd603558e7d8a26e50b933a0cfb79d1\windows-amd64\native-platform.dll
Event: 2.030 Loaded shared library C:\Users\welcome\.gradle\native\0.2.8\x86_64-windows-gnu\gradle-fileevents.dll
Event: 5.948 Loaded shared library C:\Users\welcome\.gradle\jdks\eclipse_adoptium-17-amd64-windows.2\bin\management.dll
Event: 5.956 Loaded shared library C:\Users\welcome\.gradle\jdks\eclipse_adoptium-17-amd64-windows.2\bin\management_ext.dll
Event: 6.325 Loaded shared library C:\Users\welcome\.gradle\jdks\eclipse_adoptium-17-amd64-windows.2\bin\extnet.dll
Event: 6.725 Loaded shared library C:\Users\welcome\.gradle\jdks\eclipse_adoptium-17-amd64-windows.2\bin\sunmscapi.dll

Deoptimization events (20 events):
Event: 81.996 Thread 0x000002c423d20b30 Uncommon trap: trap_request=0xffffff45 fr.pc=0x000002c3cb619124 relative=0x0000000000000364
Event: 81.996 Thread 0x000002c423d20b30 Uncommon trap: reason=unstable_if action=reinterpret pc=0x000002c3cb619124 method=java.util.WeakHashMap.remove(Ljava/lang/Object;)Ljava/lang/Object; @ 92 c2
Event: 81.996 Thread 0x000002c423d20b30 DEOPT PACKING pc=0x000002c3cb619124 sp=0x000000f223df83e0
Event: 81.996 Thread 0x000002c423d20b30 DEOPT UNPACKING pc=0x000002c3cae2a1a3 sp=0x000000f223df8390 mode 2
Event: 82.375 Thread 0x000002c423d1d380 DEOPT PACKING pc=0x000002c3c4ebeb2d sp=0x000000f22dafcd20
Event: 82.375 Thread 0x000002c423d1d380 DEOPT UNPACKING pc=0x000002c3cae2ace3 sp=0x000000f22dafc210 mode 0
Event: 82.943 Thread 0x000002c423d21f70 Uncommon trap: trap_request=0xffffff45 fr.pc=0x000002c3cb71dddc relative=0x000000000000131c
Event: 82.943 Thread 0x000002c423d21f70 Uncommon trap: reason=unstable_if action=reinterpret pc=0x000002c3cb71dddc method=java.util.concurrent.ConcurrentHashMap.transfer([Ljava/util/concurrent/ConcurrentHashMap$Node;[Ljava/util/concurrent/ConcurrentHashMap$Node;)V @ 172 c2
Event: 82.943 Thread 0x000002c423d21f70 DEOPT PACKING pc=0x000002c3cb71dddc sp=0x000000f22d9fc1c0
Event: 82.943 Thread 0x000002c423d21f70 DEOPT UNPACKING pc=0x000002c3cae2a1a3 sp=0x000000f22d9fc168 mode 2
Event: 82.975 Thread 0x000002c423d21f70 Uncommon trap: trap_request=0xffffff45 fr.pc=0x000002c3cb43ae84 relative=0x00000000000011a4
Event: 82.975 Thread 0x000002c423d21f70 Uncommon trap: reason=unstable_if action=reinterpret pc=0x000002c3cb43ae84 method=java.util.concurrent.ConcurrentHashMap.transfer([Ljava/util/concurrent/ConcurrentHashMap$Node;[Ljava/util/concurrent/ConcurrentHashMap$Node;)V @ 273 c2
Event: 82.975 Thread 0x000002c423d21f70 DEOPT PACKING pc=0x000002c3cb43ae84 sp=0x000000f22d9fc1f0
Event: 82.975 Thread 0x000002c423d21f70 DEOPT UNPACKING pc=0x000002c3cae2a1a3 sp=0x000000f22d9fc160 mode 2
Event: 83.314 Thread 0x000002c423d21040 DEOPT PACKING pc=0x000002c3c4ec18d8 sp=0x000000f22dcfcc70
Event: 83.314 Thread 0x000002c423d21040 DEOPT UNPACKING pc=0x000002c3cae2ace3 sp=0x000000f22dcfc150 mode 0
Event: 83.390 Thread 0x000002c423d21550 Uncommon trap: trap_request=0xffffff45 fr.pc=0x000002c3cb4c3b74 relative=0x0000000000003b14
Event: 83.390 Thread 0x000002c423d21550 Uncommon trap: reason=unstable_if action=reinterpret pc=0x000002c3cb4c3b74 method=java.util.zip.ZipFile$Source.getEntryPos(Ljava/lang/String;Z)I @ 113 c2
Event: 83.390 Thread 0x000002c423d21550 DEOPT PACKING pc=0x000002c3cb4c3b74 sp=0x000000f22dbf8810
Event: 83.390 Thread 0x000002c423d21550 DEOPT UNPACKING pc=0x000002c3cae2a1a3 sp=0x000000f22dbf8728 mode 2

Classes loaded (20 events):
Event: 79.957 Loading class java/util/zip/ZipOutputStream
Event: 79.962 Loading class java/util/zip/ZipOutputStream done
Event: 80.399 Loading class sun/nio/fs/Globs
Event: 80.402 Loading class sun/nio/fs/Globs done
Event: 80.404 Loading class java/util/regex/Pattern$SliceU
Event: 80.406 Loading class java/util/regex/Pattern$SliceU done
Event: 80.406 Loading class sun/nio/fs/WindowsFileSystem$2
Event: 80.407 Loading class sun/nio/fs/WindowsFileSystem$2 done
Event: 80.415 Loading class java/nio/file/FileTreeIterator
Event: 80.415 Loading class java/nio/file/FileTreeIterator done
Event: 80.506 Loading class java/util/zip/ZipInputStream
Event: 80.507 Loading class java/util/zip/ZipInputStream done
Event: 80.547 Loading class java/nio/file/DirectoryNotEmptyException
Event: 80.549 Loading class java/nio/file/DirectoryNotEmptyException done
Event: 80.761 Loading class java/io/UTFDataFormatException
Event: 80.762 Loading class java/io/UTFDataFormatException done
Event: 81.250 Loading class java/util/concurrent/RejectedExecutionException
Event: 81.251 Loading class java/util/concurrent/RejectedExecutionException done
Event: 81.363 Loading class java/util/function/BooleanSupplier
Event: 81.364 Loading class java/util/function/BooleanSupplier done

Classes unloaded (0 events):
No events

Classes redefined (0 events):
No events

Internal exceptions (20 events):
Event: 81.627 Thread 0x000002c423d21f70 Exception <a 'java/lang/IncompatibleClassChangeError'{0x000000008ed4c388}: Found class java.lang.Object, but interface was expected> (0x000000008ed4c388) 
thrown [s\src\hotspot\share\interpreter\linkResolver.cpp, line 826]
Event: 81.880 Thread 0x000002c423d21550 Exception <a 'java/lang/IncompatibleClassChangeError'{0x000000008eb65fe0}: Found class java.lang.Object, but interface was expected> (0x000000008eb65fe0) 
thrown [s\src\hotspot\share\interpreter\linkResolver.cpp, line 826]
Event: 81.880 Thread 0x000002c423d1d380 Exception <a 'java/lang/IncompatibleClassChangeError'{0x000000008ecd7db0}: Found class java.lang.Object, but interface was expected> (0x000000008ecd7db0) 
thrown [s\src\hotspot\share\interpreter\linkResolver.cpp, line 826]
Event: 81.880 Thread 0x000002c423d1f6f0 Exception <a 'java/lang/IncompatibleClassChangeError'{0x000000008ebd6aa0}: Found class java.lang.Object, but interface was expected> (0x000000008ebd6aa0) 
thrown [s\src\hotspot\share\interpreter\linkResolver.cpp, line 826]
Event: 81.880 Thread 0x000002c423d20b30 Exception <a 'java/lang/IncompatibleClassChangeError'{0x000000008eafd580}: Found class java.lang.Object, but interface was expected> (0x000000008eafd580) 
thrown [s\src\hotspot\share\interpreter\linkResolver.cpp, line 826]
Event: 81.881 Thread 0x000002c423d1dda0 Exception <a 'java/lang/IncompatibleClassChangeError'{0x000000008ecbc010}: Found class java.lang.Object, but interface was expected> (0x000000008ecbc010) 
thrown [s\src\hotspot\share\interpreter\linkResolver.cpp, line 826]
Event: 83.261 Thread 0x000002c423d20b30 Exception <a 'java/lang/IncompatibleClassChangeError'{0x000000008bc35ca0}: Found class java.lang.Object, but interface was expected> (0x000000008bc35ca0) 
thrown [s\src\hotspot\share\interpreter\linkResolver.cpp, line 826]
Event: 83.261 Thread 0x000002c423d1dda0 Exception <a 'java/lang/IncompatibleClassChangeError'{0x000000008bdd5528}: Found class java.lang.Object, but interface was expected> (0x000000008bdd5528) 
thrown [s\src\hotspot\share\interpreter\linkResolver.cpp, line 826]
Event: 83.261 Thread 0x000002c423d21550 Exception <a 'java/lang/IncompatibleClassChangeError'{0x000000008bde0268}: Found class java.lang.Object, but interface was expected> (0x000000008bde0268) 
thrown [s\src\hotspot\share\interpreter\linkResolver.cpp, line 826]
Event: 83.261 Thread 0x000002c423d1f6f0 Exception <a 'java/lang/IncompatibleClassChangeError'{0x000000008bc26d40}: Found class java.lang.Object, but interface was expected> (0x000000008bc26d40) 
thrown [s\src\hotspot\share\interpreter\linkResolver.cpp, line 826]
Event: 83.261 Thread 0x000002c423d1c450 Exception <a 'java/lang/IncompatibleClassChangeError'{0x000000008bdc71a0}: Found class java.lang.Object, but interface was expected> (0x000000008bdc71a0) 
thrown [s\src\hotspot\share\interpreter\linkResolver.cpp, line 826]
Event: 83.261 Thread 0x000002c423d21040 Exception <a 'java/lang/IncompatibleClassChangeError'{0x000000008bc47520}: Found class java.lang.Object, but interface was expected> (0x000000008bc47520) 
thrown [s\src\hotspot\share\interpreter\linkResolver.cpp, line 826]
Event: 83.264 Thread 0x000002c423d20b30 Exception <a 'java/lang/NoSuchMethodError'{0x000000008bc3ef58}: 'void java.lang.invoke.DirectMethodHandle$Holder.invokeInterface(java.lang.Object, java.lang.Object, java.lang.Object, int)'> (0x000000008bc3ef58) 
thrown [s\src\hotspot\share\interpreter\linkResolver.cpp, line 759]
Event: 83.264 Thread 0x000002c423d1d380 Exception <a 'java/lang/NoSuchMethodError'{0x000000008bdf10f0}: 'void java.lang.invoke.DirectMethodHandle$Holder.invokeInterface(java.lang.Object, java.lang.Object, java.lang.Object, int)'> (0x000000008bdf10f0) 
thrown [s\src\hotspot\share\interpreter\linkResolver.cpp, line 759]
Event: 83.264 Thread 0x000002c423d21040 Exception <a 'java/lang/NoSuchMethodError'{0x000000008bc4b530}: 'void java.lang.invoke.DirectMethodHandle$Holder.invokeInterface(java.lang.Object, java.lang.Object, java.lang.Object, int)'> (0x000000008bc4b530) 
thrown [s\src\hotspot\share\interpreter\linkResolver.cpp, line 759]
Event: 83.264 Thread 0x000002c423d1c450 Exception <a 'java/lang/NoSuchMethodError'{0x000000008bdcb1b0}: 'void java.lang.invoke.DirectMethodHandle$Holder.invokeInterface(java.lang.Object, java.lang.Object, java.lang.Object, int)'> (0x000000008bdcb1b0) 
thrown [s\src\hotspot\share\interpreter\linkResolver.cpp, line 759]
Event: 83.264 Thread 0x000002c423d1f6f0 Exception <a 'java/lang/NoSuchMethodError'{0x000000008bc2ad50}: 'void java.lang.invoke.DirectMethodHandle$Holder.invokeInterface(java.lang.Object, java.lang.Object, java.lang.Object, int)'> (0x000000008bc2ad50) 
thrown [s\src\hotspot\share\interpreter\linkResolver.cpp, line 759]
Event: 83.264 Thread 0x000002c423d1dda0 Exception <a 'java/lang/NoSuchMethodError'{0x000000008bdd9538}: 'void java.lang.invoke.DirectMethodHandle$Holder.invokeInterface(java.lang.Object, java.lang.Object, java.lang.Object, int)'> (0x000000008bdd9538) 
thrown [s\src\hotspot\share\interpreter\linkResolver.cpp, line 759]
Event: 83.265 Thread 0x000002c423d21f70 Exception <a 'java/lang/NoSuchMethodError'{0x000000008bdb9678}: 'void java.lang.invoke.DirectMethodHandle$Holder.invokeInterface(java.lang.Object, java.lang.Object, java.lang.Object, int)'> (0x000000008bdb9678) 
thrown [s\src\hotspot\share\interpreter\linkResolver.cpp, line 759]
Event: 83.265 Thread 0x000002c423d21550 Exception <a 'java/lang/NoSuchMethodError'{0x000000008bde4278}: 'void java.lang.invoke.DirectMethodHandle$Holder.invokeInterface(java.lang.Object, java.lang.Object, java.lang.Object, int)'> (0x000000008bde4278) 
thrown [s\src\hotspot\share\interpreter\linkResolver.cpp, line 759]

VM Operations (20 events):
Event: 77.330 Executing VM operation: Cleanup
Event: 77.341 Executing VM operation: Cleanup done
Event: 78.345 Executing VM operation: Cleanup
Event: 78.346 Executing VM operation: Cleanup done
Event: 79.346 Executing VM operation: Cleanup
Event: 79.358 Executing VM operation: Cleanup done
Event: 80.023 Executing VM operation: G1CollectForAllocation
Event: 80.046 Executing VM operation: G1CollectForAllocation done
Event: 81.060 Executing VM operation: Cleanup
Event: 81.066 Executing VM operation: Cleanup done
Event: 81.789 Executing VM operation: HandshakeAllThreads
Event: 81.790 Executing VM operation: HandshakeAllThreads done
Event: 82.790 Executing VM operation: Cleanup
Event: 82.791 Executing VM operation: Cleanup done
Event: 83.311 Executing VM operation: HandshakeAllThreads
Event: 83.312 Executing VM operation: HandshakeAllThreads done
Event: 83.312 Executing VM operation: HandshakeAllThreads
Event: 83.313 Executing VM operation: HandshakeAllThreads done
Event: 83.448 Executing VM operation: HandshakeAllThreads
Event: 83.449 Executing VM operation: HandshakeAllThreads done

Memory protections (0 events):
No events

Nmethod flushes (20 events):
Event: 40.866 Thread 0x000002c3d9edac30 flushing  nmethod 0x000002c3c48ad990
Event: 40.866 Thread 0x000002c3d9edac30 flushing  nmethod 0x000002c3c48b1910
Event: 40.866 Thread 0x000002c3d9edac30 flushing  nmethod 0x000002c3c48e1a90
Event: 40.866 Thread 0x000002c3d9edac30 flushing  nmethod 0x000002c3c48e2090
Event: 40.866 Thread 0x000002c3d9edac30 flushing  nmethod 0x000002c3c48e2f90
Event: 40.866 Thread 0x000002c3d9edac30 flushing  nmethod 0x000002c3c48f5b10
Event: 40.866 Thread 0x000002c3d9edac30 flushing  nmethod 0x000002c3c4902610
Event: 40.866 Thread 0x000002c3d9edac30 flushing  nmethod 0x000002c3c4904490
Event: 40.867 Thread 0x000002c3d9edac30 flushing  nmethod 0x000002c3c4958410
Event: 40.867 Thread 0x000002c3d9edac30 flushing  nmethod 0x000002c3c4958810
Event: 40.867 Thread 0x000002c3d9edac30 flushing  nmethod 0x000002c3c4977710
Event: 40.867 Thread 0x000002c3d9edac30 flushing  nmethod 0x000002c3c4978890
Event: 40.868 Thread 0x000002c3d9edac30 flushing  nmethod 0x000002c3c4a48e10
Event: 40.868 Thread 0x000002c3d9edac30 flushing  nmethod 0x000002c3c4a6cd90
Event: 52.561 Thread 0x000002c3d9edac30 flushing  nmethod 0x000002c3c38c4d10
Event: 52.575 Thread 0x000002c3d9edac30 flushing  nmethod 0x000002c3c3a79110
Event: 52.577 Thread 0x000002c3d9edac30 flushing  nmethod 0x000002c3c3a88410
Event: 52.608 Thread 0x000002c3d9edac30 flushing  nmethod 0x000002c3c3deb810
Event: 52.613 Thread 0x000002c3d9edac30 flushing  nmethod 0x000002c3c3eac210
Event: 83.433 Thread 0x000002c3d9edac30 flushing  nmethod 0x000002c3c3a2e590

Events (20 events):
Event: 51.631 Thread 0x000002c4219537a0 Thread added: 0x000002c423d1ba30
Event: 51.631 Thread 0x000002c4219537a0 Thread added: 0x000002c423d1c960
Event: 51.632 Thread 0x000002c4219537a0 Thread added: 0x000002c423d1b520
Event: 51.633 Thread 0x000002c4219537a0 Thread added: 0x000002c423d1bf40
Event: 51.633 Thread 0x000002c4219537a0 Thread added: 0x000002c423d1e7c0
Event: 51.884 Thread 0x000002c4219588a0 Thread added: 0x000002c423d20620
Event: 51.885 Thread 0x000002c4219588a0 Thread added: 0x000002c423d1fc00
Event: 51.886 Thread 0x000002c4219588a0 Thread added: 0x000002c423d1ecd0
Event: 51.887 Thread 0x000002c4219588a0 Thread added: 0x000002c423d20110
Event: 51.888 Thread 0x000002c4219588a0 Thread added: 0x000002c423d1f1e0
Event: 80.253 Thread 0x000002c421956020 Thread added: 0x000002c423d1f6f0
Event: 80.257 Thread 0x000002c421956020 Thread added: 0x000002c423d1c450
Event: 80.258 Thread 0x000002c421956020 Thread added: 0x000002c423d20b30
Event: 80.260 Thread 0x000002c421956020 Thread added: 0x000002c423d1dda0
Event: 80.280 Thread 0x000002c421956020 Thread added: 0x000002c423d21f70
Event: 80.283 Thread 0x000002c421956020 Thread added: 0x000002c423d1d380
Event: 80.285 Thread 0x000002c421956020 Thread added: 0x000002c423d21550
Event: 80.287 Thread 0x000002c421956020 Thread added: 0x000002c423d21040
Event: 80.305 Thread 0x000002c421956020 Thread added: 0x000002c423d22480
Event: 82.739 Thread 0x000002c423d22480 Thread exited: 0x000002c423d22480


Dynamic libraries:
0x00007ff72c7a0000 - 0x00007ff72c7ae000 	C:\Users\welcome\.gradle\jdks\eclipse_adoptium-17-amd64-windows.2\bin\java.exe
0x00007ffd5ed30000 - 0x00007ffd5ef28000 	C:\Windows\SYSTEM32\ntdll.dll
0x00007ffd5d0a0000 - 0x00007ffd5d162000 	C:\Windows\System32\KERNEL32.DLL
0x00007ffd5c6b0000 - 0x00007ffd5c9a7000 	C:\Windows\System32\KERNELBASE.dll
0x00007ffd5c9b0000 - 0x00007ffd5cab0000 	C:\Windows\System32\ucrtbase.dll
0x00007ffd55030000 - 0x00007ffd55048000 	C:\Users\welcome\.gradle\jdks\eclipse_adoptium-17-amd64-windows.2\bin\jli.dll
0x00007ffd4b550000 - 0x00007ffd4b56e000 	C:\Users\welcome\.gradle\jdks\eclipse_adoptium-17-amd64-windows.2\bin\VCRUNTIME140.dll
0x00007ffd5e140000 - 0x00007ffd5e2dd000 	C:\Windows\System32\USER32.dll
0x00007ffd5cd10000 - 0x00007ffd5cd32000 	C:\Windows\System32\win32u.dll
0x00007ffd5ec30000 - 0x00007ffd5ec5b000 	C:\Windows\System32\GDI32.dll
0x00007ffd5c450000 - 0x00007ffd5c569000 	C:\Windows\System32\gdi32full.dll
0x00007ffd5c3b0000 - 0x00007ffd5c44d000 	C:\Windows\System32\msvcp_win.dll
0x00007ffd5b750000 - 0x00007ffd5b9eb000 	C:\Windows\WinSxS\amd64_microsoft.windows.common-controls_6595b64144ccf1df_6.0.19041.6926_none_60b5a53971f8f7e6\COMCTL32.dll
0x00007ffd5eb90000 - 0x00007ffd5ec2e000 	C:\Windows\System32\msvcrt.dll
0x00007ffd5ecc0000 - 0x00007ffd5ecef000 	C:\Windows\System32\IMM32.DLL
0x00007ffd55020000 - 0x00007ffd5502c000 	C:\Users\welcome\.gradle\jdks\eclipse_adoptium-17-amd64-windows.2\bin\vcruntime140_1.dll
0x00007ffd36520000 - 0x00007ffd365ad000 	C:\Users\welcome\.gradle\jdks\eclipse_adoptium-17-amd64-windows.2\bin\msvcp140.dll
0x00007ffcc4b90000 - 0x00007ffcc57fb000 	C:\Users\welcome\.gradle\jdks\eclipse_adoptium-17-amd64-windows.2\bin\server\jvm.dll
0x00007ffd5e2e0000 - 0x00007ffd5e391000 	C:\Windows\System32\ADVAPI32.dll
0x00007ffd5e9d0000 - 0x00007ffd5ea6f000 	C:\Windows\System32\sechost.dll
0x00007ffd5cf70000 - 0x00007ffd5d096000 	C:\Windows\System32\RPCRT4.dll
0x00007ffd5cb80000 - 0x00007ffd5cba7000 	C:\Windows\System32\bcrypt.dll
0x00007ffd5ea70000 - 0x00007ffd5eadb000 	C:\Windows\System32\WS2_32.dll
0x00007ffd5bfa0000 - 0x00007ffd5bfeb000 	C:\Windows\SYSTEM32\POWRPROF.dll
0x00007ffd426e0000 - 0x00007ffd42707000 	C:\Windows\SYSTEM32\WINMM.dll
0x00007ffd52750000 - 0x00007ffd5275a000 	C:\Windows\SYSTEM32\VERSION.dll
0x00007ffd5bae0000 - 0x00007ffd5baf2000 	C:\Windows\SYSTEM32\UMPDC.dll
0x00007ffd5a530000 - 0x00007ffd5a542000 	C:\Windows\SYSTEM32\kernel.appcore.dll
0x00007ffd3e2f0000 - 0x00007ffd3e2fa000 	C:\Users\welcome\.gradle\jdks\eclipse_adoptium-17-amd64-windows.2\bin\jimage.dll
0x00007ffd5bd10000 - 0x00007ffd5bf11000 	C:\Windows\SYSTEM32\DBGHELP.DLL
0x00007ffd5bb20000 - 0x00007ffd5bb54000 	C:\Windows\SYSTEM32\dbgcore.DLL
0x00007ffd5c620000 - 0x00007ffd5c6a2000 	C:\Windows\System32\bcryptPrimitives.dll
0x00007ffd3e2e0000 - 0x00007ffd3e2ee000 	C:\Users\welcome\.gradle\jdks\eclipse_adoptium-17-amd64-windows.2\bin\instrument.dll
0x00007ffd3e0b0000 - 0x00007ffd3e0d5000 	C:\Users\welcome\.gradle\jdks\eclipse_adoptium-17-amd64-windows.2\bin\java.dll
0x00007ffd21250000 - 0x00007ffd21327000 	C:\Users\welcome\.gradle\jdks\eclipse_adoptium-17-amd64-windows.2\bin\jsvml.dll
0x00007ffd5d190000 - 0x00007ffd5d902000 	C:\Windows\System32\SHELL32.dll
0x00007ffd59d70000 - 0x00007ffd5a516000 	C:\Windows\SYSTEM32\windows.storage.dll
0x00007ffd5e400000 - 0x00007ffd5e753000 	C:\Windows\System32\combase.dll
0x00007ffd5b6b0000 - 0x00007ffd5b6db000 	C:\Windows\SYSTEM32\Wldp.dll
0x00007ffd5e010000 - 0x00007ffd5e0dd000 	C:\Windows\System32\OLEAUT32.dll
0x00007ffd5eae0000 - 0x00007ffd5eb8d000 	C:\Windows\System32\SHCORE.dll
0x00007ffd5e0e0000 - 0x00007ffd5e13b000 	C:\Windows\System32\shlwapi.dll
0x00007ffd5c2e0000 - 0x00007ffd5c304000 	C:\Windows\SYSTEM32\profapi.dll
0x00007ffd3e050000 - 0x00007ffd3e068000 	C:\Users\welcome\.gradle\jdks\eclipse_adoptium-17-amd64-windows.2\bin\zip.dll
0x00007ffd3dd70000 - 0x00007ffd3dd8a000 	C:\Users\welcome\.gradle\jdks\eclipse_adoptium-17-amd64-windows.2\bin\net.dll
0x00007ffd55550000 - 0x00007ffd5565a000 	C:\Windows\SYSTEM32\WINHTTP.dll
0x00007ffd5b580000 - 0x00007ffd5b5ea000 	C:\Windows\system32\mswsock.dll
0x00007ffd3a4c0000 - 0x00007ffd3a4d6000 	C:\Users\welcome\.gradle\jdks\eclipse_adoptium-17-amd64-windows.2\bin\nio.dll
0x00007ffd3dd60000 - 0x00007ffd3dd70000 	C:\Users\welcome\.gradle\jdks\eclipse_adoptium-17-amd64-windows.2\bin\verify.dll
0x00007ffd1de00000 - 0x00007ffd1de27000 	C:\Users\welcome\.gradle\native\660c5614fbf4a5f2a75b1949f50a0caf5cd603558e7d8a26e50b933a0cfb79d1\windows-amd64\native-platform.dll
0x00007ffd259a0000 - 0x00007ffd25a17000 	C:\Users\welcome\.gradle\native\0.2.8\x86_64-windows-gnu\gradle-fileevents.dll
0x00007ffd3dc80000 - 0x00007ffd3dc8a000 	C:\Users\welcome\.gradle\jdks\eclipse_adoptium-17-amd64-windows.2\bin\management.dll
0x00007ffd3c690000 - 0x00007ffd3c69c000 	C:\Users\welcome\.gradle\jdks\eclipse_adoptium-17-amd64-windows.2\bin\management_ext.dll
0x00007ffd5cf50000 - 0x00007ffd5cf58000 	C:\Windows\System32\PSAPI.DLL
0x00007ffd5b0f0000 - 0x00007ffd5b12b000 	C:\Windows\SYSTEM32\IPHLPAPI.DLL
0x00007ffd5e890000 - 0x00007ffd5e898000 	C:\Windows\System32\NSI.dll
0x00007ffd527d0000 - 0x00007ffd527e7000 	C:\Windows\SYSTEM32\dhcpcsvc6.DLL
0x00007ffd52790000 - 0x00007ffd527ad000 	C:\Windows\SYSTEM32\dhcpcsvc.DLL
0x00007ffd5b130000 - 0x00007ffd5b1fa000 	C:\Windows\SYSTEM32\DNSAPI.dll
0x00007ffd3a4b0000 - 0x00007ffd3a4b9000 	C:\Users\welcome\.gradle\jdks\eclipse_adoptium-17-amd64-windows.2\bin\extnet.dll
0x00007ffd5c120000 - 0x00007ffd5c138000 	C:\Windows\SYSTEM32\CRYPTSP.dll
0x00007ffd5ad90000 - 0x00007ffd5adc8000 	C:\Windows\system32\rsaenh.dll
0x00007ffd5c2a0000 - 0x00007ffd5c2ce000 	C:\Windows\SYSTEM32\USERENV.dll
0x00007ffd5b670000 - 0x00007ffd5b67c000 	C:\Windows\SYSTEM32\CRYPTBASE.dll
0x00007ffd3a480000 - 0x00007ffd3a48e000 	C:\Users\welcome\.gradle\jdks\eclipse_adoptium-17-amd64-windows.2\bin\sunmscapi.dll
0x00007ffd5cbb0000 - 0x00007ffd5cd0d000 	C:\Windows\System32\CRYPT32.dll
0x00007ffd5b720000 - 0x00007ffd5b747000 	C:\Windows\SYSTEM32\ncrypt.dll
0x00007ffd5b6e0000 - 0x00007ffd5b71b000 	C:\Windows\SYSTEM32\NTASN1.dll
0x00007ffd4c920000 - 0x00007ffd4c927000 	C:\Windows\system32\wshunix.dll

dbghelp: loaded successfully - version: 4.0.5 - missing functions: none
symbol engine: initialized successfully - sym options: 0x614 - pdb path: .;C:\Users\welcome\.gradle\jdks\eclipse_adoptium-17-amd64-windows.2\bin;C:\Windows\SYSTEM32;C:\Windows\WinSxS\amd64_microsoft.windows.common-controls_6595b64144ccf1df_6.0.19041.6926_none_60b5a53971f8f7e6;C:\Users\welcome\.gradle\jdks\eclipse_adoptium-17-amd64-windows.2\bin\server;C:\Users\welcome\.gradle\native\660c5614fbf4a5f2a75b1949f50a0caf5cd603558e7d8a26e50b933a0cfb79d1\windows-amd64;C:\Users\welcome\.gradle\native\0.2.8\x86_64-windows-gnu

VM Arguments:
jvm_args: --add-opens=java.base/java.lang=ALL-UNNAMED --add-opens=java.base/java.lang.invoke=ALL-UNNAMED --add-opens=java.base/java.util=ALL-UNNAMED --add-opens=java.prefs/java.util.prefs=ALL-UNNAMED --add-exports=jdk.compiler/com.sun.tools.javac.api=ALL-UNNAMED --add-exports=jdk.compiler/com.sun.tools.javac.util=ALL-UNNAMED --add-opens=java.base/java.util=ALL-UNNAMED --add-opens=java.prefs/java.util.prefs=ALL-UNNAMED --add-opens=java.base/java.nio.charset=ALL-UNNAMED --add-opens=java.base/java.net=ALL-UNNAMED --add-opens=java.base/java.util.concurrent=ALL-UNNAMED --add-opens=java.base/java.util.concurrent.atomic=ALL-UNNAMED --add-opens=java.xml/javax.xml.namespace=ALL-UNNAMED --add-opens=java.base/java.time=ALL-UNNAMED -Xmx2048m -Dfile.encoding=UTF-8 -Duser.country=IN -Duser.language=en -Duser.variant -javaagent:C:\Users\welcome\.gradle\wrapper\dists\gradle-9.3.1-bin\23ovyewtku6u96viwx3xl3oks\gradle-9.3.1\lib\agents\gradle-instrumentation-agent-9.3.1.jar 
java_command: org.gradle.launcher.daemon.bootstrap.GradleDaemon 9.3.1
java_class_path (initial): C:\Users\welcome\.gradle\wrapper\dists\gradle-9.3.1-bin\23ovyewtku6u96viwx3xl3oks\gradle-9.3.1\lib\gradle-daemon-main-9.3.1.jar
Launcher Type: SUN_STANDARD

[Global flags]
     intx CICompilerCount                          = 4                                         {product} {ergonomic}
     uint ConcGCThreads                            = 2                                         {product} {ergonomic}
     uint G1ConcRefinementThreads                  = 8                                         {product} {ergonomic}
   size_t G1HeapRegionSize                         = 1048576                                   {product} {ergonomic}
    uintx GCDrainStackTargetSize                   = 64                                        {product} {ergonomic}
   size_t InitialHeapSize                          = 62914560                                  {product} {ergonomic}
   size_t MarkStackSize                            = 4194304                                   {product} {ergonomic}
   size_t MaxHeapSize                              = 2147483648                                {product} {command line}
   size_t MaxNewSize                               = 1287651328                                {product} {ergonomic}
   size_t MinHeapDeltaBytes                        = 1048576                                   {product} {ergonomic}
   size_t MinHeapSize                              = 8388608                                   {product} {ergonomic}
    uintx NonNMethodCodeHeapSize                   = 5839372                                {pd product} {ergonomic}
    uintx NonProfiledCodeHeapSize                  = 122909434                              {pd product} {ergonomic}
    uintx ProfiledCodeHeapSize                     = 122909434                              {pd product} {ergonomic}
    uintx ReservedCodeCacheSize                    = 251658240                              {pd product} {ergonomic}
     bool SegmentedCodeCache                       = true                                      {product} {ergonomic}
   size_t SoftMaxHeapSize                          = 2147483648                             {manageable} {ergonomic}
     bool UseCompressedClassPointers               = true                           {product lp64_product} {ergonomic}
     bool UseCompressedOops                        = true                           {product lp64_product} {ergonomic}
     bool UseG1GC                                  = true                                      {product} {ergonomic}
     bool UseLargePagesIndividualAllocation        = false                                  {pd product} {ergonomic}

Logging:
Log output configuration:
 #0: stdout all=warning uptime,level,tags
 #1: stderr all=off uptime,level,tags

Environment Variables:
PATH=C:\Windows\system32;C:\Windows;C:\Windows\System32\Wbem;C:\Windows\System32\WindowsPowerShell\v1.0\;C:\Windows\System32\OpenSSH\;C:\Program Files\Git\cmd;C:\Program Files\nodejs\;C:\Users\welcome\AppData\Local\Microsoft\WindowsApps;C:\Users\welcome\AppData\Local\Programs\Antigravity\bin;C:\Users\welcome\AppData\Local\Programs\cursor\resources\app\bin;C:\Users\welcome\AppData\Local\Programs\Microsoft VS Code\bin;C:\Users\welcome\AppData\Roaming\npm
USERNAME=welcome
OS=Windows_NT
PROCESSOR_IDENTIFIER=Intel64 Family 6 Model 140 Stepping 2, GenuineIntel
TMP=C:\Users\welcome\AppData\Local\Temp
TEMP=C:\Users\welcome\AppData\Local\Temp



Periodic native trim disabled


---------------  S Y S T E M  ---------------

OS:
 Windows 10 , 64 bit Build 19041 (10.0.19041.6807)
OS uptime: 1 days 1:45 hours

CPU: total 8 (initial active 8) (4 cores per cpu, 2 threads per core) family 6 model 140 stepping 2 microcode 0x34, cx8, cmov, fxsr, ht, mmx, 3dnowpref, sse, sse2, sse3, ssse3, sse4.1, sse4.2, popcnt, lzcnt, tsc, tscinvbit, avx, avx2, aes, erms, clmul, bmi1, bmi2, adx, avx512f, avx512dq, avx512cd, avx512bw, avx512vl, sha, fma, vzeroupper, avx512_vpopcntdq, avx512_vpclmulqdq, avx512_vaes, avx512_vnni, clflush, clflushopt, clwb, avx512_vbmi2, avx512_vbmi
Processor Information for all 8 processors :
  Max Mhz: 2496, Current Mhz: 2496, Mhz Limit: 2496

Memory: 4k page, system-wide physical 3738M (165M free)
TotalPageFile size 15002M (AvailPageFile size 3M)
current process WorkingSet (physical memory assigned to process): 301M, peak: 416M
current process commit charge ("private bytes"): 622M, peak: 622M

vm_info: OpenJDK 64-Bit Server VM (17.0.18+8) for windows-amd64 JRE (17.0.18+8), built on Jan 20 2026 22:28:22 by "admin" with MS VC++ 17.12 (VS2022)

END.
