#
# There is insufficient memory for the Java Runtime Environment to continue.
# Native memory allocation (mmap) failed to map 365953024 bytes. Error detail: G1 virtual space
# Possible reasons:
#   The system is out of physical RAM or swap space
#   This process is running with CompressedOops enabled, and the Java Heap may be blocking the growth of the native heap
# Possible solutions:
#   Reduce memory load on the system
#   Increase physical memory or swap space
#   Check if swap backing store is full
#   Decrease Java heap size (-Xmx/-Xms)
#   Decrease number of Java threads
#   Decrease Java thread stack sizes (-Xss)
#   Set larger code cache with -XX:ReservedCodeCacheSize=
#   JVM is running with Unscaled Compressed Oops mode in which the Java heap is
#     placed in the first 4GB address space. The Java Heap base address is the
#     maximum limit for the native heap growth. Please use -XX:HeapBaseMinAddress
#     to set the Java Heap base and to place the Java Heap above 4GB virtual address.
# This output file may be truncated or incomplete.
#
#  Out of Memory Error (os_windows.cpp:3618), pid=3276, tid=20524
#
# JRE version: OpenJDK Runtime Environment Temurin-17.0.18+8 (17.0.18+8) (build 17.0.18+8)
# Java VM: OpenJDK 64-Bit Server VM Temurin-17.0.18+8 (17.0.18+8, mixed mode, sharing, tiered, compressed oops, compressed class ptrs, g1 gc, windows-amd64)
# No core dump will be written. Minidumps are not enabled by default on client versions of Windows
#

---------------  S U M M A R Y ------------

Command Line: --add-opens=java.base/java.lang=ALL-UNNAMED --add-opens=java.base/java.lang.invoke=ALL-UNNAMED --add-opens=java.base/java.util=ALL-UNNAMED --add-opens=java.prefs/java.util.prefs=ALL-UNNAMED --add-exports=jdk.compiler/com.sun.tools.javac.api=ALL-UNNAMED --add-exports=jdk.compiler/com.sun.tools.javac.util=ALL-UNNAMED --add-opens=java.base/java.util=ALL-UNNAMED --add-opens=java.prefs/java.util.prefs=ALL-UNNAMED --add-opens=java.base/java.nio.charset=ALL-UNNAMED --add-opens=java.base/java.net=ALL-UNNAMED --add-opens=java.base/java.util.concurrent=ALL-UNNAMED --add-opens=java.base/java.util.concurrent.atomic=ALL-UNNAMED --add-opens=java.xml/javax.xml.namespace=ALL-UNNAMED --add-opens=java.base/java.time=ALL-UNNAMED -Xmx2048m -Dfile.encoding=UTF-8 -Duser.country=IN -Duser.language=en -Duser.variant -javaagent:C:\Users\welcome\.gradle\wrapper\dists\gradle-9.3.1-bin\23ovyewtku6u96viwx3xl3oks\gradle-9.3.1\lib\agents\gradle-instrumentation-agent-9.3.1.jar org.gradle.launcher.daemon.bootstrap.GradleDaemon 9.3.1

Host: 11th Gen Intel(R) Core(TM) i5-1155G7 @ 2.50GHz, 8 cores, 3G,  Windows 10 , 64 bit Build 19041 (10.0.19041.6807)
Time: Thu Mar 26 09:53:01 2026 India Standard Time elapsed time: 65.456876 seconds (0d 0h 1m 5s)

---------------  T H R E A D  ---------------

Current thread (0x00000249ee9a0ce0):  VMThread "VM Thread" [stack: 0x000000aea8800000,0x000000aea8900000] [id=20524]

Stack: [0x000000aea8800000,0x000000aea8900000]
Native frames: (J=compiled Java code, j=interpreted, Vv=VM code, C=native code)
V  [jvm.dll+0x6846f9]
V  [jvm.dll+0x839ea5]
V  [jvm.dll+0x83b91e]
V  [jvm.dll+0x83bfa3]
V  [jvm.dll+0x248eff]
V  [jvm.dll+0x6814b9]
V  [jvm.dll+0x6762ba]
V  [jvm.dll+0x309257]
V  [jvm.dll+0x310826]
V  [jvm.dll+0x360d9e]
V  [jvm.dll+0x360fdd]
V  [jvm.dll+0x2e02dc]
V  [jvm.dll+0x2de6b2]
V  [jvm.dll+0x2dde4c]
V  [jvm.dll+0x320aeb]
V  [jvm.dll+0x8407bd]
V  [jvm.dll+0x8414f3]
V  [jvm.dll+0x841a1f]
V  [jvm.dll+0x841e05]
V  [jvm.dll+0x841ece]
V  [jvm.dll+0x7eaaec]
V  [jvm.dll+0x6835c7]
C  [ucrtbase.dll+0x21bb2]
C  [KERNEL32.DLL+0x17374]
C  [ntdll.dll+0x4cc91]

VM_Operation (0x000000aea7ff99e0): G1CollectForAllocation, mode: safepoint, requested by thread 0x00000249f6111230


---------------  P R O C E S S  ---------------

Threads class SMR info:
_java_thread_list=0x00000249f8fcc2d0, length=132, elements={
0x00000249ce765120, 0x00000249ee9a6140, 0x00000249ee9a6c10, 0x00000249ee9b8160,
0x00000249ee9bab40, 0x00000249ee9bd420, 0x00000249ee9bdcf0, 0x00000249ee9bf900,
0x00000249ee9c3710, 0x00000249ee9cc030, 0x00000249ee98ef70, 0x00000249f3160070,
0x00000249f4c5b020, 0x00000249f45e99d0, 0x00000249f48ddc50, 0x00000249f51b0870,
0x00000249f4e50090, 0x00000249f4e51ef0, 0x00000249f4e4f670, 0x00000249f4e4e740,
0x00000249f4e4ec50, 0x00000249f4e50fc0, 0x00000249f4e4f160, 0x00000249f4e514d0,
0x00000249f4e4fb80, 0x00000249f4e505a0, 0x00000249f4e50ab0, 0x00000249f507f320,
0x00000249f50820b0, 0x00000249f5083a00, 0x00000249f5081180, 0x00000249f50825c0,
0x00000249f507e3f0, 0x00000249f507d9d0, 0x00000249f507e900, 0x00000249f507d4c0,
0x00000249f5083f10, 0x00000249f50834f0, 0x00000249f507cfb0, 0x00000249f5084420,
0x00000249f507dee0, 0x00000249f507ee10, 0x00000249f5081ba0, 0x00000249f5081690,
0x00000249f507f830, 0x00000249f5084930, 0x00000249f507fd40, 0x00000249f5080250,
0x00000249f5080c70, 0x00000249f3faf4b0, 0x00000249f3fb08f0, 0x00000249f3faea90,
0x00000249f3fafed0, 0x00000249f3faf9c0, 0x00000249f3fb0e00, 0x00000249f3fb03e0,
0x00000249f3fb1310, 0x00000249f3fae070, 0x00000249f3fb1820, 0x00000249f3faefa0,
0x00000249f3fae580, 0x00000249f63b8df0, 0x00000249f63b9d20, 0x00000249f63b9300,
0x00000249f63b7ec0, 0x00000249f63b88e0, 0x00000249f63b9810, 0x00000249f63ba740,
0x00000249f63ba230, 0x00000249f63bac50, 0x00000249f63bc5a0, 0x00000249f63b83d0,
0x00000249f63bd9e0, 0x00000249f63bb160, 0x00000249f63bdef0, 0x00000249f63bbb80,
0x00000249f63bcab0, 0x00000249f63bb670, 0x00000249f63bd4d0, 0x00000249f63bc090,
0x00000249f63be400, 0x00000249f63be910, 0x00000249f63bee20, 0x00000249f63bf330,
0x00000249f63bf840, 0x00000249f8b20c80, 0x00000249f8b1fd50, 0x00000249f8b267a0,
0x00000249f8b225d0, 0x00000249f8b22ae0, 0x00000249f8b25360, 0x00000249f8b25d80,
0x00000249f8b26290, 0x00000249f8b216a0, 0x00000249f8b1f330, 0x00000249f8b1f840,
0x00000249f8b20770, 0x00000249f8b220c0, 0x00000249f8b23a10, 0x00000249f8b23f20,
0x00000249f757f190, 0x00000249f757f6a0, 0x00000249f757e770, 0x00000249f7580ae0,
0x00000249f757e260, 0x00000249f75805d0, 0x00000249f757fbb0, 0x00000249f75800c0,
0x00000249f757d840, 0x00000249f757dd50, 0x00000249f7580ff0, 0x00000249f7581500,
0x00000249f7581a10, 0x00000249f757ec80, 0x00000249f7581f20, 0x00000249f757bef0,
0x00000249f757b4d0, 0x00000249f7582430, 0x00000249f757afc0, 0x00000249f7582940,
0x00000249f757c400, 0x00000249f757b9e0, 0x00000249f757c910, 0x00000249f757ce20,
0x00000249f757d330, 0x00000249f6110810, 0x00000249f610eec0, 0x00000249f6110d20,
0x00000249f6111c50, 0x00000249f6112670, 0x00000249f610e4a0, 0x00000249f6111230
}

Java Threads: ( => current thread )
  0x00000249ce765120 JavaThread "main" [_thread_blocked, id=9244, stack(0x000000aea8200000,0x000000aea8300000)]
  0x00000249ee9a6140 JavaThread "Reference Handler" daemon [_thread_blocked, id=16980, stack(0x000000aea8900000,0x000000aea8a00000)]
  0x00000249ee9a6c10 JavaThread "Finalizer" daemon [_thread_blocked, id=8796, stack(0x000000aea8a00000,0x000000aea8b00000)]
  0x00000249ee9b8160 JavaThread "Signal Dispatcher" daemon [_thread_blocked, id=15448, stack(0x000000aea8b00000,0x000000aea8c00000)]
  0x00000249ee9bab40 JavaThread "Attach Listener" daemon [_thread_blocked, id=7932, stack(0x000000aea8c00000,0x000000aea8d00000)]
  0x00000249ee9bd420 JavaThread "Service Thread" daemon [_thread_blocked, id=15088, stack(0x000000aea8d00000,0x000000aea8e00000)]
  0x00000249ee9bdcf0 JavaThread "Monitor Deflation Thread" daemon [_thread_blocked, id=1428, stack(0x000000aea8e00000,0x000000aea8f00000)]
  0x00000249ee9bf900 JavaThread "C2 CompilerThread0" daemon [_thread_blocked, id=19260, stack(0x000000aea8f00000,0x000000aea9000000)]
  0x00000249ee9c3710 JavaThread "C1 CompilerThread0" daemon [_thread_blocked, id=6760, stack(0x000000aea9000000,0x000000aea9100000)]
  0x00000249ee9cc030 JavaThread "Sweeper thread" daemon [_thread_blocked, id=5912, stack(0x000000aea9100000,0x000000aea9200000)]
  0x00000249ee98ef70 JavaThread "Common-Cleaner" daemon [_thread_blocked, id=12552, stack(0x000000aea9200000,0x000000aea9300000)]
  0x00000249f3160070 JavaThread "Notification Thread" daemon [_thread_blocked, id=5172, stack(0x000000aea9300000,0x000000aea9400000)]
  0x00000249f4c5b020 JavaThread "Daemon health stats" [_thread_blocked, id=14356, stack(0x000000aea9900000,0x000000aea9a00000)]
  0x00000249f45e99d0 JavaThread "Incoming local TCP Connector on port 54049" [_thread_in_native, id=10976, stack(0x000000aea9a00000,0x000000aea9b00000)]
  0x00000249f48ddc50 JavaThread "Daemon periodic checks" [_thread_blocked, id=684, stack(0x000000aea9b00000,0x000000aea9c00000)]
  0x00000249f51b0870 JavaThread "Daemon" [_thread_blocked, id=14856, stack(0x000000aea9f00000,0x000000aeaa000000)]
  0x00000249f4e50090 JavaThread "Handler for socket connection from /127.0.0.1:54049 to /127.0.0.1:54050" [_thread_in_native, id=10468, stack(0x000000aeaa000000,0x000000aeaa100000)]
  0x00000249f4e51ef0 JavaThread "Cancel handler" [_thread_blocked, id=4748, stack(0x000000aeaa100000,0x000000aeaa200000)]
  0x00000249f4e4f670 JavaThread "Daemon worker" [_thread_blocked, id=6204, stack(0x000000aeaa200000,0x000000aeaa300000)]
  0x00000249f4e4e740 JavaThread "Asynchronous log dispatcher for DefaultDaemonConnection: socket connection from /127.0.0.1:54049 to /127.0.0.1:54050" [_thread_blocked, id=22836, stack(0x000000aeaa300000,0x000000aeaa400000)]
  0x00000249f4e4ec50 JavaThread "Stdin handler" [_thread_blocked, id=11240, stack(0x000000aeaa400000,0x000000aeaa500000)]
  0x00000249f4e50fc0 JavaThread "Daemon client event forwarder" [_thread_blocked, id=14184, stack(0x000000aeaa500000,0x000000aeaa600000)]
  0x00000249f4e4f160 JavaThread "Cache worker for journal cache (C:\Users\welcome\.gradle\caches\journal-1)" [_thread_blocked, id=21560, stack(0x000000aeaa600000,0x000000aeaa700000)]
  0x00000249f4e514d0 JavaThread "File lock request listener" [_thread_in_native, id=19248, stack(0x000000aeaa700000,0x000000aeaa800000)]
  0x00000249f4e4fb80 JavaThread "Cache worker for file hash cache (C:\Users\welcome\.gradle\caches\9.3.1\fileHashes)" [_thread_blocked, id=23224, stack(0x000000aeaa800000,0x000000aeaa900000)]
  0x00000249f4e505a0 JavaThread "Cache worker for file hash cache (C:\Users\welcome\AndroidStudioProjects\mindguardaipsychologicalsupportapp\.gradle\9.3.1\fileHashes)" [_thread_blocked, id=6340, stack(0x000000aeaaa00000,0x000000aeaab00000)]
  0x00000249f4e50ab0 JavaThread "Cache worker for Build Output Cleanup Cache (C:\Users\welcome\AndroidStudioProjects\mindguardaipsychologicalsupportapp\.gradle\buildOutputCleanup)" [_thread_blocked, id=21948, stack(0x000000aeaab00000,0x000000aeaac00000)]
  0x00000249f507f320 JavaThread "File watcher server" daemon [_thread_blocked, id=18260, stack(0x000000aeaac00000,0x000000aeaad00000)]
  0x00000249f50820b0 JavaThread "File watcher consumer" daemon [_thread_blocked, id=9552, stack(0x000000aeaad00000,0x000000aeaae00000)]
  0x00000249f5083a00 JavaThread "Cache worker for checksums cache (C:\Users\welcome\AndroidStudioProjects\mindguardaipsychologicalsupportapp\.gradle\9.3.1\checksums)" [_thread_blocked, id=10212, stack(0x000000aeaae00000,0x000000aeaaf00000)]
  0x00000249f5081180 JavaThread "Cache worker for file content cache (C:\Users\welcome\.gradle\caches\9.3.1\fileContent)" [_thread_blocked, id=20760, stack(0x000000aeaaf00000,0x000000aeab000000)]
  0x00000249f50825c0 JavaThread "Cache worker for cache directory md-rule (C:\Users\welcome\.gradle\caches\9.3.1\md-rule)" [_thread_blocked, id=12388, stack(0x000000aeab100000,0x000000aeab200000)]
  0x00000249f507e3f0 JavaThread "jar transforms" [_thread_blocked, id=19860, stack(0x000000aeab300000,0x000000aeab400000)]
  0x00000249f507d9d0 JavaThread "jar transforms Thread 2" [_thread_blocked, id=19212, stack(0x000000aeab400000,0x000000aeab500000)]
  0x00000249f507e900 JavaThread "jar transforms Thread 3" [_thread_blocked, id=16704, stack(0x000000aeab500000,0x000000aeab600000)]
  0x00000249f507d4c0 JavaThread "Unconstrained build operations" [_thread_blocked, id=12912, stack(0x000000aeab600000,0x000000aeab700000)]
  0x00000249f5083f10 JavaThread "Unconstrained build operations Thread 2" [_thread_blocked, id=11416, stack(0x000000aeab700000,0x000000aeab800000)]
  0x00000249f50834f0 JavaThread "Unconstrained build operations Thread 3" [_thread_blocked, id=8228, stack(0x000000aeab800000,0x000000aeab900000)]
  0x00000249f507cfb0 JavaThread "Unconstrained build operations Thread 4" [_thread_blocked, id=13568, stack(0x000000aeab900000,0x000000aeaba00000)]
  0x00000249f5084420 JavaThread "Unconstrained build operations Thread 5" [_thread_blocked, id=7188, stack(0x000000aeaba00000,0x000000aeabb00000)]
  0x00000249f507dee0 JavaThread "Unconstrained build operations Thread 6" [_thread_blocked, id=21652, stack(0x000000aeabb00000,0x000000aeabc00000)]
  0x00000249f507ee10 JavaThread "Unconstrained build operations Thread 7" [_thread_blocked, id=12212, stack(0x000000aeabc00000,0x000000aeabd00000)]
  0x00000249f5081ba0 JavaThread "Unconstrained build operations Thread 8" [_thread_blocked, id=14320, stack(0x000000aeabd00000,0x000000aeabe00000)]
  0x00000249f5081690 JavaThread "Unconstrained build operations Thread 9" [_thread_blocked, id=11584, stack(0x000000aeabe00000,0x000000aeabf00000)]
  0x00000249f507f830 JavaThread "Unconstrained build operations Thread 10" [_thread_blocked, id=13040, stack(0x000000aeabf00000,0x000000aeac000000)]
  0x00000249f5084930 JavaThread "Unconstrained build operations Thread 11" [_thread_blocked, id=9088, stack(0x000000aeac000000,0x000000aeac100000)]
  0x00000249f507fd40 JavaThread "Unconstrained build operations Thread 12" [_thread_blocked, id=5632, stack(0x000000aeac100000,0x000000aeac200000)]
  0x00000249f5080250 JavaThread "Unconstrained build operations Thread 13" [_thread_blocked, id=10020, stack(0x000000aeac200000,0x000000aeac300000)]
  0x00000249f5080c70 JavaThread "Unconstrained build operations Thread 14" [_thread_blocked, id=8956, stack(0x000000aeac300000,0x000000aeac400000)]
  0x00000249f3faf4b0 JavaThread "jar transforms Thread 4" [_thread_blocked, id=2596, stack(0x000000aeac400000,0x000000aeac500000)]
  0x00000249f3fb08f0 JavaThread "jar transforms Thread 5" [_thread_blocked, id=20048, stack(0x000000aeac500000,0x000000aeac600000)]
  0x00000249f3faea90 JavaThread "Unconstrained build operations Thread 15" [_thread_blocked, id=19900, stack(0x000000aeac600000,0x000000aeac700000)]
  0x00000249f3fafed0 JavaThread "Unconstrained build operations Thread 16" [_thread_blocked, id=21960, stack(0x000000aeac700000,0x000000aeac800000)]
  0x00000249f3faf9c0 JavaThread "Unconstrained build operations Thread 17" [_thread_blocked, id=8088, stack(0x000000aeac800000,0x000000aeac900000)]
  0x00000249f3fb0e00 JavaThread "Unconstrained build operations Thread 18" [_thread_blocked, id=21412, stack(0x000000aeac900000,0x000000aeaca00000)]
  0x00000249f3fb03e0 JavaThread "Unconstrained build operations Thread 19" [_thread_blocked, id=18360, stack(0x000000aeaca00000,0x000000aeacb00000)]
  0x00000249f3fb1310 JavaThread "Unconstrained build operations Thread 20" [_thread_blocked, id=20016, stack(0x000000aeacb00000,0x000000aeacc00000)]
  0x00000249f3fae070 JavaThread "Unconstrained build operations Thread 21" [_thread_blocked, id=1520, stack(0x000000aeacc00000,0x000000aeacd00000)]
  0x00000249f3fb1820 JavaThread "jar transforms Thread 6" [_thread_blocked, id=7492, stack(0x000000aeacd00000,0x000000aeace00000)]
  0x00000249f3faefa0 JavaThread "jar transforms Thread 7" [_thread_blocked, id=12328, stack(0x000000aeace00000,0x000000aeacf00000)]
  0x00000249f3fae580 JavaThread "jar transforms Thread 8" [_thread_blocked, id=22976, stack(0x000000aeacf00000,0x000000aead000000)]
  0x00000249f63b8df0 JavaThread "Unconstrained build operations Thread 22" [_thread_blocked, id=23364, stack(0x000000aead000000,0x000000aead100000)]
  0x00000249f63b9d20 JavaThread "Unconstrained build operations Thread 23" [_thread_blocked, id=16616, stack(0x000000aead100000,0x000000aead200000)]
  0x00000249f63b9300 JavaThread "Unconstrained build operations Thread 24" [_thread_blocked, id=20604, stack(0x000000aead200000,0x000000aead300000)]
  0x00000249f63b7ec0 JavaThread "Unconstrained build operations Thread 25" [_thread_blocked, id=18608, stack(0x000000aead300000,0x000000aead400000)]
  0x00000249f63b88e0 JavaThread "Unconstrained build operations Thread 26" [_thread_blocked, id=2740, stack(0x000000aead400000,0x000000aead500000)]
  0x00000249f63b9810 JavaThread "Unconstrained build operations Thread 27" [_thread_blocked, id=12148, stack(0x000000aead500000,0x000000aead600000)]
  0x00000249f63ba740 JavaThread "Unconstrained build operations Thread 28" [_thread_blocked, id=15012, stack(0x000000aead600000,0x000000aead700000)]
  0x00000249f63ba230 JavaThread "Unconstrained build operations Thread 29" [_thread_blocked, id=20764, stack(0x000000aead700000,0x000000aead800000)]
  0x00000249f63bac50 JavaThread "Unconstrained build operations Thread 30" [_thread_blocked, id=19180, stack(0x000000aead800000,0x000000aead900000)]
  0x00000249f63bc5a0 JavaThread "Unconstrained build operations Thread 31" [_thread_blocked, id=10312, stack(0x000000aead900000,0x000000aeada00000)]
  0x00000249f63b83d0 JavaThread "Unconstrained build operations Thread 32" [_thread_blocked, id=16080, stack(0x000000aeada00000,0x000000aeadb00000)]
  0x00000249f63bd9e0 JavaThread "Unconstrained build operations Thread 33" [_thread_blocked, id=19236, stack(0x000000aeadb00000,0x000000aeadc00000)]
  0x00000249f63bb160 JavaThread "Unconstrained build operations Thread 34" [_thread_blocked, id=7924, stack(0x000000aeadc00000,0x000000aeadd00000)]
  0x00000249f63bdef0 JavaThread "Unconstrained build operations Thread 35" [_thread_blocked, id=19984, stack(0x000000aeadd00000,0x000000aeade00000)]
  0x00000249f63bbb80 JavaThread "Unconstrained build operations Thread 36" [_thread_blocked, id=16988, stack(0x000000aeade00000,0x000000aeadf00000)]
  0x00000249f63bcab0 JavaThread "Unconstrained build operations Thread 37" [_thread_blocked, id=19856, stack(0x000000aeadf00000,0x000000aeae000000)]
  0x00000249f63bb670 JavaThread "Unconstrained build operations Thread 38" [_thread_blocked, id=15988, stack(0x000000aeae000000,0x000000aeae100000)]
  0x00000249f63bd4d0 JavaThread "Unconstrained build operations Thread 39" [_thread_blocked, id=15344, stack(0x000000aeae100000,0x000000aeae200000)]
  0x00000249f63bc090 JavaThread "Unconstrained build operations Thread 40" [_thread_blocked, id=15236, stack(0x000000aeae200000,0x000000aeae300000)]
  0x00000249f63be400 JavaThread "Unconstrained build operations Thread 41" [_thread_blocked, id=6836, stack(0x000000aeae300000,0x000000aeae400000)]
  0x00000249f63be910 JavaThread "Unconstrained build operations Thread 42" [_thread_blocked, id=21656, stack(0x000000aeae400000,0x000000aeae500000)]
  0x00000249f63bee20 JavaThread "Unconstrained build operations Thread 43" [_thread_blocked, id=16128, stack(0x000000aeae500000,0x000000aeae600000)]
  0x00000249f63bf330 JavaThread "Unconstrained build operations Thread 44" [_thread_blocked, id=14504, stack(0x000000aeae600000,0x000000aeae700000)]
  0x00000249f63bf840 JavaThread "Unconstrained build operations Thread 45" [_thread_blocked, id=16276, stack(0x000000aeae700000,0x000000aeae800000)]
  0x00000249f8b20c80 JavaThread "Memory manager" [_thread_blocked, id=14664, stack(0x000000aeae900000,0x000000aeaea00000)]
  0x00000249f8b1fd50 JavaThread "pool-3-thread-1" [_thread_blocked, id=14236, stack(0x000000aeaed00000,0x000000aeaee00000)]
  0x00000249f8b267a0 JavaThread "included builds" [_thread_blocked, id=18748, stack(0x000000aeaef00000,0x000000aeaf000000)]
  0x00000249f8b225d0 JavaThread "Execution worker" [_thread_blocked, id=12820, stack(0x000000aeaf000000,0x000000aeaf100000)]
  0x00000249f8b22ae0 JavaThread "Execution worker Thread 2" [_thread_blocked, id=4188, stack(0x000000aeaf100000,0x000000aeaf200000)]
  0x00000249f8b25360 JavaThread "Execution worker Thread 3" [_thread_blocked, id=16608, stack(0x000000aeaf200000,0x000000aeaf300000)]
  0x00000249f8b25d80 JavaThread "Execution worker Thread 4" [_thread_blocked, id=13264, stack(0x000000aeaf300000,0x000000aeaf400000)]
  0x00000249f8b26290 JavaThread "Execution worker Thread 5" [_thread_blocked, id=20852, stack(0x000000aeaf400000,0x000000aeaf500000)]
  0x00000249f8b216a0 JavaThread "Execution worker Thread 6" [_thread_blocked, id=22088, stack(0x000000aeaf500000,0x000000aeaf600000)]
  0x00000249f8b1f330 JavaThread "Execution worker Thread 7" [_thread_blocked, id=14132, stack(0x000000aeaf600000,0x000000aeaf700000)]
  0x00000249f8b1f840 JavaThread "Cache worker for execution history cache (C:\Users\welcome\AndroidStudioProjects\mindguardaipsychologicalsupportapp\.gradle\9.3.1\executionHistory)" [_thread_blocked, id=16748, stack(0x000000aeaf700000,0x000000aeaf800000)]
  0x00000249f8b20770 JavaThread "Unconstrained build operations Thread 46" [_thread_blocked, id=17252, stack(0x000000aeafa00000,0x000000aeafb00000)]
  0x00000249f8b220c0 JavaThread "Unconstrained build operations Thread 47" [_thread_blocked, id=21500, stack(0x000000aeafb00000,0x000000aeafc00000)]
  0x00000249f8b23a10 JavaThread "Unconstrained build operations Thread 48" [_thread_blocked, id=10828, stack(0x000000aeafc00000,0x000000aeafd00000)]
  0x00000249f8b23f20 JavaThread "Unconstrained build operations Thread 49" [_thread_blocked, id=13800, stack(0x000000aeafd00000,0x000000aeafe00000)]
  0x00000249f757f190 JavaThread "Unconstrained build operations Thread 50" [_thread_blocked, id=8712, stack(0x000000aeafe00000,0x000000aeaff00000)]
  0x00000249f757f6a0 JavaThread "Unconstrained build operations Thread 51" [_thread_blocked, id=10516, stack(0x000000aeaff00000,0x000000aeb0000000)]
  0x00000249f757e770 JavaThread "Unconstrained build operations Thread 52" [_thread_blocked, id=19668, stack(0x000000aeb0000000,0x000000aeb0100000)]
  0x00000249f7580ae0 JavaThread "Unconstrained build operations Thread 53" [_thread_blocked, id=17936, stack(0x000000aeb0100000,0x000000aeb0200000)]
  0x00000249f757e260 JavaThread "Unconstrained build operations Thread 54" [_thread_blocked, id=10456, stack(0x000000aeb0200000,0x000000aeb0300000)]
  0x00000249f75805d0 JavaThread "Unconstrained build operations Thread 55" [_thread_blocked, id=20584, stack(0x000000aeb0300000,0x000000aeb0400000)]
  0x00000249f757fbb0 JavaThread "Unconstrained build operations Thread 56" [_thread_blocked, id=7896, stack(0x000000aeb0400000,0x000000aeb0500000)]
  0x00000249f75800c0 JavaThread "Unconstrained build operations Thread 57" [_thread_blocked, id=6152, stack(0x000000aeb0500000,0x000000aeb0600000)]
  0x00000249f757d840 JavaThread "Unconstrained build operations Thread 58" [_thread_blocked, id=16724, stack(0x000000aeb0600000,0x000000aeb0700000)]
  0x00000249f757dd50 JavaThread "Unconstrained build operations Thread 59" [_thread_blocked, id=22424, stack(0x000000aeb0700000,0x000000aeb0800000)]
  0x00000249f7580ff0 JavaThread "Unconstrained build operations Thread 60" [_thread_blocked, id=19964, stack(0x000000aeb0800000,0x000000aeb0900000)]
  0x00000249f7581500 JavaThread "Unconstrained build operations Thread 61" [_thread_blocked, id=13076, stack(0x000000aeb0900000,0x000000aeb0a00000)]
  0x00000249f7581a10 JavaThread "Unconstrained build operations Thread 62" [_thread_blocked, id=18100, stack(0x000000aeb0a00000,0x000000aeb0b00000)]
  0x00000249f757ec80 JavaThread "Unconstrained build operations Thread 63" [_thread_blocked, id=7608, stack(0x000000aeb0b00000,0x000000aeb0c00000)]
  0x00000249f7581f20 JavaThread "Unconstrained build operations Thread 64" [_thread_blocked, id=19656, stack(0x000000aeb0c00000,0x000000aeb0d00000)]
  0x00000249f757bef0 JavaThread "Unconstrained build operations Thread 65" [_thread_blocked, id=4296, stack(0x000000aeb0d00000,0x000000aeb0e00000)]
  0x00000249f757b4d0 JavaThread "Unconstrained build operations Thread 66" [_thread_blocked, id=15064, stack(0x000000aeb0e00000,0x000000aeb0f00000)]
  0x00000249f7582430 JavaThread "Unconstrained build operations Thread 67" [_thread_blocked, id=11876, stack(0x000000aeb0f00000,0x000000aeb1000000)]
  0x00000249f757afc0 JavaThread "Unconstrained build operations Thread 68" [_thread_blocked, id=4100, stack(0x000000aeb1000000,0x000000aeb1100000)]
  0x00000249f7582940 JavaThread "Unconstrained build operations Thread 69" [_thread_blocked, id=544, stack(0x000000aeb1100000,0x000000aeb1200000)]
  0x00000249f757c400 JavaThread "Unconstrained build operations Thread 70" [_thread_blocked, id=5984, stack(0x000000aeb1200000,0x000000aeb1300000)]
  0x00000249f757b9e0 JavaThread "Unconstrained build operations Thread 71" [_thread_blocked, id=13172, stack(0x000000aeb1300000,0x000000aeb1400000)]
  0x00000249f757c910 JavaThread "Unconstrained build operations Thread 72" [_thread_blocked, id=18344, stack(0x000000aeb1400000,0x000000aeb1500000)]
  0x00000249f757ce20 JavaThread "Unconstrained build operations Thread 73" [_thread_blocked, id=7748, stack(0x000000aeb1500000,0x000000aeb1600000)]
  0x00000249f757d330 JavaThread "Unconstrained build operations Thread 74" [_thread_blocked, id=14228, stack(0x000000aeb1600000,0x000000aeb1700000)]
  0x00000249f6110810 JavaThread "Unconstrained build operations Thread 75" [_thread_blocked, id=2812, stack(0x000000aeb1700000,0x000000aeb1800000)]
  0x00000249f610eec0 JavaThread "Unconstrained build operations Thread 76" [_thread_blocked, id=12720, stack(0x000000aeb1800000,0x000000aeb1900000)]
  0x00000249f6110d20 JavaThread "Unconstrained build operations Thread 77" [_thread_blocked, id=5688, stack(0x000000aeb1900000,0x000000aeb1a00000)]
  0x00000249f6111c50 JavaThread "Unconstrained build operations Thread 78" [_thread_blocked, id=4556, stack(0x000000aeb1a00000,0x000000aeb1b00000)]
  0x00000249f6112670 JavaThread "Unconstrained build operations Thread 79" [_thread_blocked, id=9752, stack(0x000000aeb1b00000,0x000000aeb1c00000)]
  0x00000249f610e4a0 JavaThread "Unconstrained build operations Thread 80" [_thread_blocked, id=10156, stack(0x000000aeb1c00000,0x000000aeb1d00000)]
  0x00000249f6111230 JavaThread "pool-2-thread-1" [_thread_blocked, id=18176, stack(0x000000aea7f00000,0x000000aea8000000)]

Other Threads:
=>0x00000249ee9a0ce0 VMThread "VM Thread" [stack: 0x000000aea8800000,0x000000aea8900000] [id=20524]
  0x00000249ce765ff0 WatcherThread [stack: 0x000000aea9400000,0x000000aea9500000] [id=14672]
  0x00000249ce68e870 GCTaskThread "GC Thread#0" [stack: 0x000000aea8300000,0x000000aea8400000] [id=14484]
  0x00000249f326fea0 GCTaskThread "GC Thread#1" [stack: 0x000000aea9500000,0x000000aea9600000] [id=14792]
  0x00000249f3270dc0 GCTaskThread "GC Thread#2" [stack: 0x000000aea9600000,0x000000aea9700000] [id=9840]
  0x00000249f3211590 GCTaskThread "GC Thread#3" [stack: 0x000000aea9700000,0x000000aea9800000] [id=12040]
  0x00000249f38ec7d0 GCTaskThread "GC Thread#4" [stack: 0x000000aea9800000,0x000000aea9900000] [id=21492]
  0x00000249f4822d80 GCTaskThread "GC Thread#5" [stack: 0x000000aea9c00000,0x000000aea9d00000] [id=3516]
  0x00000249f4dea550 GCTaskThread "GC Thread#6" [stack: 0x000000aea9d00000,0x000000aea9e00000] [id=14420]
  0x00000249f4de6910 GCTaskThread "GC Thread#7" [stack: 0x000000aea9e00000,0x000000aea9f00000] [id=17616]
  0x00000249ce7ced10 ConcurrentGCThread "G1 Main Marker" [stack: 0x000000aea8400000,0x000000aea8500000] [id=19728]
  0x00000249ce7cf640 ConcurrentGCThread "G1 Conc#0" [stack: 0x000000aea8500000,0x000000aea8600000] [id=16788]
  0x00000249f5611530 ConcurrentGCThread "G1 Conc#1" [stack: 0x000000aeaa900000,0x000000aeaaa00000] [id=18684]
  0x00000249ce8138b0 ConcurrentGCThread "G1 Refine#0" [stack: 0x000000aea8600000,0x000000aea8700000] [id=5700]
  0x00000249f31dab60 ConcurrentGCThread "G1 Refine#1" [stack: 0x000000aeab200000,0x000000aeab300000] [id=4796]
  0x00000249f5feb830 ConcurrentGCThread "G1 Refine#2" [stack: 0x000000aeaf800000,0x000000aeaf900000] [id=20264]
  0x00000249f5fec3f0 ConcurrentGCThread "G1 Refine#3" [stack: 0x000000aeaf900000,0x000000aeafa00000] [id=18304]
  0x00000249ce813f90 ConcurrentGCThread "G1 Service" [stack: 0x000000aea8700000,0x000000aea8800000] [id=21004]

Threads with active compile tasks:

VM state: at safepoint (normal execution)

VM Mutex/Monitor currently owned by a thread:  ([mutex/lock_event])
[0x00000249ce75fff0] Threads_lock - owner thread: 0x00000249ee9a0ce0
[0x00000249ce760350] Heap_lock - owner thread: 0x00000249f6111230

Heap address: 0x0000000080000000, size: 2048 MB, Compressed Oops mode: 32-bit

CDS archive(s) mapped at: [0x0000024980000000-0x0000024980bb0000-0x0000024980bb0000), size 12255232, SharedBaseAddress: 0x0000024980000000, ArchiveRelocationMode: 1.
Compressed class space mapped at: 0x0000024981000000-0x00000249c1000000, reserved size: 1073741824
Narrow klass base: 0x0000024980000000, Narrow klass shift: 0, Narrow klass range: 0x100000000

GC Precious Log:
 CPUs: 8 total, 8 available
 Memory: 3738M
 Large Page Support: Disabled
 NUMA Support: Disabled
 Compressed Oops: Enabled (32-bit)
 Heap Region Size: 1M
 Heap Min Capacity: 8M
 Heap Initial Capacity: 60M
 Heap Max Capacity: 2G
 Pre-touch: Disabled
 Parallel Workers: 8
 Concurrent Workers: 2
 Concurrent Refinement Workers: 8
 Periodic GC: Disabled

Heap:
 garbage-first heap   total 277504K, used 125592K [0x0000000080000000, 0x0000000100000000)
  region size 1024K, 4 young (4096K), 4 survivors (4096K)
 Metaspace       used 99920K, committed 101056K, reserved 1179648K
  class space    used 13718K, committed 14272K, reserved 1048576K

Heap Regions: E=young(eden), S=young(survivor), O=old, HS=humongous(starts), HC=humongous(continues), CS=collection set, F=free, OA=open archive, CA=closed archive, TAMS=top-at-mark-start (previous, next)
|   0|0x0000000080000000, 0x0000000080100000, 0x0000000080100000|100%|HS|  |TAMS 0x0000000080100000, 0x0000000080000000| Complete 
|   1|0x0000000080100000, 0x0000000080200000, 0x0000000080200000|100%|HC|  |TAMS 0x0000000080200000, 0x0000000080100000| Complete 
|   2|0x0000000080200000, 0x0000000080300000, 0x0000000080300000|100%|HC|  |TAMS 0x0000000080300000, 0x0000000080200000| Complete 
|   3|0x0000000080300000, 0x0000000080400000, 0x0000000080400000|100%|HC|  |TAMS 0x0000000080400000, 0x0000000080300000| Complete 
|   4|0x0000000080400000, 0x0000000080500000, 0x0000000080500000|100%| O|  |TAMS 0x0000000080500000, 0x0000000080400000| Untracked 
|   5|0x0000000080500000, 0x0000000080600000, 0x0000000080600000|100%| O|  |TAMS 0x0000000080600000, 0x0000000080500000| Untracked 
|   6|0x0000000080600000, 0x0000000080700000, 0x0000000080700000|100%| O|  |TAMS 0x0000000080700000, 0x0000000080600000| Untracked 
|   7|0x0000000080700000, 0x0000000080800000, 0x0000000080800000|100%| O|  |TAMS 0x0000000080800000, 0x0000000080700000| Untracked 
|   8|0x0000000080800000, 0x0000000080900000, 0x0000000080900000|100%| O|  |TAMS 0x0000000080900000, 0x0000000080800000| Untracked 
|   9|0x0000000080900000, 0x0000000080a00000, 0x0000000080a00000|100%| O|  |TAMS 0x0000000080a00000, 0x0000000080900000| Untracked 
|  10|0x0000000080a00000, 0x0000000080b00000, 0x0000000080b00000|100%| O|  |TAMS 0x0000000080b00000, 0x0000000080a00000| Untracked 
|  11|0x0000000080b00000, 0x0000000080c00000, 0x0000000080c00000|100%| O|  |TAMS 0x0000000080c00000, 0x0000000080b00000| Untracked 
|  12|0x0000000080c00000, 0x0000000080d00000, 0x0000000080d00000|100%|HS|  |TAMS 0x0000000080d00000, 0x0000000080c00000| Complete 
|  13|0x0000000080d00000, 0x0000000080e00000, 0x0000000080e00000|100%| O|  |TAMS 0x0000000080e00000, 0x0000000080d00000| Untracked 
|  14|0x0000000080e00000, 0x0000000080f00000, 0x0000000080f00000|100%| O|  |TAMS 0x0000000080f00000, 0x0000000080e00000| Untracked 
|  15|0x0000000080f00000, 0x0000000081000000, 0x0000000081000000|100%| O|  |TAMS 0x0000000081000000, 0x0000000080f00000| Untracked 
|  16|0x0000000081000000, 0x0000000081100000, 0x0000000081100000|100%| O|  |TAMS 0x0000000081100000, 0x0000000081000000| Untracked 
|  17|0x0000000081100000, 0x0000000081200000, 0x0000000081200000|100%| O|  |TAMS 0x0000000081200000, 0x0000000081100000| Untracked 
|  18|0x0000000081200000, 0x0000000081300000, 0x0000000081300000|100%| O|  |TAMS 0x0000000081300000, 0x0000000081200000| Untracked 
|  19|0x0000000081300000, 0x0000000081400000, 0x0000000081400000|100%| O|  |TAMS 0x0000000081400000, 0x0000000081300000| Untracked 
|  20|0x0000000081400000, 0x0000000081500000, 0x0000000081500000|100%| O|  |TAMS 0x0000000081500000, 0x0000000081400000| Untracked 
|  21|0x0000000081500000, 0x0000000081600000, 0x0000000081600000|100%| O|  |TAMS 0x0000000081600000, 0x0000000081500000| Untracked 
|  22|0x0000000081600000, 0x0000000081700000, 0x0000000081700000|100%| O|  |TAMS 0x0000000081700000, 0x0000000081600000| Untracked 
|  23|0x0000000081700000, 0x0000000081800000, 0x0000000081800000|100%| O|  |TAMS 0x0000000081800000, 0x0000000081700000| Untracked 
|  24|0x0000000081800000, 0x0000000081900000, 0x0000000081900000|100%| O|  |TAMS 0x0000000081900000, 0x0000000081800000| Untracked 
|  25|0x0000000081900000, 0x0000000081a00000, 0x0000000081a00000|100%| O|  |TAMS 0x0000000081a00000, 0x0000000081900000| Untracked 
|  26|0x0000000081a00000, 0x0000000081b00000, 0x0000000081b00000|100%| O|  |TAMS 0x0000000081b00000, 0x0000000081a00000| Untracked 
|  27|0x0000000081b00000, 0x0000000081c00000, 0x0000000081c00000|100%| O|  |TAMS 0x0000000081c00000, 0x0000000081b00000| Untracked 
|  28|0x0000000081c00000, 0x0000000081d00000, 0x0000000081d00000|100%| O|  |TAMS 0x0000000081d00000, 0x0000000081c00000| Untracked 
|  29|0x0000000081d00000, 0x0000000081e00000, 0x0000000081e00000|100%| O|  |TAMS 0x0000000081e00000, 0x0000000081d00000| Untracked 
|  30|0x0000000081e00000, 0x0000000081f00000, 0x0000000081f00000|100%| O|  |TAMS 0x0000000081f00000, 0x0000000081e00000| Untracked 
|  31|0x0000000081f00000, 0x0000000082000000, 0x0000000082000000|100%| O|  |TAMS 0x0000000082000000, 0x0000000081f00000| Untracked 
|  32|0x0000000082000000, 0x0000000082100000, 0x0000000082100000|100%| O|  |TAMS 0x0000000082100000, 0x0000000082000000| Untracked 
|  33|0x0000000082100000, 0x0000000082200000, 0x0000000082200000|100%| O|  |TAMS 0x0000000082200000, 0x0000000082100000| Untracked 
|  34|0x0000000082200000, 0x0000000082300000, 0x0000000082300000|100%| O|  |TAMS 0x0000000082300000, 0x0000000082200000| Untracked 
|  35|0x0000000082300000, 0x0000000082400000, 0x0000000082400000|100%| O|  |TAMS 0x0000000082400000, 0x0000000082300000| Untracked 
|  36|0x0000000082400000, 0x0000000082500000, 0x0000000082500000|100%|HS|  |TAMS 0x0000000082500000, 0x0000000082400000| Complete 
|  37|0x0000000082500000, 0x0000000082600000, 0x0000000082600000|100%|HC|  |TAMS 0x0000000082600000, 0x0000000082500000| Complete 
|  38|0x0000000082600000, 0x0000000082700000, 0x0000000082700000|100%| O|  |TAMS 0x0000000082700000, 0x0000000082600000| Untracked 
|  39|0x0000000082700000, 0x0000000082800000, 0x0000000082800000|100%| O|  |TAMS 0x0000000082800000, 0x0000000082700000| Untracked 
|  40|0x0000000082800000, 0x0000000082900000, 0x0000000082900000|100%| O|  |TAMS 0x0000000082900000, 0x0000000082800000| Untracked 
|  41|0x0000000082900000, 0x0000000082a00000, 0x0000000082a00000|100%| O|  |TAMS 0x0000000082a00000, 0x0000000082900000| Untracked 
|  42|0x0000000082a00000, 0x0000000082b00000, 0x0000000082b00000|100%| O|  |TAMS 0x0000000082b00000, 0x0000000082a00000| Untracked 
|  43|0x0000000082b00000, 0x0000000082c00000, 0x0000000082c00000|100%| O|  |TAMS 0x0000000082c00000, 0x0000000082b00000| Untracked 
|  44|0x0000000082c00000, 0x0000000082d00000, 0x0000000082d00000|100%| O|  |TAMS 0x0000000082d00000, 0x0000000082c00000| Untracked 
|  45|0x0000000082d00000, 0x0000000082e00000, 0x0000000082e00000|100%| O|  |TAMS 0x0000000082e00000, 0x0000000082d00000| Untracked 
|  46|0x0000000082e00000, 0x0000000082f00000, 0x0000000082f00000|100%| O|  |TAMS 0x0000000082f00000, 0x0000000082e00000| Untracked 
|  47|0x0000000082f00000, 0x0000000083000000, 0x0000000083000000|100%| O|  |TAMS 0x0000000083000000, 0x0000000082f00000| Untracked 
|  48|0x0000000083000000, 0x0000000083100000, 0x0000000083100000|100%| O|  |TAMS 0x0000000083100000, 0x0000000083000000| Untracked 
|  49|0x0000000083100000, 0x0000000083200000, 0x0000000083200000|100%|HS|  |TAMS 0x0000000083200000, 0x0000000083100000| Complete 
|  50|0x0000000083200000, 0x0000000083300000, 0x0000000083300000|100%|HS|  |TAMS 0x0000000083300000, 0x0000000083200000| Complete 
|  51|0x0000000083300000, 0x0000000083400000, 0x0000000083400000|100%| O|  |TAMS 0x0000000083400000, 0x0000000083300000| Untracked 
|  52|0x0000000083400000, 0x0000000083500000, 0x0000000083500000|100%| O|  |TAMS 0x0000000083500000, 0x0000000083400000| Untracked 
|  53|0x0000000083500000, 0x0000000083600000, 0x0000000083600000|100%| O|  |TAMS 0x0000000083600000, 0x0000000083500000| Untracked 
|  54|0x0000000083600000, 0x0000000083700000, 0x0000000083700000|100%| O|  |TAMS 0x0000000083600000, 0x0000000083600000| Untracked 
|  55|0x0000000083700000, 0x0000000083800000, 0x0000000083800000|100%|HS|  |TAMS 0x0000000083800000, 0x0000000083700000| Complete 
|  56|0x0000000083800000, 0x0000000083900000, 0x0000000083900000|100%|HC|  |TAMS 0x0000000083900000, 0x0000000083800000| Complete 
|  57|0x0000000083900000, 0x0000000083a00000, 0x0000000083a00000|100%|HS|  |TAMS 0x0000000083a00000, 0x0000000083900000| Complete 
|  58|0x0000000083a00000, 0x0000000083b00000, 0x0000000083b00000|100%| O|  |TAMS 0x0000000083b00000, 0x0000000083a00000| Untracked 
|  59|0x0000000083b00000, 0x0000000083c00000, 0x0000000083c00000|100%|HS|  |TAMS 0x0000000083c00000, 0x0000000083b00000| Complete 
|  60|0x0000000083c00000, 0x0000000083d00000, 0x0000000083d00000|100%|HS|  |TAMS 0x0000000083d00000, 0x0000000083c00000| Complete 
|  61|0x0000000083d00000, 0x0000000083e00000, 0x0000000083e00000|100%| O|  |TAMS 0x0000000083e00000, 0x0000000083d00000| Untracked 
|  62|0x0000000083e00000, 0x0000000083f00000, 0x0000000083f00000|100%| O|  |TAMS 0x0000000083f00000, 0x0000000083e00000| Untracked 
|  63|0x0000000083f00000, 0x0000000084000000, 0x0000000084000000|100%| O|  |TAMS 0x0000000084000000, 0x0000000083f00000| Untracked 
|  64|0x0000000084000000, 0x0000000084100000, 0x0000000084100000|100%|HS|  |TAMS 0x0000000084100000, 0x0000000084000000| Complete 
|  65|0x0000000084100000, 0x0000000084200000, 0x0000000084200000|100%| O|  |TAMS 0x0000000084200000, 0x0000000084100000| Untracked 
|  66|0x0000000084200000, 0x0000000084300000, 0x0000000084300000|100%| O|  |TAMS 0x0000000084300000, 0x0000000084200000| Untracked 
|  67|0x0000000084300000, 0x0000000084400000, 0x0000000084400000|100%| O|  |TAMS 0x0000000084400000, 0x0000000084300000| Untracked 
|  68|0x0000000084400000, 0x0000000084500000, 0x0000000084500000|100%| O|  |TAMS 0x0000000084500000, 0x0000000084400000| Untracked 
|  69|0x0000000084500000, 0x0000000084600000, 0x0000000084600000|100%|HS|  |TAMS 0x0000000084600000, 0x0000000084500000| Complete 
|  70|0x0000000084600000, 0x0000000084700000, 0x0000000084700000|100%|HC|  |TAMS 0x0000000084700000, 0x0000000084600000| Complete 
|  71|0x0000000084700000, 0x0000000084800000, 0x0000000084800000|100%| O|  |TAMS 0x0000000084800000, 0x0000000084700000| Untracked 
|  72|0x0000000084800000, 0x0000000084900000, 0x0000000084900000|100%| O|  |TAMS 0x0000000084900000, 0x0000000084800000| Untracked 
|  73|0x0000000084900000, 0x0000000084a00000, 0x0000000084a00000|100%| O|  |TAMS 0x0000000084a00000, 0x0000000084900000| Untracked 
|  74|0x0000000084a00000, 0x0000000084b00000, 0x0000000084b00000|100%|HS|  |TAMS 0x0000000084b00000, 0x0000000084a00000| Complete 
|  75|0x0000000084b00000, 0x0000000084c00000, 0x0000000084c00000|100%| O|  |TAMS 0x0000000084c00000, 0x0000000084b00000| Untracked 
|  76|0x0000000084c00000, 0x0000000084d00000, 0x0000000084d00000|100%| O|  |TAMS 0x0000000084d00000, 0x0000000084c00000| Untracked 
|  77|0x0000000084d00000, 0x0000000084e00000, 0x0000000084e00000|100%| O|  |TAMS 0x0000000084e00000, 0x0000000084d00000| Untracked 
|  78|0x0000000084e00000, 0x0000000084f00000, 0x0000000084f00000|100%| O|  |TAMS 0x0000000084f00000, 0x0000000084e00000| Untracked 
|  79|0x0000000084f00000, 0x0000000085000000, 0x0000000085000000|100%| O|  |TAMS 0x0000000085000000, 0x0000000084f00000| Untracked 
|  80|0x0000000085000000, 0x0000000085100000, 0x0000000085100000|100%| O|  |TAMS 0x0000000085100000, 0x0000000085000000| Untracked 
|  81|0x0000000085100000, 0x0000000085200000, 0x0000000085200000|100%| O|  |TAMS 0x0000000085200000, 0x0000000085100000| Untracked 
|  82|0x0000000085200000, 0x0000000085300000, 0x0000000085300000|100%| O|  |TAMS 0x0000000085300000, 0x0000000085200000| Untracked 
|  83|0x0000000085300000, 0x0000000085400000, 0x0000000085400000|100%| O|  |TAMS 0x00000000853c8608, 0x0000000085300000| Untracked 
|  84|0x0000000085400000, 0x0000000085500000, 0x0000000085500000|100%| O|  |TAMS 0x0000000085400000, 0x0000000085400000| Untracked 
|  85|0x0000000085500000, 0x0000000085600000, 0x0000000085600000|100%| O|  |TAMS 0x0000000085500000, 0x0000000085500000| Untracked 
|  86|0x0000000085600000, 0x0000000085700000, 0x0000000085700000|100%| O|  |TAMS 0x0000000085600000, 0x0000000085600000| Untracked 
|  87|0x0000000085700000, 0x0000000085800000, 0x0000000085800000|100%| O|  |TAMS 0x0000000085700000, 0x0000000085700000| Untracked 
|  88|0x0000000085800000, 0x0000000085900000, 0x0000000085900000|100%| O|  |TAMS 0x0000000085800000, 0x0000000085800000| Untracked 
|  89|0x0000000085900000, 0x0000000085a00000, 0x0000000085a00000|100%| O|  |TAMS 0x0000000085900000, 0x0000000085900000| Untracked 
|  90|0x0000000085a00000, 0x0000000085b00000, 0x0000000085b00000|100%| O|  |TAMS 0x0000000085a00000, 0x0000000085a00000| Untracked 
|  91|0x0000000085b00000, 0x0000000085c00000, 0x0000000085c00000|100%| O|  |TAMS 0x0000000085b00000, 0x0000000085b00000| Untracked 
|  92|0x0000000085c00000, 0x0000000085d00000, 0x0000000085d00000|100%| O|  |TAMS 0x0000000085c00000, 0x0000000085c00000| Untracked 
|  93|0x0000000085d00000, 0x0000000085e00000, 0x0000000085e00000|100%| O|  |TAMS 0x0000000085d00000, 0x0000000085d00000| Untracked 
|  94|0x0000000085e00000, 0x0000000085f00000, 0x0000000085f00000|100%| O|  |TAMS 0x0000000085e00000, 0x0000000085e00000| Untracked 
|  95|0x0000000085f00000, 0x0000000086000000, 0x0000000086000000|100%| O|  |TAMS 0x0000000085f00000, 0x0000000085f00000| Untracked 
|  96|0x0000000086000000, 0x0000000086100000, 0x0000000086100000|100%| O|  |TAMS 0x0000000086000000, 0x0000000086000000| Untracked 
|  97|0x0000000086100000, 0x0000000086200000, 0x0000000086200000|100%| O|  |TAMS 0x0000000086100000, 0x0000000086100000| Untracked 
|  98|0x0000000086200000, 0x0000000086300000, 0x0000000086300000|100%| O|  |TAMS 0x0000000086200000, 0x0000000086200000| Untracked 
|  99|0x0000000086300000, 0x0000000086400000, 0x0000000086400000|100%| O|  |TAMS 0x0000000086300000, 0x0000000086300000| Untracked 
| 100|0x0000000086400000, 0x0000000086500000, 0x0000000086500000|100%| O|  |TAMS 0x0000000086400000, 0x0000000086400000| Untracked 
| 101|0x0000000086500000, 0x0000000086600000, 0x0000000086600000|100%| O|  |TAMS 0x0000000086500000, 0x0000000086500000| Untracked 
| 102|0x0000000086600000, 0x0000000086700000, 0x0000000086700000|100%| O|  |TAMS 0x0000000086600000, 0x0000000086600000| Untracked 
| 103|0x0000000086700000, 0x0000000086800000, 0x0000000086800000|100%| O|  |TAMS 0x0000000086700000, 0x0000000086700000| Untracked 
| 104|0x0000000086800000, 0x0000000086900000, 0x0000000086900000|100%| O|  |TAMS 0x0000000086800000, 0x0000000086800000| Untracked 
| 105|0x0000000086900000, 0x0000000086a00000, 0x0000000086a00000|100%| O|  |TAMS 0x0000000086900000, 0x0000000086900000| Untracked 
| 106|0x0000000086a00000, 0x0000000086b00000, 0x0000000086b00000|100%| O|  |TAMS 0x0000000086a00000, 0x0000000086a00000| Untracked 
| 107|0x0000000086b00000, 0x0000000086c00000, 0x0000000086c00000|100%| O|  |TAMS 0x0000000086b00000, 0x0000000086b00000| Untracked 
| 108|0x0000000086c00000, 0x0000000086d00000, 0x0000000086d00000|100%| O|  |TAMS 0x0000000086c00000, 0x0000000086c00000| Untracked 
| 109|0x0000000086d00000, 0x0000000086e00000, 0x0000000086e00000|100%| O|  |TAMS 0x0000000086d00000, 0x0000000086d00000| Untracked 
| 110|0x0000000086e00000, 0x0000000086f00000, 0x0000000086f00000|100%| O|  |TAMS 0x0000000086e00000, 0x0000000086e00000| Untracked 
| 111|0x0000000086f00000, 0x0000000087000000, 0x0000000087000000|100%| O|  |TAMS 0x0000000086f00000, 0x0000000086f00000| Untracked 
| 112|0x0000000087000000, 0x0000000087100000, 0x0000000087100000|100%| O|  |TAMS 0x0000000087000000, 0x0000000087000000| Untracked 
| 113|0x0000000087100000, 0x0000000087200000, 0x0000000087200000|100%| O|  |TAMS 0x0000000087100000, 0x0000000087100000| Untracked 
| 114|0x0000000087200000, 0x0000000087300000, 0x0000000087300000|100%| O|  |TAMS 0x0000000087200000, 0x0000000087200000| Untracked 
| 115|0x0000000087300000, 0x0000000087400000, 0x0000000087400000|100%| O|  |TAMS 0x0000000087300000, 0x0000000087300000| Untracked 
| 116|0x0000000087400000, 0x0000000087500000, 0x0000000087500000|100%| O|  |TAMS 0x0000000087400000, 0x0000000087400000| Untracked 
| 117|0x0000000087500000, 0x0000000087600000, 0x0000000087600000|100%| O|  |TAMS 0x0000000087500000, 0x0000000087500000| Untracked 
| 118|0x0000000087600000, 0x0000000087700000, 0x0000000087700000|100%| O|  |TAMS 0x0000000087600000, 0x0000000087600000| Untracked 
| 119|0x0000000087700000, 0x0000000087742e00, 0x0000000087800000| 26%| O|  |TAMS 0x0000000087700000, 0x0000000087700000| Untracked 
| 120|0x0000000087800000, 0x0000000087800000, 0x0000000087900000|  0%| F|  |TAMS 0x0000000087800000, 0x0000000087800000| Untracked 
| 121|0x0000000087900000, 0x0000000087900000, 0x0000000087a00000|  0%| F|  |TAMS 0x0000000087900000, 0x0000000087900000| Untracked 
| 122|0x0000000087a00000, 0x0000000087a00000, 0x0000000087b00000|  0%| F|  |TAMS 0x0000000087a00000, 0x0000000087a00000| Untracked 
| 123|0x0000000087b00000, 0x0000000087b00000, 0x0000000087c00000|  0%| F|  |TAMS 0x0000000087b00000, 0x0000000087b00000| Untracked 
| 124|0x0000000087c00000, 0x0000000087c00000, 0x0000000087d00000|  0%| F|  |TAMS 0x0000000087c00000, 0x0000000087c00000| Untracked 
| 125|0x0000000087d00000, 0x0000000087d00000, 0x0000000087e00000|  0%| F|  |TAMS 0x0000000087d00000, 0x0000000087d00000| Untracked 
| 126|0x0000000087e00000, 0x0000000087e00000, 0x0000000087f00000|  0%| F|  |TAMS 0x0000000087e00000, 0x0000000087e00000| Untracked 
| 127|0x0000000087f00000, 0x0000000087f00000, 0x0000000088000000|  0%| F|  |TAMS 0x0000000087f00000, 0x0000000087f00000| Untracked 
| 128|0x0000000088000000, 0x0000000088000000, 0x0000000088100000|  0%| F|  |TAMS 0x0000000088000000, 0x0000000088000000| Untracked 
| 129|0x0000000088100000, 0x0000000088100000, 0x0000000088200000|  0%| F|  |TAMS 0x0000000088100000, 0x0000000088100000| Untracked 
| 130|0x0000000088200000, 0x0000000088200000, 0x0000000088300000|  0%| F|  |TAMS 0x0000000088200000, 0x0000000088200000| Untracked 
| 131|0x0000000088300000, 0x0000000088300000, 0x0000000088400000|  0%| F|  |TAMS 0x0000000088300000, 0x0000000088300000| Untracked 
| 132|0x0000000088400000, 0x0000000088400000, 0x0000000088500000|  0%| F|  |TAMS 0x0000000088400000, 0x0000000088400000| Untracked 
| 133|0x0000000088500000, 0x0000000088500000, 0x0000000088600000|  0%| F|  |TAMS 0x0000000088500000, 0x0000000088500000| Untracked 
| 134|0x0000000088600000, 0x0000000088600000, 0x0000000088700000|  0%| F|  |TAMS 0x0000000088600000, 0x0000000088600000| Untracked 
| 135|0x0000000088700000, 0x0000000088700000, 0x0000000088800000|  0%| F|  |TAMS 0x0000000088700000, 0x0000000088700000| Untracked 
| 136|0x0000000088800000, 0x0000000088800000, 0x0000000088900000|  0%| F|  |TAMS 0x0000000088800000, 0x0000000088800000| Untracked 
| 137|0x0000000088900000, 0x0000000088900000, 0x0000000088a00000|  0%| F|  |TAMS 0x0000000088900000, 0x0000000088900000| Untracked 
| 138|0x0000000088a00000, 0x0000000088a00000, 0x0000000088b00000|  0%| F|  |TAMS 0x0000000088a00000, 0x0000000088a00000| Untracked 
| 139|0x0000000088b00000, 0x0000000088b00000, 0x0000000088c00000|  0%| F|  |TAMS 0x0000000088b00000, 0x0000000088b00000| Untracked 
| 140|0x0000000088c00000, 0x0000000088c00000, 0x0000000088d00000|  0%| F|  |TAMS 0x0000000088c00000, 0x0000000088c00000| Untracked 
| 141|0x0000000088d00000, 0x0000000088d00000, 0x0000000088e00000|  0%| F|  |TAMS 0x0000000088d00000, 0x0000000088d00000| Untracked 
| 142|0x0000000088e00000, 0x0000000088e00000, 0x0000000088f00000|  0%| F|  |TAMS 0x0000000088e00000, 0x0000000088e00000| Untracked 
| 143|0x0000000088f00000, 0x0000000088f00000, 0x0000000089000000|  0%| F|  |TAMS 0x0000000088f00000, 0x0000000088f00000| Untracked 
| 144|0x0000000089000000, 0x0000000089000000, 0x0000000089100000|  0%| F|  |TAMS 0x0000000089000000, 0x0000000089000000| Untracked 
| 145|0x0000000089100000, 0x0000000089100000, 0x0000000089200000|  0%| F|  |TAMS 0x0000000089100000, 0x0000000089100000| Untracked 
| 146|0x0000000089200000, 0x0000000089200000, 0x0000000089300000|  0%| F|  |TAMS 0x0000000089200000, 0x0000000089200000| Untracked 
| 147|0x0000000089300000, 0x0000000089300000, 0x0000000089400000|  0%| F|  |TAMS 0x0000000089300000, 0x0000000089300000| Untracked 
| 148|0x0000000089400000, 0x0000000089400000, 0x0000000089500000|  0%| F|  |TAMS 0x0000000089400000, 0x0000000089400000| Untracked 
| 149|0x0000000089500000, 0x0000000089500000, 0x0000000089600000|  0%| F|  |TAMS 0x0000000089500000, 0x0000000089500000| Untracked 
| 150|0x0000000089600000, 0x0000000089600000, 0x0000000089700000|  0%| F|  |TAMS 0x0000000089600000, 0x0000000089600000| Untracked 
| 151|0x0000000089700000, 0x0000000089700000, 0x0000000089800000|  0%| F|  |TAMS 0x0000000089700000, 0x0000000089700000| Untracked 
| 152|0x0000000089800000, 0x0000000089800000, 0x0000000089900000|  0%| F|  |TAMS 0x0000000089800000, 0x0000000089800000| Untracked 
| 153|0x0000000089900000, 0x0000000089900000, 0x0000000089a00000|  0%| F|  |TAMS 0x0000000089900000, 0x0000000089900000| Untracked 
| 154|0x0000000089a00000, 0x0000000089a00000, 0x0000000089b00000|  0%| F|  |TAMS 0x0000000089a00000, 0x0000000089a00000| Untracked 
| 155|0x0000000089b00000, 0x0000000089b00000, 0x0000000089c00000|  0%| F|  |TAMS 0x0000000089b00000, 0x0000000089b00000| Untracked 
| 156|0x0000000089c00000, 0x0000000089c00000, 0x0000000089d00000|  0%| F|  |TAMS 0x0000000089c00000, 0x0000000089c00000| Untracked 
| 157|0x0000000089d00000, 0x0000000089d00000, 0x0000000089e00000|  0%| F|  |TAMS 0x0000000089d00000, 0x0000000089d00000| Untracked 
| 158|0x0000000089e00000, 0x0000000089e00000, 0x0000000089f00000|  0%| F|  |TAMS 0x0000000089e00000, 0x0000000089e00000| Untracked 
| 159|0x0000000089f00000, 0x0000000089f00000, 0x000000008a000000|  0%| F|  |TAMS 0x0000000089f00000, 0x0000000089f00000| Untracked 
| 160|0x000000008a000000, 0x000000008a000000, 0x000000008a100000|  0%| F|  |TAMS 0x000000008a000000, 0x000000008a000000| Untracked 
| 161|0x000000008a100000, 0x000000008a100000, 0x000000008a200000|  0%| F|  |TAMS 0x000000008a100000, 0x000000008a100000| Untracked 
| 162|0x000000008a200000, 0x000000008a200000, 0x000000008a300000|  0%| F|  |TAMS 0x000000008a200000, 0x000000008a200000| Untracked 
| 163|0x000000008a300000, 0x000000008a300000, 0x000000008a400000|  0%| F|  |TAMS 0x000000008a300000, 0x000000008a300000| Untracked 
| 164|0x000000008a400000, 0x000000008a400000, 0x000000008a500000|  0%| F|  |TAMS 0x000000008a400000, 0x000000008a400000| Untracked 
| 165|0x000000008a500000, 0x000000008a500000, 0x000000008a600000|  0%| F|  |TAMS 0x000000008a500000, 0x000000008a500000| Untracked 
| 166|0x000000008a600000, 0x000000008a600000, 0x000000008a700000|  0%| F|  |TAMS 0x000000008a600000, 0x000000008a600000| Untracked 
| 167|0x000000008a700000, 0x000000008a700000, 0x000000008a800000|  0%| F|  |TAMS 0x000000008a700000, 0x000000008a700000| Untracked 
| 168|0x000000008a800000, 0x000000008a800000, 0x000000008a900000|  0%| F|  |TAMS 0x000000008a800000, 0x000000008a800000| Untracked 
| 169|0x000000008a900000, 0x000000008a900000, 0x000000008aa00000|  0%| F|  |TAMS 0x000000008a900000, 0x000000008a900000| Untracked 
| 170|0x000000008aa00000, 0x000000008aa00000, 0x000000008ab00000|  0%| F|  |TAMS 0x000000008aa00000, 0x000000008aa00000| Untracked 
| 171|0x000000008ab00000, 0x000000008ab00000, 0x000000008ac00000|  0%| F|  |TAMS 0x000000008ab00000, 0x000000008ab00000| Untracked 
| 172|0x000000008ac00000, 0x000000008ac00000, 0x000000008ad00000|  0%| F|  |TAMS 0x000000008ac00000, 0x000000008ac00000| Untracked 
| 173|0x000000008ad00000, 0x000000008ad00000, 0x000000008ae00000|  0%| F|  |TAMS 0x000000008ad00000, 0x000000008ad00000| Untracked 
| 174|0x000000008ae00000, 0x000000008ae00000, 0x000000008af00000|  0%| F|  |TAMS 0x000000008ae00000, 0x000000008ae00000| Untracked 
| 175|0x000000008af00000, 0x000000008af00000, 0x000000008b000000|  0%| F|  |TAMS 0x000000008af00000, 0x000000008af00000| Untracked 
| 176|0x000000008b000000, 0x000000008b000000, 0x000000008b100000|  0%| F|  |TAMS 0x000000008b000000, 0x000000008b000000| Untracked 
| 177|0x000000008b100000, 0x000000008b100000, 0x000000008b200000|  0%| F|  |TAMS 0x000000008b100000, 0x000000008b100000| Untracked 
| 178|0x000000008b200000, 0x000000008b200000, 0x000000008b300000|  0%| F|  |TAMS 0x000000008b200000, 0x000000008b200000| Untracked 
| 179|0x000000008b300000, 0x000000008b300000, 0x000000008b400000|  0%| F|  |TAMS 0x000000008b300000, 0x000000008b300000| Untracked 
| 180|0x000000008b400000, 0x000000008b400000, 0x000000008b500000|  0%| F|  |TAMS 0x000000008b400000, 0x000000008b400000| Untracked 
| 181|0x000000008b500000, 0x000000008b500000, 0x000000008b600000|  0%| F|  |TAMS 0x000000008b500000, 0x000000008b500000| Untracked 
| 182|0x000000008b600000, 0x000000008b600000, 0x000000008b700000|  0%| F|  |TAMS 0x000000008b600000, 0x000000008b600000| Untracked 
| 183|0x000000008b700000, 0x000000008b700000, 0x000000008b800000|  0%| F|  |TAMS 0x000000008b700000, 0x000000008b700000| Untracked 
| 184|0x000000008b800000, 0x000000008b800000, 0x000000008b900000|  0%| F|  |TAMS 0x000000008b800000, 0x000000008b800000| Untracked 
| 185|0x000000008b900000, 0x000000008b900000, 0x000000008ba00000|  0%| F|  |TAMS 0x000000008b900000, 0x000000008b900000| Untracked 
| 186|0x000000008ba00000, 0x000000008ba00000, 0x000000008bb00000|  0%| F|  |TAMS 0x000000008ba00000, 0x000000008ba00000| Untracked 
| 187|0x000000008bb00000, 0x000000008bb00000, 0x000000008bc00000|  0%| F|  |TAMS 0x000000008bb00000, 0x000000008bb00000| Untracked 
| 188|0x000000008bc00000, 0x000000008bc00000, 0x000000008bd00000|  0%| F|  |TAMS 0x000000008bc00000, 0x000000008bc00000| Untracked 
| 189|0x000000008bd00000, 0x000000008bd00000, 0x000000008be00000|  0%| F|  |TAMS 0x000000008bd00000, 0x000000008bd00000| Untracked 
| 190|0x000000008be00000, 0x000000008be00000, 0x000000008bf00000|  0%| F|  |TAMS 0x000000008be00000, 0x000000008be00000| Untracked 
| 191|0x000000008bf00000, 0x000000008bf00000, 0x000000008c000000|  0%| F|  |TAMS 0x000000008bf00000, 0x000000008bf00000| Untracked 
| 192|0x000000008c000000, 0x000000008c000000, 0x000000008c100000|  0%| F|  |TAMS 0x000000008c000000, 0x000000008c000000| Untracked 
| 193|0x000000008c100000, 0x000000008c100000, 0x000000008c200000|  0%| F|  |TAMS 0x000000008c100000, 0x000000008c100000| Untracked 
| 194|0x000000008c200000, 0x000000008c200000, 0x000000008c300000|  0%| F|  |TAMS 0x000000008c200000, 0x000000008c200000| Untracked 
| 195|0x000000008c300000, 0x000000008c300000, 0x000000008c400000|  0%| F|  |TAMS 0x000000008c300000, 0x000000008c300000| Untracked 
| 196|0x000000008c400000, 0x000000008c400000, 0x000000008c500000|  0%| F|  |TAMS 0x000000008c400000, 0x000000008c400000| Untracked 
| 197|0x000000008c500000, 0x000000008c500000, 0x000000008c600000|  0%| F|  |TAMS 0x000000008c500000, 0x000000008c500000| Untracked 
| 198|0x000000008c600000, 0x000000008c600000, 0x000000008c700000|  0%| F|  |TAMS 0x000000008c600000, 0x000000008c600000| Untracked 
| 199|0x000000008c700000, 0x000000008c700000, 0x000000008c800000|  0%| F|  |TAMS 0x000000008c700000, 0x000000008c700000| Untracked 
| 200|0x000000008c800000, 0x000000008c800000, 0x000000008c900000|  0%| F|  |TAMS 0x000000008c800000, 0x000000008c800000| Untracked 
| 201|0x000000008c900000, 0x000000008c900000, 0x000000008ca00000|  0%| F|  |TAMS 0x000000008c900000, 0x000000008c900000| Untracked 
| 202|0x000000008ca00000, 0x000000008ca00000, 0x000000008cb00000|  0%| F|  |TAMS 0x000000008ca00000, 0x000000008ca00000| Untracked 
| 203|0x000000008cb00000, 0x000000008cb00000, 0x000000008cc00000|  0%| F|  |TAMS 0x000000008cb00000, 0x000000008cb00000| Untracked 
| 204|0x000000008cc00000, 0x000000008cc00000, 0x000000008cd00000|  0%| F|  |TAMS 0x000000008cc00000, 0x000000008cc00000| Untracked 
| 205|0x000000008cd00000, 0x000000008cd00000, 0x000000008ce00000|  0%| F|  |TAMS 0x000000008cd00000, 0x000000008cd00000| Untracked 
| 206|0x000000008ce00000, 0x000000008ce00000, 0x000000008cf00000|  0%| F|  |TAMS 0x000000008ce00000, 0x000000008ce00000| Untracked 
| 207|0x000000008cf00000, 0x000000008cf00000, 0x000000008d000000|  0%| F|  |TAMS 0x000000008cf00000, 0x000000008cf00000| Untracked 
| 208|0x000000008d000000, 0x000000008d000000, 0x000000008d100000|  0%| F|  |TAMS 0x000000008d000000, 0x000000008d000000| Untracked 
| 209|0x000000008d100000, 0x000000008d100000, 0x000000008d200000|  0%| F|  |TAMS 0x000000008d100000, 0x000000008d100000| Untracked 
| 210|0x000000008d200000, 0x000000008d200000, 0x000000008d300000|  0%| F|  |TAMS 0x000000008d200000, 0x000000008d200000| Untracked 
| 211|0x000000008d300000, 0x000000008d300000, 0x000000008d400000|  0%| F|  |TAMS 0x000000008d300000, 0x000000008d300000| Untracked 
| 212|0x000000008d400000, 0x000000008d400000, 0x000000008d500000|  0%| F|  |TAMS 0x000000008d400000, 0x000000008d400000| Untracked 
| 213|0x000000008d500000, 0x000000008d563580, 0x000000008d600000| 38%| S|CS|TAMS 0x000000008d500000, 0x000000008d500000| Complete 
| 214|0x000000008d600000, 0x000000008d700000, 0x000000008d700000|100%| S|CS|TAMS 0x000000008d600000, 0x000000008d600000| Complete 
| 215|0x000000008d700000, 0x000000008d800000, 0x000000008d800000|100%| S|CS|TAMS 0x000000008d700000, 0x000000008d700000| Complete 
| 216|0x000000008d800000, 0x000000008d900000, 0x000000008d900000|100%| S|CS|TAMS 0x000000008d800000, 0x000000008d800000| Complete 
| 217|0x000000008d900000, 0x000000008d900000, 0x000000008da00000|  0%| F|  |TAMS 0x000000008d900000, 0x000000008d900000| Untracked 
| 218|0x000000008da00000, 0x000000008da00000, 0x000000008db00000|  0%| F|  |TAMS 0x000000008da00000, 0x000000008da00000| Untracked 
| 219|0x000000008db00000, 0x000000008db00000, 0x000000008dc00000|  0%| F|  |TAMS 0x000000008db00000, 0x000000008db00000| Untracked 
| 220|0x000000008dc00000, 0x000000008dc00000, 0x000000008dd00000|  0%| F|  |TAMS 0x000000008dc00000, 0x000000008dc00000| Untracked 
| 221|0x000000008dd00000, 0x000000008dd00000, 0x000000008de00000|  0%| F|  |TAMS 0x000000008dd00000, 0x000000008dd00000| Untracked 
| 222|0x000000008de00000, 0x000000008de00000, 0x000000008df00000|  0%| F|  |TAMS 0x000000008de00000, 0x000000008de00000| Untracked 
| 223|0x000000008df00000, 0x000000008df00000, 0x000000008e000000|  0%| F|  |TAMS 0x000000008df00000, 0x000000008df00000| Untracked 
| 224|0x000000008e000000, 0x000000008e000000, 0x000000008e100000|  0%| F|  |TAMS 0x000000008e000000, 0x000000008e000000| Untracked 
| 225|0x000000008e100000, 0x000000008e100000, 0x000000008e200000|  0%| F|  |TAMS 0x000000008e100000, 0x000000008e100000| Untracked 
| 226|0x000000008e200000, 0x000000008e200000, 0x000000008e300000|  0%| F|  |TAMS 0x000000008e200000, 0x000000008e200000| Untracked 
| 227|0x000000008e300000, 0x000000008e300000, 0x000000008e400000|  0%| F|  |TAMS 0x000000008e300000, 0x000000008e300000| Untracked 
| 228|0x000000008e400000, 0x000000008e400000, 0x000000008e500000|  0%| F|  |TAMS 0x000000008e400000, 0x000000008e400000| Untracked 
| 229|0x000000008e500000, 0x000000008e500000, 0x000000008e600000|  0%| F|  |TAMS 0x000000008e500000, 0x000000008e500000| Untracked 
| 230|0x000000008e600000, 0x000000008e600000, 0x000000008e700000|  0%| F|  |TAMS 0x000000008e600000, 0x000000008e600000| Untracked 
| 231|0x000000008e700000, 0x000000008e700000, 0x000000008e800000|  0%| F|  |TAMS 0x000000008e700000, 0x000000008e700000| Untracked 
| 232|0x000000008e800000, 0x000000008e800000, 0x000000008e900000|  0%| F|  |TAMS 0x000000008e800000, 0x000000008e800000| Untracked 
| 233|0x000000008e900000, 0x000000008e900000, 0x000000008ea00000|  0%| F|  |TAMS 0x000000008e900000, 0x000000008e900000| Untracked 
| 234|0x000000008ea00000, 0x000000008ea00000, 0x000000008eb00000|  0%| F|  |TAMS 0x000000008ea00000, 0x000000008ea00000| Untracked 
| 235|0x000000008eb00000, 0x000000008eb00000, 0x000000008ec00000|  0%| F|  |TAMS 0x000000008eb00000, 0x000000008eb00000| Untracked 
| 236|0x000000008ec00000, 0x000000008ec00000, 0x000000008ed00000|  0%| F|  |TAMS 0x000000008ec00000, 0x000000008ec00000| Untracked 
| 237|0x000000008ed00000, 0x000000008ed00000, 0x000000008ee00000|  0%| F|  |TAMS 0x000000008ed00000, 0x000000008ed00000| Untracked 
| 238|0x000000008ee00000, 0x000000008ee00000, 0x000000008ef00000|  0%| F|  |TAMS 0x000000008ee00000, 0x000000008ee00000| Untracked 
| 239|0x000000008ef00000, 0x000000008ef00000, 0x000000008f000000|  0%| F|  |TAMS 0x000000008ef00000, 0x000000008ef00000| Untracked 
| 240|0x000000008f000000, 0x000000008f000000, 0x000000008f100000|  0%| F|  |TAMS 0x000000008f000000, 0x000000008f000000| Untracked 
| 241|0x000000008f100000, 0x000000008f100000, 0x000000008f200000|  0%| F|  |TAMS 0x000000008f100000, 0x000000008f100000| Untracked 
| 242|0x000000008f200000, 0x000000008f200000, 0x000000008f300000|  0%| F|  |TAMS 0x000000008f200000, 0x000000008f200000| Untracked 
| 243|0x000000008f300000, 0x000000008f300000, 0x000000008f400000|  0%| F|  |TAMS 0x000000008f300000, 0x000000008f300000| Untracked 
| 244|0x000000008f400000, 0x000000008f400000, 0x000000008f500000|  0%| F|  |TAMS 0x000000008f400000, 0x000000008f400000| Untracked 
| 245|0x000000008f500000, 0x000000008f500000, 0x000000008f600000|  0%| F|  |TAMS 0x000000008f500000, 0x000000008f500000| Untracked 
| 246|0x000000008f600000, 0x000000008f600000, 0x000000008f700000|  0%| F|  |TAMS 0x000000008f600000, 0x000000008f600000| Untracked 
| 247|0x000000008f700000, 0x000000008f700000, 0x000000008f800000|  0%| F|  |TAMS 0x000000008f700000, 0x000000008f700000| Untracked 
| 248|0x000000008f800000, 0x000000008f800000, 0x000000008f900000|  0%| F|  |TAMS 0x000000008f800000, 0x000000008f800000| Untracked 
| 249|0x000000008f900000, 0x000000008f900000, 0x000000008fa00000|  0%| F|  |TAMS 0x000000008f900000, 0x000000008f900000| Untracked 
| 250|0x000000008fa00000, 0x000000008fa00000, 0x000000008fb00000|  0%| F|  |TAMS 0x000000008fa00000, 0x000000008fa00000| Untracked 
| 251|0x000000008fb00000, 0x000000008fb00000, 0x000000008fc00000|  0%| F|  |TAMS 0x000000008fb00000, 0x000000008fb00000| Untracked 
| 252|0x000000008fc00000, 0x000000008fc00000, 0x000000008fd00000|  0%| F|  |TAMS 0x000000008fc00000, 0x000000008fc00000| Untracked 
| 253|0x000000008fd00000, 0x000000008fd00000, 0x000000008fe00000|  0%| F|  |TAMS 0x000000008fd00000, 0x000000008fd00000| Untracked 
| 254|0x000000008fe00000, 0x000000008fe00000, 0x000000008ff00000|  0%| F|  |TAMS 0x000000008fe00000, 0x000000008fe00000| Untracked 
| 255|0x000000008ff00000, 0x000000008ff00000, 0x0000000090000000|  0%| F|  |TAMS 0x000000008ff00000, 0x000000008ff00000| Untracked 
| 256|0x0000000090000000, 0x0000000090000000, 0x0000000090100000|  0%| F|  |TAMS 0x0000000090000000, 0x0000000090000000| Untracked 
| 257|0x0000000090100000, 0x0000000090100000, 0x0000000090200000|  0%| F|  |TAMS 0x0000000090100000, 0x0000000090100000| Untracked 
| 258|0x0000000090200000, 0x0000000090200000, 0x0000000090300000|  0%| F|  |TAMS 0x0000000090200000, 0x0000000090200000| Untracked 
| 259|0x0000000090300000, 0x0000000090300000, 0x0000000090400000|  0%| F|  |TAMS 0x0000000090300000, 0x0000000090300000| Untracked 
| 260|0x0000000090400000, 0x0000000090400000, 0x0000000090500000|  0%| F|  |TAMS 0x0000000090400000, 0x0000000090400000| Untracked 
| 261|0x0000000090500000, 0x0000000090500000, 0x0000000090600000|  0%| F|  |TAMS 0x0000000090500000, 0x0000000090500000| Untracked 
| 262|0x0000000090600000, 0x0000000090600000, 0x0000000090700000|  0%| F|  |TAMS 0x0000000090600000, 0x0000000090600000| Untracked 
| 263|0x0000000090700000, 0x0000000090700000, 0x0000000090800000|  0%| F|  |TAMS 0x0000000090700000, 0x0000000090700000| Untracked 
| 264|0x0000000090800000, 0x0000000090800000, 0x0000000090900000|  0%| F|  |TAMS 0x0000000090800000, 0x0000000090800000| Untracked 
| 265|0x0000000090900000, 0x0000000090900000, 0x0000000090a00000|  0%| F|  |TAMS 0x0000000090900000, 0x0000000090900000| Untracked 
| 266|0x0000000090a00000, 0x0000000090a00000, 0x0000000090b00000|  0%| F|  |TAMS 0x0000000090a00000, 0x0000000090a00000| Untracked 
| 267|0x0000000090b00000, 0x0000000090b00000, 0x0000000090c00000|  0%| F|  |TAMS 0x0000000090b00000, 0x0000000090b00000| Untracked 
| 268|0x0000000090c00000, 0x0000000090c00000, 0x0000000090d00000|  0%| F|  |TAMS 0x0000000090c00000, 0x0000000090c00000| Untracked 
| 269|0x0000000090d00000, 0x0000000090d00000, 0x0000000090e00000|  0%| F|  |TAMS 0x0000000090d00000, 0x0000000090d00000| Untracked 
| 270|0x0000000090e00000, 0x0000000090e00000, 0x0000000090f00000|  0%| F|  |TAMS 0x0000000090e00000, 0x0000000090e00000| Untracked 

Card table byte_map: [0x00000249e7910000,0x00000249e7d10000] _byte_map_base: 0x00000249e7510000

Marking Bits (Prev, Next): (CMBitMap*) 0x00000249ce7be620, (CMBitMap*) 0x00000249ce7be660
 Prev Bits: [0x00000249e8110000, 0x00000249ea110000)
 Next Bits: [0x00000249ea110000, 0x00000249ec110000)

Polling page: 0x00000249ce820000

Metaspace:

Usage:
  Non-class:     84.18 MB used.
      Class:     13.40 MB used.
       Both:     97.58 MB used.

Virtual space:
  Non-class space:      128.00 MB reserved,      84.75 MB ( 66%) committed,  2 nodes.
      Class space:        1.00 GB reserved,      13.94 MB (  1%) committed,  1 nodes.
             Both:        1.12 GB reserved,      98.69 MB (  9%) committed. 

Chunk freelists:
   Non-Class:  11.06 MB
       Class:  2.11 MB
        Both:  13.17 MB

MaxMetaspaceSize: unlimited
CompressedClassSpaceSize: 1.00 GB
Initial GC threshold: 21.00 MB
Current GC threshold: 160.56 MB
CDS: on
MetaspaceReclaimPolicy: balanced
 - commit_granule_bytes: 65536.
 - commit_granule_words: 8192.
 - virtual_space_node_default_size: 8388608.
 - enlarge_chunks_in_place: 1.
 - new_chunks_are_fully_committed: 0.
 - uncommit_free_chunks: 1.
 - use_allocation_guard: 0.
 - handle_deallocations: 1.


Internal statistics:

num_allocs_failed_limit: 9.
num_arena_births: 1680.
num_arena_deaths: 0.
num_vsnodes_births: 3.
num_vsnodes_deaths: 0.
num_space_committed: 1577.
num_space_uncommitted: 0.
num_chunks_returned_to_freelist: 9.
num_chunks_taken_from_freelist: 6127.
num_chunk_merges: 9.
num_chunk_splits: 3968.
num_chunks_enlarged: 2537.
num_inconsistent_stats: 0.

CodeHeap 'non-profiled nmethods': size=120000Kb used=6659Kb max_used=6803Kb free=113340Kb
 bounds [0x00000249df580000, 0x00000249dfc30000, 0x00000249e6ab0000]
CodeHeap 'profiled nmethods': size=120000Kb used=20662Kb max_used=22344Kb free=99338Kb
 bounds [0x00000249d7ab0000, 0x00000249d9090000, 0x00000249defe0000]
CodeHeap 'non-nmethods': size=5760Kb used=1758Kb max_used=1805Kb free=4001Kb
 bounds [0x00000249defe0000, 0x00000249df250000, 0x00000249df580000]
 total_blobs=12181 nmethods=11335 adapters=758
 compilation: enabled
              stopped_count=0, restarted_count=0
 full_count=0

Compilation events (20 events):
Event: 64.785 Thread 0x00000249ee9bf900 14206       4       com.google.common.collect.EnumMultiset::isActuallyE (44 bytes)
Event: 64.786 Thread 0x00000249ee9bf900 nmethod 14206 0x00000249df783d10 code [0x00000249df783ea0, 0x00000249df783fb8]
Event: 64.786 Thread 0x00000249ee9bf900 14202       4       org.gradle.internal.snapshot.AbstractListChildMap::stream (10 bytes)
Event: 64.797 Thread 0x00000249ee9bf900 nmethod 14202 0x00000249df783090 code [0x00000249df783260, 0x00000249df783a18]
Event: 64.797 Thread 0x00000249ee9bf900 14191       4       java.util.stream.AbstractPipeline::close (48 bytes)
Event: 64.798 Thread 0x00000249ee9bf900 nmethod 14191 0x00000249df782d10 code [0x00000249df782ea0, 0x00000249df782ff8]
Event: 64.798 Thread 0x00000249ee9bf900 14195       4       org.gradle.internal.snapshot.RegularFileSnapshot::getType (4 bytes)
Event: 64.799 Thread 0x00000249ee9bf900 nmethod 14195 0x00000249df782a10 code [0x00000249df782ba0, 0x00000249df782c18]
Event: 64.817 Thread 0x00000249ee9bf900 14208       4       java.lang.ClassLoader::findClass (9 bytes)
Event: 64.819 Thread 0x00000249ee9bf900 nmethod 14208 0x00000249df782690 code [0x00000249df782820, 0x00000249df782908]
Event: 64.824 Thread 0x00000249ee9c3710 14209       3       java.util.Formatter$Conversion::isValid (256 bytes)
Event: 64.825 Thread 0x00000249ee9c3710 nmethod 14209 0x00000249d85c2290 code [0x00000249d85c2440, 0x00000249d85c29f8]
Event: 64.833 Thread 0x00000249ee9c3710 14210       3       java.util.concurrent.ConcurrentLinkedQueue$Node::casItem (10 bytes)
Event: 64.834 Thread 0x00000249ee9c3710 nmethod 14210 0x00000249d7d94390 code [0x00000249d7d94620, 0x00000249d7d95238]
Event: 64.835 Thread 0x00000249ee9bf900 14211       4       java.lang.invoke.VarHandleReferences$FieldInstanceReadWrite::compareAndSet (48 bytes)
Event: 64.840 Thread 0x00000249ee9bf900 nmethod 14211 0x00000249df781f90 code [0x00000249df782120, 0x00000249df782498]
Event: 64.840 Thread 0x00000249ee9c3710 14212       3       java.util.concurrent.ConcurrentLinkedQueue$Itr::hasNext (13 bytes)
Event: 64.841 Thread 0x00000249ee9c3710 nmethod 14212 0x00000249d823c890 code [0x00000249d823ca20, 0x00000249d823cb78]
Event: 64.852 Thread 0x00000249ee9bf900 14213       4       java.lang.invoke.MethodHandles$Lookup::in (283 bytes)
Event: 64.855 Thread 0x00000249ee9bf900 nmethod 14213 0x00000249df781a90 code [0x00000249df781c20, 0x00000249df781e58]

GC Heap History (20 events):
Event: 22.728 GC heap after
{Heap after GC invocations=46 (full 0):
 garbage-first heap   total 215040K, used 74869K [0x0000000080000000, 0x0000000100000000)
  region size 1024K, 4 young (4096K), 4 survivors (4096K)
 Metaspace       used 67579K, committed 68480K, reserved 1114112K
  class space    used 9390K, committed 9856K, reserved 1048576K
}
Event: 26.430 GC heap before
{Heap before GC invocations=46 (full 0):
 garbage-first heap   total 215040K, used 176245K [0x0000000080000000, 0x0000000100000000)
  region size 1024K, 98 young (100352K), 4 survivors (4096K)
 Metaspace       used 73793K, committed 74688K, reserved 1114112K
  class space    used 10174K, committed 10624K, reserved 1048576K
}
Event: 26.552 GC heap after
{Heap after GC invocations=47 (full 0):
 garbage-first heap   total 215040K, used 83146K [0x0000000080000000, 0x0000000100000000)
  region size 1024K, 11 young (11264K), 11 survivors (11264K)
 Metaspace       used 73793K, committed 74688K, reserved 1114112K
  class space    used 10174K, committed 10624K, reserved 1048576K
}
Event: 30.387 GC heap before
{Heap before GC invocations=47 (full 0):
 garbage-first heap   total 215040K, used 169162K [0x0000000080000000, 0x0000000100000000)
  region size 1024K, 95 young (97280K), 11 survivors (11264K)
 Metaspace       used 79566K, committed 80576K, reserved 1179648K
  class space    used 11020K, committed 11520K, reserved 1048576K
}
Event: 30.494 GC heap after
{Heap after GC invocations=48 (full 0):
 garbage-first heap   total 215040K, used 86368K [0x0000000080000000, 0x0000000100000000)
  region size 1024K, 4 young (4096K), 4 survivors (4096K)
 Metaspace       used 79566K, committed 80576K, reserved 1179648K
  class space    used 11020K, committed 11520K, reserved 1048576K
}
Event: 34.546 GC heap before
{Heap before GC invocations=48 (full 0):
 garbage-first heap   total 215040K, used 173408K [0x0000000080000000, 0x0000000100000000)
  region size 1024K, 89 young (91136K), 4 survivors (4096K)
 Metaspace       used 85670K, committed 86656K, reserved 1179648K
  class space    used 11974K, committed 12480K, reserved 1048576K
}
Event: 34.666 GC heap after
{Heap after GC invocations=49 (full 0):
 garbage-first heap   total 215040K, used 89659K [0x0000000080000000, 0x0000000100000000)
  region size 1024K, 7 young (7168K), 7 survivors (7168K)
 Metaspace       used 85670K, committed 86656K, reserved 1179648K
  class space    used 11974K, committed 12480K, reserved 1048576K
}
Event: 39.416 GC heap before
{Heap before GC invocations=49 (full 0):
 garbage-first heap   total 215040K, used 175675K [0x0000000080000000, 0x0000000100000000)
  region size 1024K, 91 young (93184K), 7 survivors (7168K)
 Metaspace       used 91933K, committed 93056K, reserved 1179648K
  class space    used 12841K, committed 13376K, reserved 1048576K
}
Event: 39.592 GC heap after
{Heap after GC invocations=50 (full 0):
 garbage-first heap   total 277504K, used 93862K [0x0000000080000000, 0x0000000100000000)
  region size 1024K, 8 young (8192K), 8 survivors (8192K)
 Metaspace       used 91933K, committed 93056K, reserved 1179648K
  class space    used 12841K, committed 13376K, reserved 1048576K
}
Event: 49.078 GC heap before
{Heap before GC invocations=50 (full 0):
 garbage-first heap   total 277504K, used 212646K [0x0000000080000000, 0x0000000100000000)
  region size 1024K, 121 young (123904K), 8 survivors (8192K)
 Metaspace       used 97428K, committed 98496K, reserved 1179648K
  class space    used 13433K, committed 13952K, reserved 1048576K
}
Event: 49.417 GC heap after
{Heap after GC invocations=51 (full 0):
 garbage-first heap   total 277504K, used 109461K [0x0000000080000000, 0x0000000100000000)
  region size 1024K, 17 young (17408K), 17 survivors (17408K)
 Metaspace       used 97428K, committed 98496K, reserved 1179648K
  class space    used 13433K, committed 13952K, reserved 1048576K
}
Event: 51.022 GC heap before
{Heap before GC invocations=52 (full 0):
 garbage-first heap   total 277504K, used 126869K [0x0000000080000000, 0x0000000100000000)
  region size 1024K, 34 young (34816K), 17 survivors (17408K)
 Metaspace       used 97518K, committed 98624K, reserved 1179648K
  class space    used 13436K, committed 13952K, reserved 1048576K
}
Event: 51.140 GC heap after
{Heap after GC invocations=53 (full 0):
 garbage-first heap   total 277504K, used 113260K [0x0000000080000000, 0x0000000100000000)
  region size 1024K, 4 young (4096K), 4 survivors (4096K)
 Metaspace       used 97518K, committed 98624K, reserved 1179648K
  class space    used 13436K, committed 13952K, reserved 1048576K
}
Event: 51.424 GC heap before
{Heap before GC invocations=53 (full 0):
 garbage-first heap   total 277504K, used 121452K [0x0000000080000000, 0x0000000100000000)
  region size 1024K, 13 young (13312K), 4 survivors (4096K)
 Metaspace       used 97518K, committed 98624K, reserved 1179648K
  class space    used 13436K, committed 13952K, reserved 1048576K
}
Event: 51.481 GC heap after
{Heap after GC invocations=54 (full 0):
 garbage-first heap   total 277504K, used 113787K [0x0000000080000000, 0x0000000100000000)
  region size 1024K, 2 young (2048K), 2 survivors (2048K)
 Metaspace       used 97518K, committed 98624K, reserved 1179648K
  class space    used 13436K, committed 13952K, reserved 1048576K
}
Event: 56.155 GC heap before
{Heap before GC invocations=54 (full 0):
 garbage-first heap   total 277504K, used 181371K [0x0000000080000000, 0x0000000100000000)
  region size 1024K, 69 young (70656K), 2 survivors (2048K)
 Metaspace       used 97918K, committed 99072K, reserved 1179648K
  class space    used 13480K, committed 14016K, reserved 1048576K
}
Event: 56.217 GC heap after
{Heap after GC invocations=55 (full 0):
 garbage-first heap   total 277504K, used 117186K [0x0000000080000000, 0x0000000100000000)
  region size 1024K, 5 young (5120K), 5 survivors (5120K)
 Metaspace       used 97918K, committed 99072K, reserved 1179648K
  class space    used 13480K, committed 14016K, reserved 1048576K
}
Event: 60.386 GC heap before
{Heap before GC invocations=55 (full 0):
 garbage-first heap   total 277504K, used 195010K [0x0000000080000000, 0x0000000100000000)
  region size 1024K, 82 young (83968K), 5 survivors (5120K)
 Metaspace       used 98053K, committed 99136K, reserved 1179648K
  class space    used 13492K, committed 14016K, reserved 1048576K
}
Event: 60.544 GC heap after
{Heap after GC invocations=56 (full 0):
 garbage-first heap   total 277504K, used 122599K [0x0000000080000000, 0x0000000100000000)
  region size 1024K, 10 young (10240K), 10 survivors (10240K)
 Metaspace       used 98053K, committed 99136K, reserved 1179648K
  class space    used 13492K, committed 14016K, reserved 1048576K
}
Event: 64.860 GC heap before
{Heap before GC invocations=56 (full 0):
 garbage-first heap   total 277504K, used 176871K [0x0000000080000000, 0x0000000100000000)
  region size 1024K, 64 young (65536K), 10 survivors (10240K)
 Metaspace       used 99920K, committed 101056K, reserved 1179648K
  class space    used 13718K, committed 14272K, reserved 1048576K
}

Dll operation events (15 events):
Event: 0.038 Loaded shared library C:\Users\welcome\.gradle\jdks\eclipse_adoptium-17-amd64-windows.2\bin\java.dll
Event: 0.111 Loaded shared library C:\Users\welcome\.gradle\jdks\eclipse_adoptium-17-amd64-windows.2\bin\jsvml.dll
Event: 0.243 Loaded shared library C:\Users\welcome\.gradle\jdks\eclipse_adoptium-17-amd64-windows.2\bin\zip.dll
Event: 0.251 Loaded shared library C:\Users\welcome\.gradle\jdks\eclipse_adoptium-17-amd64-windows.2\bin\instrument.dll
Event: 0.266 Loaded shared library C:\Users\welcome\.gradle\jdks\eclipse_adoptium-17-amd64-windows.2\bin\net.dll
Event: 0.270 Loaded shared library C:\Users\welcome\.gradle\jdks\eclipse_adoptium-17-amd64-windows.2\bin\nio.dll
Event: 0.273 Loaded shared library C:\Users\welcome\.gradle\jdks\eclipse_adoptium-17-amd64-windows.2\bin\zip.dll
Event: 0.590 Loaded shared library C:\Users\welcome\.gradle\jdks\eclipse_adoptium-17-amd64-windows.2\bin\jimage.dll
Event: 0.944 Loaded shared library C:\Users\welcome\.gradle\jdks\eclipse_adoptium-17-amd64-windows.2\bin\verify.dll
Event: 0.976 Loaded shared library C:\Users\welcome\.gradle\native\660c5614fbf4a5f2a75b1949f50a0caf5cd603558e7d8a26e50b933a0cfb79d1\windows-amd64\native-platform.dll
Event: 0.990 Loaded shared library C:\Users\welcome\.gradle\native\0.2.8\x86_64-windows-gnu\gradle-fileevents.dll
Event: 2.276 Loaded shared library C:\Users\welcome\.gradle\jdks\eclipse_adoptium-17-amd64-windows.2\bin\management.dll
Event: 2.284 Loaded shared library C:\Users\welcome\.gradle\jdks\eclipse_adoptium-17-amd64-windows.2\bin\management_ext.dll
Event: 2.565 Loaded shared library C:\Users\welcome\.gradle\jdks\eclipse_adoptium-17-amd64-windows.2\bin\extnet.dll
Event: 2.996 Loaded shared library C:\Users\welcome\.gradle\jdks\eclipse_adoptium-17-amd64-windows.2\bin\sunmscapi.dll

Deoptimization events (20 events):
Event: 64.825 Thread 0x00000249f4e4f670 Uncommon trap: trap_request=0xffffff45 fr.pc=0x00000249df855c94 relative=0x0000000000000074
Event: 64.825 Thread 0x00000249f4e4f670 Uncommon trap: reason=unstable_if action=reinterpret pc=0x00000249df855c94 method=org.gradle.internal.logging.slf4j.OutputEventListenerBackedLogger.isLevelAtMost(Lorg/gradle/api/logging/LogLevel;)Z @ 11 c2
Event: 64.825 Thread 0x00000249f4e4f670 DEOPT PACKING pc=0x00000249df855c94 sp=0x000000aeaa2fc5d0
Event: 64.825 Thread 0x00000249f4e4f670 DEOPT UNPACKING pc=0x00000249df03a1a3 sp=0x000000aeaa2fc570 mode 2
Event: 64.825 Thread 0x00000249f4e4f670 Uncommon trap: trap_request=0xffffffc6 fr.pc=0x00000249df97f208 relative=0x0000000000000088
Event: 64.825 Thread 0x00000249f4e4f670 Uncommon trap: reason=bimorphic_or_optimized_type_check action=maybe_recompile pc=0x00000249df97f208 method=org.gradle.internal.logging.sink.OutputEventRenderer.onOutput(Lorg/gradle/internal/logging/events/OutputEvent;)V @ 1 c2
Event: 64.825 Thread 0x00000249f4e4f670 DEOPT PACKING pc=0x00000249df97f208 sp=0x000000aeaa2fc560
Event: 64.825 Thread 0x00000249f4e4f670 DEOPT UNPACKING pc=0x00000249df03a1a3 sp=0x000000aeaa2fc4a0 mode 2
Event: 64.825 Thread 0x00000249f4e4f670 Uncommon trap: trap_request=0xffffffde fr.pc=0x00000249df989110 relative=0x00000000000009f0
Event: 64.825 Thread 0x00000249f4e4f670 Uncommon trap: reason=class_check action=maybe_recompile pc=0x00000249df989110 method=org.gradle.internal.logging.sink.OutputEventTransformer.onOutput(Lorg/gradle/internal/logging/events/OutputEvent;)V @ 215 c2
Event: 64.825 Thread 0x00000249f4e4f670 DEOPT PACKING pc=0x00000249df989110 sp=0x000000aeaa2fc440
Event: 64.825 Thread 0x00000249f4e4f670 DEOPT UNPACKING pc=0x00000249df03a1a3 sp=0x000000aeaa2fc418 mode 2
Event: 64.851 Thread 0x00000249f5082fe0 Uncommon trap: trap_request=0xffffffde fr.pc=0x00000249df604080 relative=0x0000000000000160
Event: 64.852 Thread 0x00000249f5082fe0 Uncommon trap: reason=class_check action=maybe_recompile pc=0x00000249df604080 method=java.util.concurrent.locks.ReentrantLock$Sync.lock()V @ 1 c2
Event: 64.852 Thread 0x00000249f5082fe0 DEOPT PACKING pc=0x00000249df604080 sp=0x000000aeab0feed0
Event: 64.852 Thread 0x00000249f5082fe0 DEOPT UNPACKING pc=0x00000249df03a1a3 sp=0x000000aeab0fee30 mode 2
Event: 64.852 Thread 0x00000249f4e4f670 Uncommon trap: trap_request=0xffffff45 fr.pc=0x00000249df7af2f4 relative=0x0000000000001634
Event: 64.852 Thread 0x00000249f4e4f670 Uncommon trap: reason=unstable_if action=reinterpret pc=0x00000249df7af2f4 method=java.util.concurrent.locks.AbstractQueuedSynchronizer.acquire(Ljava/util/concurrent/locks/AbstractQueuedSynchronizer$Node;IZZZJ)I @ 180 c2
Event: 64.852 Thread 0x00000249f4e4f670 DEOPT PACKING pc=0x00000249df7af2f4 sp=0x000000aeaa2fc500
Event: 64.852 Thread 0x00000249f4e4f670 DEOPT UNPACKING pc=0x00000249df03a1a3 sp=0x000000aeaa2fc4f0 mode 2

Classes loaded (20 events):
Event: 63.803 Loading class sun/nio/fs/WindowsLinkSupport
Event: 63.806 Loading class sun/nio/fs/WindowsLinkSupport done
Event: 63.874 Loading class javax/management/MalformedObjectNameException
Event: 63.876 Loading class javax/management/MalformedObjectNameException done
Event: 63.877 Loading class javax/management/InstanceAlreadyExistsException
Event: 63.878 Loading class javax/management/InstanceAlreadyExistsException done
Event: 63.892 Loading class javax/management/MBeanRegistrationException
Event: 63.893 Loading class javax/management/MBeanException
Event: 63.894 Loading class javax/management/MBeanException done
Event: 63.894 Loading class javax/management/MBeanRegistrationException done
Event: 63.894 Loading class javax/management/NotCompliantMBeanException
Event: 63.894 Loading class javax/management/NotCompliantMBeanException done
Event: 63.895 Loading class javax/management/AttributeNotFoundException
Event: 63.896 Loading class javax/management/AttributeNotFoundException done
Event: 63.897 Loading class javax/management/ReflectionException
Event: 63.897 Loading class javax/management/ReflectionException done
Event: 63.897 Loading class javax/management/InstanceNotFoundException
Event: 63.898 Loading class javax/management/InstanceNotFoundException done
Event: 64.039 Loading class java/io/FileWriter
Event: 64.040 Loading class java/io/FileWriter done

Classes unloaded (0 events):
No events

Classes redefined (0 events):
No events

Internal exceptions (20 events):
Event: 59.781 Thread 0x00000249f8b267a0 Exception <a 'java/lang/NoSuchMethodError'{0x000000008c3891b0}: static Ljava/lang/Object;.<clinit>()V> (0x000000008c3891b0) 
thrown [s\src\hotspot\share\prims\jni.cpp, line 1112]
Event: 59.790 Thread 0x00000249f8b267a0 Exception <a 'java/lang/NoSuchMethodError'{0x000000008c3a5798}: static Lcom/android/build/api/artifact/ArtifactKind;.<clinit>()V> (0x000000008c3a5798) 
thrown [s\src\hotspot\share\prims\jni.cpp, line 1112]
Event: 59.790 Thread 0x00000249f8b267a0 Exception <a 'java/lang/NoSuchMethodError'{0x000000008c3a6e98}: static Lcom/android/build/api/artifact/ArtifactKind;.<clinit>()V> (0x000000008c3a6e98) 
thrown [s\src\hotspot\share\prims\jni.cpp, line 1112]
Event: 61.351 Thread 0x00000249f8b1f330 Exception <a 'sun/nio/fs/WindowsException'{0x000000008f61e628}> (0x000000008f61e628) 
thrown [s\src\hotspot\share\prims\jni.cpp, line 516]
Event: 61.353 Thread 0x00000249f8b1f330 Exception <a 'sun/nio/fs/WindowsException'{0x000000008f620d78}> (0x000000008f620d78) 
thrown [s\src\hotspot\share\prims\jni.cpp, line 516]
Event: 61.370 Thread 0x00000249f8b1f330 Exception <a 'sun/nio/fs/WindowsException'{0x000000008f634d80}> (0x000000008f634d80) 
thrown [s\src\hotspot\share\prims\jni.cpp, line 516]
Event: 61.371 Thread 0x00000249f8b1f330 Exception <a 'sun/nio/fs/WindowsException'{0x000000008f6372b8}> (0x000000008f6372b8) 
thrown [s\src\hotspot\share\prims\jni.cpp, line 516]
Event: 61.668 Thread 0x00000249f8b267a0 Exception <a 'sun/nio/fs/WindowsException'{0x000000008f9544e0}> (0x000000008f9544e0) 
thrown [s\src\hotspot\share\prims\jni.cpp, line 516]
Event: 61.669 Thread 0x00000249f8b267a0 Exception <a 'sun/nio/fs/WindowsException'{0x000000008f957430}> (0x000000008f957430) 
thrown [s\src\hotspot\share\prims\jni.cpp, line 516]
Event: 62.536 Thread 0x00000249f8b267a0 Exception <a 'sun/nio/fs/WindowsException'{0x000000008e9ce5e0}> (0x000000008e9ce5e0) 
thrown [s\src\hotspot\share\prims\jni.cpp, line 516]
Event: 62.996 Thread 0x00000249f4e4f670 Implicit null exception at 0x00000249df9901d4 to 0x00000249df990388
Event: 63.003 Thread 0x00000249f4e4f670 Implicit null exception at 0x00000249df931214 to 0x00000249df9339f8
Event: 63.790 Thread 0x00000249f4e4f670 Exception <a 'sun/nio/fs/WindowsException'{0x000000008e51bc58}> (0x000000008e51bc58) 
thrown [s\src\hotspot\share\prims\jni.cpp, line 516]
Event: 64.267 Thread 0x00000249f6111230 Implicit null exception at 0x00000249dfbd3d8f to 0x00000249dfbd474c
Event: 64.270 Thread 0x00000249f6111230 Exception <a 'sun/nio/fs/WindowsException'{0x000000008e280cf8}> (0x000000008e280cf8) 
thrown [s\src\hotspot\share\prims\jni.cpp, line 516]
Event: 64.271 Thread 0x00000249f4e4f670 Exception <a 'java/lang/NoSuchMethodError'{0x000000008e20df00}: 'void java.lang.invoke.DirectMethodHandle$Holder.invokeSpecial(java.lang.Object, java.lang.Object, int)'> (0x000000008e20df00) 
thrown [s\src\hotspot\share\interpreter\linkResolver.cpp, line 759]
Event: 64.303 Thread 0x00000249f4e4f670 Exception <a 'sun/nio/fs/WindowsException'{0x000000008e21e5b8}> (0x000000008e21e5b8) 
thrown [s\src\hotspot\share\prims\jni.cpp, line 516]
Event: 64.314 Thread 0x00000249f4e4f670 Implicit null exception at 0x00000249df5b53f2 to 0x00000249df5b569b
Event: 64.357 Thread 0x00000249f4e4f670 Implicit null exception at 0x00000249dfbeb8f7 to 0x00000249dfbebb43
Event: 64.409 Thread 0x00000249f4e4f670 Implicit null exception at 0x00000249dfbc74f9 to 0x00000249dfbc76dc

VM Operations (20 events):
Event: 60.204 Executing VM operation: HandshakeAllThreads done
Event: 60.382 Executing VM operation: G1CollectForAllocation
Event: 60.544 Executing VM operation: G1CollectForAllocation done
Event: 61.558 Executing VM operation: Cleanup
Event: 61.558 Executing VM operation: Cleanup done
Event: 62.567 Executing VM operation: Cleanup
Event: 62.590 Executing VM operation: Cleanup done
Event: 63.591 Executing VM operation: Cleanup
Event: 63.609 Executing VM operation: Cleanup done
Event: 63.717 Executing VM operation: HandshakeAllThreads
Event: 63.720 Executing VM operation: HandshakeAllThreads done
Event: 64.041 Executing VM operation: HandshakeAllThreads
Event: 64.042 Executing VM operation: HandshakeAllThreads done
Event: 64.379 Executing VM operation: HandshakeAllThreads
Event: 64.379 Executing VM operation: HandshakeAllThreads done
Event: 64.844 Executing VM operation: HandshakeAllThreads
Event: 64.844 Executing VM operation: HandshakeAllThreads done
Event: 64.844 Executing VM operation: Cleanup
Event: 64.844 Executing VM operation: Cleanup done
Event: 64.857 Executing VM operation: G1CollectForAllocation

Memory protections (0 events):
No events

Nmethod flushes (20 events):
Event: 58.066 Thread 0x00000249ee9cc030 flushing  nmethod 0x00000249d8e31a10
Event: 58.066 Thread 0x00000249ee9cc030 flushing  nmethod 0x00000249d8e34b10
Event: 58.066 Thread 0x00000249ee9cc030 flushing  nmethod 0x00000249d8e36610
Event: 58.066 Thread 0x00000249ee9cc030 flushing  nmethod 0x00000249d8e39590
Event: 58.066 Thread 0x00000249ee9cc030 flushing  nmethod 0x00000249d8e3ec10
Event: 58.066 Thread 0x00000249ee9cc030 flushing  nmethod 0x00000249d8e45110
Event: 58.066 Thread 0x00000249ee9cc030 flushing  nmethod 0x00000249d8e47190
Event: 58.066 Thread 0x00000249ee9cc030 flushing  nmethod 0x00000249d8e4f910
Event: 58.067 Thread 0x00000249ee9cc030 flushing  nmethod 0x00000249d8f07690
Event: 58.067 Thread 0x00000249ee9cc030 flushing  nmethod 0x00000249d8f10b90
Event: 58.067 Thread 0x00000249ee9cc030 flushing  nmethod 0x00000249d8f18890
Event: 58.067 Thread 0x00000249ee9cc030 flushing  nmethod 0x00000249d8f2d610
Event: 58.067 Thread 0x00000249ee9cc030 flushing  nmethod 0x00000249d8f3a790
Event: 58.067 Thread 0x00000249ee9cc030 flushing  nmethod 0x00000249d8f41e10
Event: 58.067 Thread 0x00000249ee9cc030 flushing  nmethod 0x00000249d8f71e90
Event: 58.067 Thread 0x00000249ee9cc030 flushing  nmethod 0x00000249d8f74210
Event: 58.067 Thread 0x00000249ee9cc030 flushing  nmethod 0x00000249d8f78110
Event: 58.067 Thread 0x00000249ee9cc030 flushing  nmethod 0x00000249d8f79510
Event: 58.067 Thread 0x00000249ee9cc030 flushing  nmethod 0x00000249d8f79b10
Event: 58.067 Thread 0x00000249ee9cc030 flushing  nmethod 0x00000249d8f7b590

Events (20 events):
Event: 54.513 Thread 0x00000249f8b216a0 Thread added: 0x00000249f757b4d0
Event: 54.514 Thread 0x00000249f8b216a0 Thread added: 0x00000249f7582430
Event: 54.517 Thread 0x00000249f8b216a0 Thread added: 0x00000249f757afc0
Event: 55.083 Thread 0x00000249f8b216a0 Thread added: 0x00000249f7582940
Event: 55.083 Thread 0x00000249f8b216a0 Thread added: 0x00000249f757c400
Event: 55.083 Thread 0x00000249f8b216a0 Thread added: 0x00000249f757b9e0
Event: 55.093 Thread 0x00000249f8b216a0 Thread added: 0x00000249f757c910
Event: 55.094 Thread 0x00000249f8b216a0 Thread added: 0x00000249f757ce20
Event: 55.095 Thread 0x00000249f8b216a0 Thread added: 0x00000249f757d330
Event: 55.098 Thread 0x00000249f8b216a0 Thread added: 0x00000249f6110810
Event: 55.453 Thread 0x00000249f8b216a0 Thread added: 0x00000249f610eec0
Event: 55.454 Thread 0x00000249f8b216a0 Thread added: 0x00000249f6110d20
Event: 55.454 Thread 0x00000249f8b216a0 Thread added: 0x00000249f6111c50
Event: 55.455 Thread 0x00000249f8b216a0 Thread added: 0x00000249f6112670
Event: 55.455 Thread 0x00000249f8b216a0 Thread added: 0x00000249f610e4a0
Event: 62.784 Thread 0x00000249f8b24430 Thread exited: 0x00000249f8b24430
Event: 62.784 Thread 0x00000249f8b25870 Thread exited: 0x00000249f8b25870
Event: 62.784 Thread 0x00000249f8b21190 Thread exited: 0x00000249f8b21190
Event: 64.261 Thread 0x00000249f4e4f670 Thread added: 0x00000249f6111230
Event: 64.852 Thread 0x00000249f5082fe0 Thread exited: 0x00000249f5082fe0


Dynamic libraries:
0x00007ff6554d0000 - 0x00007ff6554de000 	C:\Users\welcome\.gradle\jdks\eclipse_adoptium-17-amd64-windows.2\bin\java.exe
0x00007ffaf93b0000 - 0x00007ffaf95a8000 	C:\Windows\SYSTEM32\ntdll.dll
0x00007ffaf7c90000 - 0x00007ffaf7d52000 	C:\Windows\System32\KERNEL32.DLL
0x00007ffaf6a30000 - 0x00007ffaf6d27000 	C:\Windows\System32\KERNELBASE.dll
0x00007ffaf6d30000 - 0x00007ffaf6e30000 	C:\Windows\System32\ucrtbase.dll
0x00007ffaddfb0000 - 0x00007ffaddfc8000 	C:\Users\welcome\.gradle\jdks\eclipse_adoptium-17-amd64-windows.2\bin\jli.dll
0x00007ffaddd30000 - 0x00007ffaddd4e000 	C:\Users\welcome\.gradle\jdks\eclipse_adoptium-17-amd64-windows.2\bin\VCRUNTIME140.dll
0x00007ffaf8a50000 - 0x00007ffaf8bed000 	C:\Windows\System32\USER32.dll
0x00007ffaf7080000 - 0x00007ffaf70a2000 	C:\Windows\System32\win32u.dll
0x00007ffaf8960000 - 0x00007ffaf898b000 	C:\Windows\System32\GDI32.dll
0x00007ffadd660000 - 0x00007ffadd8fb000 	C:\Windows\WinSxS\amd64_microsoft.windows.common-controls_6595b64144ccf1df_6.0.19041.6926_none_60b5a53971f8f7e6\COMCTL32.dll
0x00007ffaf6f60000 - 0x00007ffaf707a000 	C:\Windows\System32\gdi32full.dll
0x00007ffaf9000000 - 0x00007ffaf909e000 	C:\Windows\System32\msvcrt.dll
0x00007ffaf6e30000 - 0x00007ffaf6ecd000 	C:\Windows\System32\msvcp_win.dll
0x00007ffaf8130000 - 0x00007ffaf815f000 	C:\Windows\System32\IMM32.DLL
0x00007ffae07d0000 - 0x00007ffae07dc000 	C:\Users\welcome\.gradle\jdks\eclipse_adoptium-17-amd64-windows.2\bin\vcruntime140_1.dll
0x00007ffac20a0000 - 0x00007ffac212d000 	C:\Users\welcome\.gradle\jdks\eclipse_adoptium-17-amd64-windows.2\bin\msvcp140.dll
0x00007ffa7f2b0000 - 0x00007ffa7ff1b000 	C:\Users\welcome\.gradle\jdks\eclipse_adoptium-17-amd64-windows.2\bin\server\jvm.dll
0x00007ffaf8990000 - 0x00007ffaf8a41000 	C:\Windows\System32\ADVAPI32.dll
0x00007ffaf8bf0000 - 0x00007ffaf8c8f000 	C:\Windows\System32\sechost.dll
0x00007ffaf8000000 - 0x00007ffaf8126000 	C:\Windows\System32\RPCRT4.dll
0x00007ffaf7210000 - 0x00007ffaf7237000 	C:\Windows\System32\bcrypt.dll
0x00007ffaf88f0000 - 0x00007ffaf895b000 	C:\Windows\System32\WS2_32.dll
0x00007ffaf5f40000 - 0x00007ffaf5f8b000 	C:\Windows\SYSTEM32\POWRPROF.dll
0x00007ffad9850000 - 0x00007ffad9877000 	C:\Windows\SYSTEM32\WINMM.dll
0x00007ffaec940000 - 0x00007ffaec94a000 	C:\Windows\SYSTEM32\VERSION.dll
0x00007ffaf5e00000 - 0x00007ffaf5e12000 	C:\Windows\SYSTEM32\UMPDC.dll
0x00007ffaf5250000 - 0x00007ffaf5262000 	C:\Windows\SYSTEM32\kernel.appcore.dll
0x00007ffae0260000 - 0x00007ffae026a000 	C:\Users\welcome\.gradle\jdks\eclipse_adoptium-17-amd64-windows.2\bin\jimage.dll
0x00007ffaf4610000 - 0x00007ffaf4811000 	C:\Windows\SYSTEM32\DBGHELP.DLL
0x00007ffad89c0000 - 0x00007ffad89f4000 	C:\Windows\SYSTEM32\dbgcore.DLL
0x00007ffaf6ed0000 - 0x00007ffaf6f52000 	C:\Windows\System32\bcryptPrimitives.dll
0x00007ffae0180000 - 0x00007ffae018e000 	C:\Users\welcome\.gradle\jdks\eclipse_adoptium-17-amd64-windows.2\bin\instrument.dll
0x00007ffad6a10000 - 0x00007ffad6a35000 	C:\Users\welcome\.gradle\jdks\eclipse_adoptium-17-amd64-windows.2\bin\java.dll
0x00007ffaaf3d0000 - 0x00007ffaaf4a7000 	C:\Users\welcome\.gradle\jdks\eclipse_adoptium-17-amd64-windows.2\bin\jsvml.dll
0x00007ffaf73d0000 - 0x00007ffaf7b41000 	C:\Windows\System32\SHELL32.dll
0x00007ffaf4a90000 - 0x00007ffaf5236000 	C:\Windows\SYSTEM32\windows.storage.dll
0x00007ffaf8c90000 - 0x00007ffaf8fe3000 	C:\Windows\System32\combase.dll
0x00007ffaf6460000 - 0x00007ffaf648b000 	C:\Windows\SYSTEM32\Wldp.dll
0x00007ffaf7f30000 - 0x00007ffaf7ffd000 	C:\Windows\System32\OLEAUT32.dll
0x00007ffaf9260000 - 0x00007ffaf930d000 	C:\Windows\System32\SHCORE.dll
0x00007ffaf8740000 - 0x00007ffaf879b000 	C:\Windows\System32\shlwapi.dll
0x00007ffaf6960000 - 0x00007ffaf6984000 	C:\Windows\SYSTEM32\profapi.dll
0x00007ffadad90000 - 0x00007ffadada8000 	C:\Users\welcome\.gradle\jdks\eclipse_adoptium-17-amd64-windows.2\bin\zip.dll
0x00007ffad5e30000 - 0x00007ffad5e4a000 	C:\Users\welcome\.gradle\jdks\eclipse_adoptium-17-amd64-windows.2\bin\net.dll
0x00007ffaf07f0000 - 0x00007ffaf08fa000 	C:\Windows\SYSTEM32\WINHTTP.dll
0x00007ffaf6190000 - 0x00007ffaf61fa000 	C:\Windows\system32\mswsock.dll
0x00007ffad5ae0000 - 0x00007ffad5af6000 	C:\Users\welcome\.gradle\jdks\eclipse_adoptium-17-amd64-windows.2\bin\nio.dll
0x00007ffae0150000 - 0x00007ffae0160000 	C:\Users\welcome\.gradle\jdks\eclipse_adoptium-17-amd64-windows.2\bin\verify.dll
0x00007ffadda90000 - 0x00007ffaddab7000 	C:\Users\welcome\.gradle\native\660c5614fbf4a5f2a75b1949f50a0caf5cd603558e7d8a26e50b933a0cfb79d1\windows-amd64\native-platform.dll
0x00007ffac1fe0000 - 0x00007ffac2057000 	C:\Users\welcome\.gradle\native\0.2.8\x86_64-windows-gnu\gradle-fileevents.dll
0x00007ffadac80000 - 0x00007ffadac8a000 	C:\Users\welcome\.gradle\jdks\eclipse_adoptium-17-amd64-windows.2\bin\management.dll
0x00007ffad9d80000 - 0x00007ffad9d8c000 	C:\Users\welcome\.gradle\jdks\eclipse_adoptium-17-amd64-windows.2\bin\management_ext.dll
0x00007ffaf9250000 - 0x00007ffaf9258000 	C:\Windows\System32\PSAPI.DLL
0x00007ffaf5e20000 - 0x00007ffaf5e5b000 	C:\Windows\SYSTEM32\IPHLPAPI.DLL
0x00007ffaf8ff0000 - 0x00007ffaf8ff8000 	C:\Windows\System32\NSI.dll
0x00007ffaec690000 - 0x00007ffaec6a7000 	C:\Windows\SYSTEM32\dhcpcsvc6.DLL
0x00007ffaef4a0000 - 0x00007ffaef4bd000 	C:\Windows\SYSTEM32\dhcpcsvc.DLL
0x00007ffaf5e70000 - 0x00007ffaf5f3a000 	C:\Windows\SYSTEM32\DNSAPI.dll
0x00007ffad9ce0000 - 0x00007ffad9ce9000 	C:\Users\welcome\.gradle\jdks\eclipse_adoptium-17-amd64-windows.2\bin\extnet.dll
0x00007ffaf63b0000 - 0x00007ffaf63c8000 	C:\Windows\SYSTEM32\CRYPTSP.dll
0x00007ffaf5a40000 - 0x00007ffaf5a78000 	C:\Windows\system32\rsaenh.dll
0x00007ffaf68e0000 - 0x00007ffaf690e000 	C:\Windows\SYSTEM32\USERENV.dll
0x00007ffaf63d0000 - 0x00007ffaf63dc000 	C:\Windows\SYSTEM32\CRYPTBASE.dll
0x00007ffad9c40000 - 0x00007ffad9c4e000 	C:\Users\welcome\.gradle\jdks\eclipse_adoptium-17-amd64-windows.2\bin\sunmscapi.dll
0x00007ffaf70b0000 - 0x00007ffaf720d000 	C:\Windows\System32\CRYPT32.dll
0x00007ffaf64d0000 - 0x00007ffaf64f7000 	C:\Windows\SYSTEM32\ncrypt.dll
0x00007ffaf6490000 - 0x00007ffaf64cb000 	C:\Windows\SYSTEM32\NTASN1.dll
0x00007ffaef990000 - 0x00007ffaef997000 	C:\Windows\system32\wshunix.dll

dbghelp: loaded successfully - version: 4.0.5 - missing functions: none
symbol engine: initialized successfully - sym options: 0x614 - pdb path: .;C:\Users\welcome\.gradle\jdks\eclipse_adoptium-17-amd64-windows.2\bin;C:\Windows\SYSTEM32;C:\Windows\WinSxS\amd64_microsoft.windows.common-controls_6595b64144ccf1df_6.0.19041.6926_none_60b5a53971f8f7e6;C:\Users\welcome\.gradle\jdks\eclipse_adoptium-17-amd64-windows.2\bin\server;C:\Users\welcome\.gradle\native\660c5614fbf4a5f2a75b1949f50a0caf5cd603558e7d8a26e50b933a0cfb79d1\windows-amd64;C:\Users\welcome\.gradle\native\0.2.8\x86_64-windows-gnu

VM Arguments:
jvm_args: --add-opens=java.base/java.lang=ALL-UNNAMED --add-opens=java.base/java.lang.invoke=ALL-UNNAMED --add-opens=java.base/java.util=ALL-UNNAMED --add-opens=java.prefs/java.util.prefs=ALL-UNNAMED --add-exports=jdk.compiler/com.sun.tools.javac.api=ALL-UNNAMED --add-exports=jdk.compiler/com.sun.tools.javac.util=ALL-UNNAMED --add-opens=java.base/java.util=ALL-UNNAMED --add-opens=java.prefs/java.util.prefs=ALL-UNNAMED --add-opens=java.base/java.nio.charset=ALL-UNNAMED --add-opens=java.base/java.net=ALL-UNNAMED --add-opens=java.base/java.util.concurrent=ALL-UNNAMED --add-opens=java.base/java.util.concurrent.atomic=ALL-UNNAMED --add-opens=java.xml/javax.xml.namespace=ALL-UNNAMED --add-opens=java.base/java.time=ALL-UNNAMED -Xmx2048m -Dfile.encoding=UTF-8 -Duser.country=IN -Duser.language=en -Duser.variant -javaagent:C:\Users\welcome\.gradle\wrapper\dists\gradle-9.3.1-bin\23ovyewtku6u96viwx3xl3oks\gradle-9.3.1\lib\agents\gradle-instrumentation-agent-9.3.1.jar 
java_command: org.gradle.launcher.daemon.bootstrap.GradleDaemon 9.3.1
java_class_path (initial): C:\Users\welcome\.gradle\wrapper\dists\gradle-9.3.1-bin\23ovyewtku6u96viwx3xl3oks\gradle-9.3.1\lib\gradle-daemon-main-9.3.1.jar
Launcher Type: SUN_STANDARD

[Global flags]
     intx CICompilerCount                          = 4                                         {product} {ergonomic}
     uint ConcGCThreads                            = 2                                         {product} {ergonomic}
     uint G1ConcRefinementThreads                  = 8                                         {product} {ergonomic}
   size_t G1HeapRegionSize                         = 1048576                                   {product} {ergonomic}
    uintx GCDrainStackTargetSize                   = 64                                        {product} {ergonomic}
   size_t InitialHeapSize                          = 62914560                                  {product} {ergonomic}
   size_t MarkStackSize                            = 4194304                                   {product} {ergonomic}
   size_t MaxHeapSize                              = 2147483648                                {product} {command line}
   size_t MaxNewSize                               = 1287651328                                {product} {ergonomic}
   size_t MinHeapDeltaBytes                        = 1048576                                   {product} {ergonomic}
   size_t MinHeapSize                              = 8388608                                   {product} {ergonomic}
    uintx NonNMethodCodeHeapSize                   = 5839372                                {pd product} {ergonomic}
    uintx NonProfiledCodeHeapSize                  = 122909434                              {pd product} {ergonomic}
    uintx ProfiledCodeHeapSize                     = 122909434                              {pd product} {ergonomic}
    uintx ReservedCodeCacheSize                    = 251658240                              {pd product} {ergonomic}
     bool SegmentedCodeCache                       = true                                      {product} {ergonomic}
   size_t SoftMaxHeapSize                          = 2147483648                             {manageable} {ergonomic}
     bool UseCompressedClassPointers               = true                           {product lp64_product} {ergonomic}
     bool UseCompressedOops                        = true                           {product lp64_product} {ergonomic}
     bool UseG1GC                                  = true                                      {product} {ergonomic}
     bool UseLargePagesIndividualAllocation        = false                                  {pd product} {ergonomic}

Logging:
Log output configuration:
 #0: stdout all=warning uptime,level,tags
 #1: stderr all=off uptime,level,tags

Environment Variables:
PATH=C:\Windows\system32;C:\Windows;C:\Windows\System32\Wbem;C:\Windows\System32\WindowsPowerShell\v1.0\;C:\Windows\System32\OpenSSH\;C:\Program Files\Git\cmd;C:\Program Files\nodejs\;C:\Users\welcome\AppData\Local\Microsoft\WindowsApps;C:\Users\welcome\AppData\Local\Programs\Antigravity\bin;C:\Users\welcome\AppData\Local\Programs\cursor\resources\app\bin;C:\Users\welcome\AppData\Local\Programs\Microsoft VS Code\bin;C:\Users\welcome\AppData\Roaming\npm;C:\Users\welcome\AppData\Local\Android\Sdk;;C:\Users\welcome\AppData\Local\Android\Sdk\platform-tools;
USERNAME=welcome
OS=Windows_NT
PROCESSOR_IDENTIFIER=Intel64 Family 6 Model 140 Stepping 2, GenuineIntel
TMP=C:\Users\welcome\AppData\Local\Temp
TEMP=C:\Users\welcome\AppData\Local\Temp



Periodic native trim disabled


---------------  S Y S T E M  ---------------

OS:
 Windows 10 , 64 bit Build 19041 (10.0.19041.6807)
OS uptime: 5 days 19:53 hours

CPU: total 8 (initial active 8) (4 cores per cpu, 2 threads per core) family 6 model 140 stepping 2 microcode 0x34, cx8, cmov, fxsr, ht, mmx, 3dnowpref, sse, sse2, sse3, ssse3, sse4.1, sse4.2, popcnt, lzcnt, tsc, tscinvbit, avx, avx2, aes, erms, clmul, bmi1, bmi2, adx, avx512f, avx512dq, avx512cd, avx512bw, avx512vl, sha, fma, vzeroupper, avx512_vpopcntdq, avx512_vpclmulqdq, avx512_vaes, avx512_vnni, clflush, clflushopt, clwb, avx512_vbmi2, avx512_vbmi
Processor Information for processor 0
  Max Mhz: 2496, Current Mhz: 2496, Mhz Limit: 2496
Processor Information for processor 1
  Max Mhz: 2496, Current Mhz: 2496, Mhz Limit: 2496
Processor Information for processor 2
  Max Mhz: 2496, Current Mhz: 2496, Mhz Limit: 2496
Processor Information for processor 3
  Max Mhz: 2496, Current Mhz: 998, Mhz Limit: 2496
Processor Information for processor 4
  Max Mhz: 2496, Current Mhz: 2496, Mhz Limit: 2496
Processor Information for processor 5
  Max Mhz: 2496, Current Mhz: 998, Mhz Limit: 2496
Processor Information for processor 6
  Max Mhz: 2496, Current Mhz: 2496, Mhz Limit: 2496
Processor Information for processor 7
  Max Mhz: 2496, Current Mhz: 998, Mhz Limit: 2496

Memory: 4k page, system-wide physical 3738M (58M free)
TotalPageFile size 15002M (AvailPageFile size 69M)
current process WorkingSet (physical memory assigned to process): 188M, peak: 251M
current process commit charge ("private bytes"): 582M, peak: 931M

vm_info: OpenJDK 64-Bit Server VM (17.0.18+8) for windows-amd64 JRE (17.0.18+8), built on Jan 20 2026 22:28:22 by "admin" with MS VC++ 17.12 (VS2022)

END.
